사고번호,사고일시,요일,시군구,사고내용,사망자수,중상자수,경상자수,부상신고자수,사고유형,법규위반,노면상태,기상상태,도로형태,가해운전자 차종,가해운전자 성별,가해운전자 연령,가해운전자 상해정도,피해운전자 차종,피해운전자 성별,피해운전자 연령,피해운전자 상해정도
2017012300100536,2017년 1월 23일 18시,월요일,인천광역시 부평구 구산동,경상사고,0,0,1,0,차대차 - 측면충돌,교차로운행방법위반,건조,맑음,교차로 - 교차로부근,승용,남,59세,상해없음,승용,여,52세,경상
2017012300100571,2017년 1월 23일 19시,월요일,인천광역시 남구 학익동,중상사고,0,1,0,0,차대사람 - 횡단중,보행자보호의무위반,건조,맑음,교차로 - 교차로횡단보도내,승용,남,67세,상해없음,보행자,여,19세,중상
2017012300100572,2017년 1월 23일 19시,월요일,인천광역시 남동구 간석동,중상사고,0,1,0,0,차대사람 - 횡단중,신호위반,건조,맑음,교차로 - 교차로안,화물,남,41세,상해없음,보행자,여,27세,중상
2017012300100629,2017년 1월 23일 21시,월요일,인천광역시 서구 왕길동,경상사고,0,0,2,0,차대차 - 측면충돌,교차로운행방법위반,건조,맑음,교차로 - 교차로안,승용,여,48세,경상,승용,남,41세,경상
2017012300100659,2017년 1월 23일 22시,월요일,인천광역시 남동구 구월동,경상사고,0,0,2,0,차대차 - 측면충돌,안전운전불이행,젖음/습기,맑음,교차로 - 교차로안,승용,남,36세,경상,승용,남,31세,경상
2017012300100686,2017년 1월 23일 23시,월요일,인천광역시 남구 주안동,중상사고,0,1,0,0,차대차 - 정면충돌,중앙선침범,서리/결빙,맑음,단일로 - 지하차도(도로)내,승용,남,50세,상해없음,이륜,남,53세,중상
2017012300100687,2017년 1월 23일 23시,월요일,인천광역시 계양구 효성동,경상사고,0,0,3,0,차대차 - 추돌,신호위반,건조,맑음,교차로 - 교차로부근,승용,여,26세,상해없음,승용,남,46세,경상
2017012300100688,2017년 1월 23일 23시,월요일,인천광역시 중구 신흥동3가,중상사고,0,2,0,0,차대차 - 정면충돌,중앙선침범,건조,맑음,교차로 - 교차로부근,승용,남,52세,상해없음,승용,여,22세,중상
2017012400100039,2017년 1월 24일 00시,화요일,인천광역시 부평구 산곡동,경상사고,0,0,1,0,차대차 - 기타,안전운전불이행,건조,맑음,단일로 - 기타,승합,남,56세,상해없음,승용,남,57세,경상
2017012400100081,2017년 1월 24일 05시,화요일,인천광역시 남동구 고잔동,경상사고,0,0,1,0,차대차 - 추돌,안전운전불이행,건조,맑음,단일로 - 기타,승용,남,60세,상해없음,승용,남,32세,경상
2017012400100100,2017년 1월 24일 06시,화요일,인천광역시 남동구 장수동,중상사고,0,1,2,0,차대차 - 추돌,안전거리미확보,건조,맑음,단일로 - 기타,화물,남,47세,상해없음,승용,남,55세,경상
2017012400100185,2017년 1월 24일 09시,화요일,인천광역시 남구 숭의동,중상사고,0,1,0,0,차대차 - 측면충돌,신호위반,젖음/습기,맑음,교차로 - 교차로안,승용,여,63세,상해없음,자전거,남,66세,중상
2017012400100219,2017년 1월 24일 10시,화요일,인천광역시 남구 주안동,중상사고,0,1,0,0,차대사람 - 횡단중,신호위반,건조,맑음,단일로 - 기타,승용,남,72세,상해없음,보행자,남,78세,중상
2017012400100220,2017년 1월 24일 10시,화요일,인천광역시 서구 가좌동,경상사고,0,0,1,0,차대차 - 추돌,안전운전불이행,건조,맑음,교차로 - 교차로안,승용,남,60세,상해없음,승용,남,52세,상해없음
2017012400100261,2017년 1월 24일 11시,화요일,인천광역시 남동구 간석동,경상사고,0,0,1,0,차대차 - 측면충돌,기타,서리/결빙,맑음,기타 - 기타,화물,남,56세,상해없음,승용,남,52세,경상
2017012400100300,2017년 1월 24일 12시,화요일,인천광역시 남구 학익동,경상사고,0,0,1,0,차대차 - 측면충돌,안전운전불이행,건조,맑음,교차로 - 교차로안,화물,남,72세,상해없음,승용,남,57세,경상
2017012400100301,2017년 1월 24일 12시,화요일,인천광역시 연수구 연수동,경상사고,0,0,2,0,차대차 - 추돌,안전거리미확보,건조,맑음,단일로 - 기타,화물,남,66세,상해없음,승용,남,31세,경상
2017012400100302,2017년 1월 24일 12시,화요일,인천광역시 연수구 연수동,경상사고,0,0,3,0,차대차 - 측면충돌,교차로운행방법위반,건조,맑음,교차로 - 교차로안,화물,남,32세,상해없음,승용,남,27세,경상
2017012400100340,2017년 1월 24일 13시,화요일,인천광역시 중구 운남동,경상사고,0,0,1,0,차대차 - 추돌,안전운전불이행,건조,기타,단일로 - 기타,화물,남,57세,상해없음,승용,남,70세,경상
2017012400100341,2017년 1월 24일 13시,화요일,인천광역시 남구 주안동,경상사고,0,0,2,0,차대차 - 추돌,안전운전불이행,건조,맑음,교차로 - 교차로부근,화물,남,57세,상해없음,승용,여,33세,경상
2017012400100377,2017년 1월 24일 14시,화요일,인천광역시 부평구 청천동,경상사고,0,0,3,0,차대차 - 측면충돌,안전운전불이행,건조,맑음,단일로 - 기타,승용,남,69세,상해없음,승용,남,46세,경상
2017012400100378,2017년 1월 24일 14시,화요일,인천광역시 계양구 장기동,중상사고,0,4,4,0,차대차 - 정면충돌,중앙선침범,젖음/습기,맑음,단일로 - 교량,승용,남,52세,상해없음,승용,여,45세,중상
2017012400100379,2017년 1월 24일 14시,화요일,인천광역시 계양구 동양동,중상사고,0,1,1,0,차대차 - 측면충돌,안전운전불이행,기타,기타,단일로 - 기타,화물,남,26세,상해없음,승용,남,53세,중상
2017012400100418,2017년 1월 24일 15시,화요일,인천광역시 부평구 부평동,중상사고,0,1,1,0,차대차 - 추돌,안전운전불이행,건조,맑음,교차로 - 교차로부근,승용,여,46세,상해없음,승용,여,56세,경상
2017012400100464,2017년 1월 24일 16시,화요일,인천광역시 남동구 간석동,경상사고,0,0,1,0,차대사람 - 길가장자리구역통행중,안전운전불이행,건조,맑음,단일로 - 기타,승용,여,30세,상해없음,보행자,여,63세,경상
2017012400100465,2017년 1월 24일 16시,화요일,인천광역시 서구 연희동,경상사고,0,0,1,0,차대차 - 측면충돌,안전운전불이행,건조,맑음,교차로 - 교차로부근,승용,남,32세,상해없음,승용,여,34세,경상
2017012400100466,2017년 1월 24일 16시,화요일,인천광역시 부평구 삼산동,경상사고,0,0,1,0,차대차 - 측면충돌,안전운전불이행,건조,맑음,교차로 - 교차로횡단보도내,승용,남,60세,상해없음,자전거,남,11세,경상
2017012400100557,2017년 1월 24일 18시,화요일,인천광역시 부평구 산곡동,경상사고,0,0,1,0,차대차 - 기타,안전운전불이행,건조,맑음,단일로 - 기타,승용,남,44세,상해없음,이륜,남,38세,경상
2017012400100606,2017년 1월 24일 19시,화요일,인천광역시 부평구 부평동,중상사고,0,1,1,0,차대사람 - 횡단중,안전운전불이행,건조,맑음,단일로 - 기타,화물,남,49세,상해없음,보행자,남,57세,경상
2017012400100607,2017년 1월 24일 19시,화요일,인천광역시 부평구 부평동,경상사고,0,0,1,0,차대사람 - 횡단중,신호위반,건조,맑음,단일로 - 기타,원동기,남,37세,상해없음,보행자,남,25세,경상
2017012400100653,2017년 1월 24일 20시,화요일,인천광역시 서구 가정동,중상사고,0,1,1,0,차대차 - 추돌,과속,건조,맑음,교차로 - 교차로부근,승용,남,50세,상해없음,이륜,남,40세,중상
2017012400100678,2017년 1월 24일 21시,화요일,인천광역시 남구 도화동,경상사고,0,0,1,0,차대차 - 측면충돌,안전운전불이행,건조,맑음,단일로 - 기타,승용,남,26세,상해없음,승용,남,53세,경상
2017012400100679,2017년 1월 24일 21시,화요일,인천광역시 남구 숭의동,경상사고,0,0,4,0,차대차 - 정면충돌,중앙선침범,건조,맑음,교차로 - 교차로부근,화물,남,32세,경상,승합,남,50세,경상
2017012400100680,2017년 1월 24일 21시,화요일,인천광역시 남구 주안동,경상사고,0,0,4,0,차대차 - 측면충돌,신호위반,건조,맑음,교차로 - 교차로안,승용,남,52세,상해없음,승용,남,30세,경상
2017012400100713,2017년 1월 24일 22시,화요일,인천광역시 서구 마전동,중상사고,0,1,4,1,차대차 - 측면충돌,신호위반,건조,맑음,교차로 - 교차로안,승용,남,30세,경상,승용,여,55세,중상
2017012400100742,2017년 1월 24일 23시,화요일,인천광역시 남동구 간석동,경상사고,0,0,2,0,차대차 - 추돌,안전운전불이행,건조,맑음,교차로 - 교차로부근,승용,남,51세,상해없음,승용,남,44세,상해없음
2017012400100743,2017년 1월 24일 23시,화요일,인천광역시 부평구 부평동,경상사고,0,0,1,0,차대차 - 추돌,안전운전불이행,건조,맑음,교차로 - 교차로부근,승용,남,29세,상해없음,승용,남,43세,경상
2017012500100063,2017년 1월 25일 02시,수요일,인천광역시 계양구 용종동,경상사고,0,0,1,0,차대사람 - 기타,기타,건조,맑음,단일로 - 기타,승용,남,48세,상해없음,보행자,남,28세,경상
2017012500100081,2017년 1월 25일 04시,수요일,인천광역시 서구 가좌동,사망사고,2,0,0,0,차대사람 - 횡단중,보행자보호의무위반,건조,맑음,교차로 - 교차로횡단보도내,승용,남,29세,상해없음,보행자,남,41세,사망
2017012500100088,2017년 1월 25일 05시,수요일,인천광역시 중구 운서동,경상사고,0,0,2,0,차량단독 - 전도전복 - 전도,안전운전불이행,서리/결빙,맑음,단일로 - 기타,승용,남,58세,경상,,,,
2017012500100129,2017년 1월 25일 07시,수요일,인천광역시 계양구 계산동,중상사고,0,1,0,0,차대사람 - 횡단중,안전운전불이행,건조,맑음,교차로 - 교차로안,승용,남,36세,상해없음,보행자,여,64세,중상
2017012500100171,2017년 1월 25일 08시,수요일,인천광역시 중구 운서동,경상사고,0,0,3,0,차대차 - 측면충돌,중앙선침범,서리/결빙,맑음,단일로 - 기타,승용,남,36세,경상,승용,남,29세,경상
2017012500100214,2017년 1월 25일 09시,수요일,인천광역시 남동구 구월동,경상사고,0,0,2,0,차대차 - 측면충돌,안전운전불이행,젖음/습기,맑음,단일로 - 기타,승용,여,65세,상해없음,승용,여,53세,상해없음
2017012500100216,2017년 1월 25일 09시,수요일,인천광역시 남동구 남촌동,경상사고,0,0,1,0,차대차 - 추돌,안전거리미확보,젖음/습기,흐림,단일로 - 고가도로위,승용,남,60세,상해없음,승용,남,42세,경상
2017012500100245,2017년 1월 25일 10시,수요일,인천광역시 서구 심곡동,경상사고,0,0,2,0,차대차 - 측면충돌,안전운전불이행,건조,맑음,교차로 - 교차로안,승용,남,30세,상해없음,승용,남,64세,경상
2017012500100354,2017년 1월 25일 13시,수요일,인천광역시 서구 왕길동,경상사고,0,0,1,0,차대차 - 측면충돌,안전운전불이행,건조,맑음,교차로 - 교차로안,건설기계,남,53세,상해없음,이륜,남,43세,경상
2017012500100391,2017년 1월 25일 14시,수요일,인천광역시 중구 신흥동3가,경상사고,0,0,2,0,차대차 - 측면충돌,안전운전불이행,건조,맑음,단일로 - 기타,화물,남,46세,경상,화물,남,57세,경상
2017012500100434,2017년 1월 25일 15시,수요일,인천광역시 남구 학익동,경상사고,0,0,1,0,차량단독 - 기타,기타,건조,맑음,기타 - 기타,승합,남,54세,상해없음,,,,
2017012500100525,2017년 1월 25일 17시,수요일,인천광역시 남동구 구월동,경상사고,0,0,2,0,차대차 - 추돌,안전운전불이행,건조,맑음,교차로 - 교차로부근,승용,여,41세,상해없음,승용,남,70세,경상
2017012500100526,2017년 1월 25일 17시,수요일,인천광역시 남동구 장수동,경상사고,0,0,3,0,차대차 - 측면충돌,안전운전불이행,건조,맑음,단일로 - 기타,승용,남,76세,경상,이륜,남,51세,경상
2017012500100584,2017년 1월 25일 18시,수요일,인천광역시 서구 왕길동,중상사고,0,1,1,0,차대차 - 추돌,안전운전불이행,서리/결빙,맑음,교차로 - 교차로부근,승용,남,55세,상해없음,승용,남,35세,경상
2017012500100585,2017년 1월 25일 18시,수요일,인천광역시 계양구 상야동,경상사고,0,0,1,0,차대사람 - 횡단중,안전운전불이행,건조,맑음,단일로 - 기타,화물,남,39세,상해없음,보행자,여,42세,경상
2017012500100645,2017년 1월 25일 19시,수요일,인천광역시 부평구 산곡동,경상사고,0,0,1,0,차대차 - 추돌,안전운전불이행,서리/결빙,흐림,단일로 - 기타,승용,남,31세,상해없음,승용,남,28세,경상
2017012500100646,2017년 1월 25일 19시,수요일,인천광역시 남동구 구월동,중상사고,0,1,1,0,차대차 - 측면충돌,안전운전불이행,건조,맑음,교차로 - 교차로안,승용,남,61세,상해없음,승용,남,52세,경상
2017012500100647,2017년 1월 25일 19시,수요일,인천광역시 연수구 연수동,중상사고,0,1,0,0,차대차 - 측면충돌,안전거리미확보,건조,맑음,교차로 - 교차로안,승용,여,45세,상해없음,이륜,남,30세,중상
2017012500100648,2017년 1월 25일 19시,수요일,인천광역시 부평구 부평동,경상사고,0,0,1,0,차대차 - 측면충돌,안전운전불이행,건조,맑음,교차로 - 교차로부근,화물,남,57세,상해없음,이륜,남,16세,경상
2017012500100692,2017년 1월 25일 20시,수요일,인천광역시 남동구 간석동,중상사고,0,1,0,0,차대사람 - 횡단중,안전운전불이행,건조,맑음,교차로 - 교차로안,승용,남,60세,상해없음,보행자,남,50세,중상
2017012500100759,2017년 1월 25일 22시,수요일,인천광역시 계양구 계산동,경상사고,0,0,1,0,차대사람 - 길가장자리구역통행중,안전운전불이행,서리/결빙,눈,단일로 - 기타,화물,남,29세,상해없음,보행자,남,33세,경상
2017012500100789,2017년 1월 25일 23시,수요일,인천광역시 남구 주안동,부상신고사고,0,0,0,1,차대차 - 정면충돌,안전운전불이행,건조,맑음,교차로 - 교차로안,승용,남,21세,상해없음,원동기,남,28세,부상신고
2017012500100790,2017년 1월 25일 23시,수요일,인천광역시 계양구 효성동,경상사고,0,0,1,0,차대차 - 추돌,안전운전불이행,젖음/습기,맑음,단일로 - 기타,승용,남,57세,상해없음,승용,남,60세,상해없음
2017012600100056,2017년 1월 26일 01시,목요일,인천광역시 부평구 십정동,경상사고,0,0,1,0,차대차 - 기타,안전운전불이행,건조,맑음,단일로 - 기타,화물,남,30세,상해없음,승용,남,60세,경상
2017012600100084,2017년 1월 26일 04시,목요일,인천광역시 계양구 갈현동,경상사고,0,0,1,0,차대차 - 측면충돌,교차로운행방법위반,서리/결빙,눈,교차로 - 교차로안,승용,남,38세,상해없음,건설기계,남,42세,경상
2017012600100094,2017년 1월 26일 05시,목요일,인천광역시 서구 가정동,경상사고,0,0,1,0,차대차 - 추돌,안전운전불이행,건조,맑음,단일로 - 기타,승용,남,62세,상해없음,승용,남,52세,경상
2017012600100112,2017년 1월 26일 06시,목요일,인천광역시 남구 도화동,경상사고,0,0,1,0,차대차 - 기타,차로위반,건조,맑음,단일로 - 기타,승용,남,52세,상해없음,승용,여,47세,경상
2017012600100113,2017년 1월 26일 06시,목요일,인천광역시 남동구 구월동,중상사고,0,1,0,0,차대차 - 측면충돌,안전운전불이행,건조,맑음,교차로 - 교차로부근,승용,남,47세,상해없음,승용,남,33세,상해없음
2017012600100134,2017년 1월 26일 07시,목요일,인천광역시 남구 학익동,중상사고,0,1,1,0,차대차 - 측면충돌,안전운전불이행,젖음/습기,맑음,단일로 - 기타,화물,남,51세,상해없음,승용,남,40세,중상
2017012600100236,2017년 1월 26일 10시,목요일,인천광역시 부평구 십정동,중상사고,0,1,3,0,차대차 - 추돌,안전운전불이행,건조,맑음,단일로 - 기타,승용,남,30세,상해없음,승용,남,56세,경상
2017012600100273,2017년 1월 26일 11시,목요일,인천광역시 서구 가정동,중상사고,0,1,0,0,차대차 - 추돌,안전운전불이행,젖음/습기,맑음,교차로 - 교차로부근,승용,남,36세,상해없음,승용,남,56세,상해없음
2017012600100411,2017년 1월 26일 14시,목요일,인천광역시 연수구 선학동,중상사고,0,1,0,0,차대사람 - 횡단중,보행자보호의무위반,건조,맑음,교차로 - 교차로횡단보도내,승용,여,50세,상해없음,보행자,남,80세,중상
2017012600100412,2017년 1월 26일 14시,목요일,인천광역시 부평구 구산동,중상사고,0,1,0,0,차대차 - 추돌,안전거리미확보,건조,흐림,단일로 - 기타,화물,남,45세,상해없음,승용,남,53세,중상
2017012600100464,2017년 1월 26일 15시,목요일,인천광역시 남동구 만수동,중상사고,0,1,0,0,차대차 - 측면충돌,안전거리미확보,건조,맑음,단일로 - 기타,승용,남,53세,상해없음,이륜,남,53세,중상
2017012600100465,2017년 1월 26일 15시,목요일,인천광역시 서구 연희동,경상사고,0,0,1,0,차대차 - 측면충돌,신호위반,건조,맑음,교차로 - 교차로안,승용,남,60세,상해없음,승용,남,56세,경상
2017012600100511,2017년 1월 26일 16시,목요일,인천광역시 남구 주안동,경상사고,0,0,2,0,차대차 - 측면충돌,신호위반,건조,맑음,단일로 - 기타,승용,남,50세,상해없음,승용,남,69세,경상
2017012600100512,2017년 1월 26일 16시,목요일,인천광역시 서구 연희동,경상사고,0,0,1,0,차대사람 - 횡단중,안전운전불이행,건조,맑음,단일로 - 기타,승용,여,57세,상해없음,보행자,남,24세,경상
2017012600100513,2017년 1월 26일 16시,목요일,인천광역시 계양구 작전동,중상사고,0,1,0,0,차대차 - 기타,안전운전불이행,건조,맑음,교차로 - 교차로부근,승용,여,51세,상해없음,승합,남,57세,상해없음
2017012600100558,2017년 1월 26일 17시,목요일,인천광역시 서구 금곡동,경상사고,0,0,2,0,차대차 - 추돌,안전운전불이행,건조,맑음,단일로 - 기타,승용,남,30세,상해없음,승용,남,25세,경상
2017012600100559,2017년 1월 26일 17시,목요일,인천광역시 서구 가정동,중상사고,0,1,0,0,차대차 - 측면충돌,안전운전불이행,건조,흐림,단일로 - 기타,승용,남,58세,상해없음,승용,여,55세,중상
2017012600100614,2017년 1월 26일 18시,목요일,인천광역시 부평구 십정동,경상사고,0,0,1,0,차대차 - 측면충돌,차로위반,건조,맑음,단일로 - 기타,승용,남,24세,상해없음,승용,남,62세,상해없음
2017012600100615,2017년 1월 26일 18시,목요일,인천광역시 남동구 구월동,경상사고,0,0,1,0,차대차 - 측면충돌,안전운전불이행,건조,맑음,교차로 - 교차로안,승용,여,25세,상해없음,승용,여,29세,경상
2017012600100616,2017년 1월 26일 18시,목요일,인천광역시 서구 검암동,중상사고,0,1,0,0,차대사람 - 횡단중,안전운전불이행,건조,맑음,단일로 - 기타,승용,남,40세,상해없음,보행자,남,53세,중상
2017012600100671,2017년 1월 26일 19시,목요일,인천광역시 부평구 부평동,경상사고,0,0,1,0,차대차 - 추돌,안전운전불이행,건조,맑음,단일로 - 기타,승용,여,54세,상해없음,승용,남,35세,경상
2017012600100765,2017년 1월 26일 21시,목요일,인천광역시 남동구 구월동,경상사고,0,0,2,0,차대차 - 추돌,안전운전불이행,건조,맑음,단일로 - 기타,승용,남,45세,경상,화물,남,33세,경상
2017012600100792,2017년 1월 26일 22시,목요일,인천광역시 강화군 강화읍,중상사고,0,1,0,0,차대사람 - 횡단중,신호위반,건조,맑음,단일로 - 기타,승용,여,55세,상해없음,보행자,여,18세,중상
2017012600100823,2017년 1월 26일 23시,목요일,인천광역시 남동구 만수동,중상사고,0,1,2,0,차대차 - 추돌,안전운전불이행,건조,맑음,단일로 - 기타,승용,남,43세,상해없음,승용,남,60세,중상
2017012600100824,2017년 1월 26일 23시,목요일,인천광역시 서구 왕길동,경상사고,0,0,1,0,차대차 - 측면충돌,안전운전불이행,건조,맑음,단일로 - 기타,승용,남,28세,상해없음,승용,남,34세,경상
2017012600100825,2017년 1월 26일 23시,목요일,인천광역시 계양구 계산동,중상사고,0,4,0,0,차대차 - 측면충돌,안전운전불이행,젖음/습기,비,주차장 - 주차장,화물,남,56세,상해없음,승용,여,49세,중상
2017012700100037,2017년 1월 27일 00시,금요일,인천광역시 남동구 구월동,경상사고,0,0,3,0,차대차 - 측면충돌,차로위반,젖음/습기,비,단일로 - 기타,승용,남,43세,상해없음,승용,남,56세,경상
2017012700100038,2017년 1월 27일 00시,금요일,인천광역시 남동구 간석동,경상사고,0,0,3,0,차대차 - 측면충돌,안전운전불이행,젖음/습기,비,교차로 - 교차로안,승용,남,29세,상해없음,승용,남,55세,경상
2017012700100064,2017년 1월 27일 01시,금요일,인천광역시 부평구 십정동,경상사고,0,0,2,0,차대차 - 추돌,안전거리미확보,젖음/습기,비,단일로 - 기타,화물,남,62세,상해없음,승용,남,59세,경상
2017012700100065,2017년 1월 27일 01시,금요일,인천광역시 남동구 만수동,경상사고,0,0,2,0,차대차 - 측면충돌,신호위반,젖음/습기,비,교차로 - 교차로안,승용,남,51세,상해없음,승용,남,22세,경상
2017012700100080,2017년 1월 27일 02시,금요일,인천광역시 남동구 남촌동,경상사고,0,0,3,0,차대차 - 측면충돌,안전운전불이행,건조,맑음,단일로 - 기타,승용,남,27세,상해없음,승용,남,53세,경상
2017012700100115,2017년 1월 27일 05시,금요일,인천광역시 계양구 동양동,중상사고,0,1,0,0,차대차 - 기타,안전운전불이행,건조,맑음,단일로 - 기타,승용,남,28세,상해없음,승용,남,53세,중상
2017012700100142,2017년 1월 27일 07시,금요일,인천광역시 남동구 수산동,중상사고,0,1,0,0,차대차 - 추돌,신호위반,건조,맑음,교차로 - 교차로안,승용,여,35세,상해없음,승용,여,55세,중상
2017012700100149,2017년 1월 27일 08시,금요일,인천광역시 부평구 청천동,부상신고사고,0,0,0,1,차대차 - 측면충돌,교차로운행방법위반,건조,맑음,교차로 - 교차로안,승용,남,63세,상해없음,승합,남,45세,부상신고
2017012700100184,2017년 1월 27일 10시,금요일,인천광역시 남동구 간석동,경상사고,0,0,1,0,차대차 - 기타,안전운전불이행,건조,맑음,교차로 - 교차로안,승용,남,30세,경상,승용,여,54세,상해없음
2017012700100269,2017년 1월 27일 13시,금요일,인천광역시 남동구 구월동,경상사고,0,0,1,0,차대차 - 측면충돌,신호위반,건조,맑음,교차로 - 교차로안,원동기,남,17세,상해없음,승용,여,34세,경상
2017012700100331,2017년 1월 27일 16시,금요일,인천광역시 동구 송림동,경상사고,0,0,1,0,차대차 - 추돌,안전운전불이행,건조,맑음,단일로 - 기타,승용,남,44세,상해없음,승용,남,35세,상해없음
2017012700100332,2017년 1월 27일 16시,금요일,인천광역시 남구 용현동,중상사고,0,3,1,0,차대차 - 추돌,안전운전불이행,건조,맑음,단일로 - 기타,승용,남,78세,기타불명,승용,남,39세,경상
2017012700100333,2017년 1월 27일 16시,금요일,인천광역시 부평구 산곡동,경상사고,0,0,3,0,차대차 - 추돌,안전운전불이행,건조,맑음,단일로 - 기타,승용,남,44세,상해없음,승용,남,36세,경상
2017012700100359,2017년 1월 27일 17시,금요일,인천광역시 동구 송현동,중상사고,0,1,0,0,차대사람 - 횡단중,보행자보호의무위반,건조,맑음,교차로 - 교차로횡단보도내,승용,여,56세,상해없음,보행자,여,70세,중상
2017012700100373,2017년 1월 27일 18시,금요일,인천광역시 남구 숭의동,경상사고,0,0,2,0,차대차 - 측면충돌,차로위반,건조,맑음,교차로 - 교차로부근,승용,남,56세,상해없음,승용,남,47세,경상
2017012700100423,2017년 1월 27일 20시,금요일,인천광역시 남구 용현동,중상사고,0,1,0,0,차대차 - 측면충돌,안전운전불이행,건조,맑음,단일로 - 기타,승용,남,49세,상해없음,승용,남,44세,중상
2017012700100424,2017년 1월 27일 20시,금요일,인천광역시 서구 가정동,경상사고,0,0,1,0,차대차 - 기타,불법유턴,건조,맑음,교차로 - 교차로안,승용,남,25세,상해없음,승용,여,45세,경상
2017012700100457,2017년 1월 27일 22시,금요일,인천광역시 남동구 고잔동,경상사고,0,0,2,0,차대차 - 측면충돌,안전운전불이행,건조,맑음,기타 - 기타,승용,남,38세,상해없음,승용,남,35세,경상
2017012700100472,2017년 1월 27일 23시,금요일,인천광역시 남구 학익동,중상사고,0,1,2,0,차대차 - 추돌,안전운전불이행,건조,맑음,단일로 - 기타,승용,남,30세,상해없음,승용,남,34세,중상
2017012800100100,2017년 1월 28일 10시,토요일,인천광역시 서구 당하동,경상사고,0,0,1,0,차대사람 - 횡단중,안전운전불이행,건조,맑음,단일로 - 기타,승용,남,55세,상해없음,보행자,여,50세,경상
2017012800100180,2017년 1월 28일 14시,토요일,인천광역시 서구 가정동,경상사고,0,0,1,0,차량단독 - 기타,안전운전불이행,건조,맑음,단일로 - 기타,승합,남,48세,상해없음,,,,
2017012800100181,2017년 1월 28일 14시,토요일,인천광역시 계양구 작전동,중상사고,0,1,0,0,차대차 - 측면충돌,신호위반,건조,맑음,교차로 - 교차로안,승용,여,46세,상해없음,승용,남,58세,중상
2017012800100227,2017년 1월 28일 17시,토요일,인천광역시 중구 덕교동,경상사고,0,0,1,0,차대사람 - 횡단중,안전운전불이행,젖음/습기,맑음,단일로 - 기타,승용,여,62세,상해없음,보행자,여,58세,경상
2017012800100228,2017년 1월 28일 17시,토요일,인천광역시 남동구 구월동,경상사고,0,0,1,0,차대차 - 측면충돌,안전운전불이행,건조,맑음,기타 - 기타,승용,여,45세,상해없음,승합,남,37세,경상
2017012800100249,2017년 1월 28일 18시,토요일,인천광역시 중구 운서동,경상사고,0,0,5,0,차대차 - 추돌,교차로운행방법위반,건조,맑음,교차로 - 교차로안,승용,여,26세,경상,승용,남,51세,경상
2017012800100278,2017년 1월 28일 19시,토요일,인천광역시 강화군 강화읍,중상사고,0,1,0,0,차대사람 - 횡단중,안전운전불이행,건조,맑음,단일로 - 기타,승용,남,57세,상해없음,보행자,남,56세,중상
2017012800100315,2017년 1월 28일 21시,토요일,인천광역시 서구 신현동,중상사고,0,1,0,1,차대차 - 추돌,안전운전불이행,건조,맑음,교차로 - 교차로부근,승용,남,39세,상해없음,승용,남,47세,중상
2017012900100045,2017년 1월 29일 03시,일요일,인천광역시 남구 도화동,경상사고,0,0,2,0,차대차 - 추돌,안전운전불이행,건조,맑음,교차로 - 교차로부근,승용,남,20세,상해없음,승용,남,48세,경상
2017012900100046,2017년 1월 29일 03시,일요일,인천광역시 부평구 부평동,중상사고,0,1,0,0,차대사람 - 길가장자리구역통행중,신호위반,건조,맑음,교차로 - 교차로안,승용,남,30세,상해없음,보행자,여,30세,중상
2017012900100064,2017년 1월 29일 05시,일요일,인천광역시 부평구 부평동,경상사고,0,0,2,0,차대차 - 측면충돌,신호위반,건조,맑음,교차로 - 교차로안,승용,남,23세,상해없음,승용,남,51세,경상
2017012900100065,2017년 1월 29일 05시,일요일,인천광역시 서구 연희동,중상사고,0,1,0,0,차대사람 - 횡단중,안전운전불이행,건조,맑음,단일로 - 기타,승용,남,62세,상해없음,보행자,남,74세,중상
2017012900100066,2017년 1월 29일 05시,일요일,인천광역시 계양구 계산동,중상사고,0,1,2,0,차대차 - 추돌,안전운전불이행,건조,맑음,교차로 - 교차로안,승용,남,38세,상해없음,승합,남,35세,중상
2017012900100182,2017년 1월 29일 15시,일요일,인천광역시 중구 운서동,경상사고,0,0,2,0,차대차 - 추돌,안전거리미확보,젖음/습기,비,단일로 - 기타,승용,남,48세,상해없음,승용,남,44세,경상
2017012900100201,2017년 1월 29일 16시,일요일,인천광역시 남구 숭의동,경상사고,0,0,1,0,차대차 - 측면충돌,안전운전불이행,젖음/습기,눈,교차로 - 교차로안,승용,여,41세,상해없음,이륜,남,37세,경상
2017012900100225,2017년 1월 29일 17시,일요일,인천광역시 서구 마전동,경상사고,0,0,2,0,차대차 - 추돌,안전운전불이행,건조,맑음,교차로 - 교차로부근,화물,남,56세,상해없음,승용,남,40세,상해없음
2017012900100251,2017년 1월 29일 18시,일요일,인천광역시 계양구 작전동,경상사고,0,0,1,0,차대사람 - 횡단중,안전운전불이행,젖음/습기,눈,교차로 - 교차로횡단보도내,승용,여,54세,상해없음,보행자,남,13세,경상
2017012900100312,2017년 1월 29일 21시,일요일,인천광역시 중구 운남동,경상사고,0,0,2,0,차대차 - 측면충돌,안전운전불이행,적설,눈,단일로 - 기타,승용,남,70세,상해없음,승용,남,34세,경상