사고번호,사고일시,요일,시군구,사고내용,사망자수,중상자수,경상자수,부상신고자수,사고유형,법규위반,노면상태,기상상태,도로형태,가해운전자 차종,가해운전자 성별,가해운전자 연령,가해운전자 상해정도,피해운전자 차종,피해운전자 성별,피해운전자 연령,피해운전자 상해정도
2017012900100313,2017년 1월 29일 21시,일요일,인천광역시 계양구 작전동,부상신고사고,0,0,0,1,차대사람 - 횡단중,안전운전불이행,적설,눈,교차로 - 교차로안,승용,남,26세,상해없음,보행자,남,53세,부상신고
2017012900100338,2017년 1월 29일 22시,일요일,인천광역시 남구 주안동,경상사고,0,0,4,0,차대차 - 추돌,안전운전불이행,적설,눈,단일로 - 기타,승용,여,60세,상해없음,승용,남,39세,경상
2017012900100339,2017년 1월 29일 22시,일요일,인천광역시 서구 당하동,중상사고,0,1,0,0,차대사람 - 횡단중,안전운전불이행,건조,맑음,단일로 - 기타,승용,남,60세,상해없음,보행자,남,52세,중상
2017013000100024,2017년 1월 30일 00시,월요일,인천광역시 동구 송림동,경상사고,0,0,1,0,차량단독 - 공작물충돌,과속,서리/결빙,눈,교차로 - 교차로부근,승용,남,62세,상해없음,,,,
2017013000100065,2017년 1월 30일 04시,월요일,인천광역시 남구 주안동,경상사고,0,0,1,0,차대사람 - 기타,안전운전불이행,건조,맑음,교차로 - 교차로부근,승용,남,26세,상해없음,보행자,여,20세,경상
2017013000100066,2017년 1월 30일 04시,월요일,인천광역시 남동구 만수동,경상사고,0,0,2,0,차대차 - 정면충돌,중앙선침범,건조,맑음,교차로 - 교차로안,승용,남,58세,상해없음,승용,남,31세,경상
2017013000100095,2017년 1월 30일 08시,월요일,인천광역시 서구 오류동,중상사고,0,2,0,0,차대차 - 측면충돌,안전운전불이행,서리/결빙,맑음,교차로 - 교차로안,승용,여,28세,중상,승용,여,58세,중상
2017013000100130,2017년 1월 30일 11시,월요일,인천광역시 연수구 연수동,경상사고,0,0,2,0,차대차 - 추돌,안전운전불이행,서리/결빙,맑음,단일로 - 기타,승용,여,42세,상해없음,승용,여,50세,경상
2017013000100154,2017년 1월 30일 12시,월요일,인천광역시 남구 주안동,경상사고,0,0,2,0,차대차 - 측면충돌,안전거리미확보,건조,맑음,단일로 - 기타,승용,남,39세,상해없음,승용,남,67세,상해없음
2017013000100155,2017년 1월 30일 12시,월요일,인천광역시 부평구 산곡동,경상사고,0,0,1,0,차대차 - 측면충돌,안전거리미확보,서리/결빙,맑음,단일로 - 기타,승용,남,42세,상해없음,승용,남,64세,경상
2017013000100156,2017년 1월 30일 12시,월요일,인천광역시 남동구 만수동,경상사고,0,0,1,0,차대사람 - 횡단중,안전운전불이행,건조,맑음,기타 - 기타,승합,남,50세,기타불명,보행자,여,79세,경상
2017013000100157,2017년 1월 30일 12시,월요일,인천광역시 남동구 간석동,중상사고,0,1,0,0,차대차 - 기타,교차로운행방법위반,건조,맑음,교차로 - 교차로안,승용,남,31세,상해없음,승합,남,60세,상해없음
2017013000100158,2017년 1월 30일 12시,월요일,인천광역시 서구 연희동,중상사고,0,1,0,0,차대차 - 측면충돌,중앙선침범,건조,맑음,단일로 - 기타,승용,남,72세,상해없음,이륜,남,29세,중상
2017013000100224,2017년 1월 30일 15시,월요일,인천광역시 계양구 계산동,경상사고,0,0,3,0,차대차 - 측면충돌,차로위반,건조,맑음,기타 - 기타,승용,남,25세,상해없음,승용,여,46세,경상
2017013000100287,2017년 1월 30일 18시,월요일,인천광역시 남동구 만수동,경상사고,0,0,2,0,차대차 - 측면충돌,중앙선침범,서리/결빙,맑음,단일로 - 기타,이륜,남,20세,경상,승용,여,43세,경상
2017013000100381,2017년 1월 30일 23시,월요일,인천광역시 부평구 청천동,경상사고,0,0,1,0,차대차 - 측면충돌,교차로운행방법위반,건조,맑음,교차로 - 교차로안,승용,남,39세,상해없음,승용,남,67세,상해없음
2017013000100382,2017년 1월 30일 23시,월요일,인천광역시 부평구 부평동,경상사고,0,0,1,0,차대차 - 측면충돌,안전운전불이행,건조,맑음,단일로 - 기타,승합,남,56세,상해없음,승용,남,46세,상해없음
2017013000100383,2017년 1월 30일 23시,월요일,인천광역시 남동구 논현동,중상사고,0,1,1,0,차대차 - 추돌,안전운전불이행,건조,맑음,교차로 - 교차로부근,승용,여,55세,상해없음,승용,남,51세,경상
2017013100100035,2017년 1월 31일 01시,화요일,인천광역시 서구 연희동,경상사고,0,0,1,0,차대사람 - 차도통행중,안전운전불이행,젖음/습기,맑음,단일로 - 기타,승용,남,37세,상해없음,보행자,남,35세,경상
2017013100100036,2017년 1월 31일 01시,화요일,인천광역시 연수구 청학동,경상사고,0,0,1,0,차대차 - 측면충돌,교차로운행방법위반,건조,맑음,교차로 - 교차로안,승용,남,59세,상해없음,승용,여,61세,경상
2017013100100058,2017년 1월 31일 05시,화요일,인천광역시 남동구 구월동,중상사고,0,2,1,0,차대차 - 측면충돌,신호위반,건조,맑음,교차로 - 교차로안,승용,남,23세,중상,승용,남,39세,중상
2017013100100116,2017년 1월 31일 09시,화요일,인천광역시 남구 관교동,경상사고,0,0,1,0,차대사람 - 횡단중,보행자보호의무위반,건조,맑음,단일로 - 기타,승용,남,60세,상해없음,보행자,여,54세,경상
2017013100100136,2017년 1월 31일 10시,화요일,인천광역시 남동구 남촌동,경상사고,0,0,2,0,차대차 - 정면충돌,안전운전불이행,서리/결빙,맑음,단일로 - 기타,화물,남,27세,경상,승합,남,41세,경상
2017013100100159,2017년 1월 31일 11시,화요일,인천광역시 부평구 산곡동,경상사고,0,0,1,0,차대사람 - 횡단중,중앙선침범,건조,맑음,기타 - 기타,자전거,남,29세,상해없음,보행자,여,44세,경상
2017013100100160,2017년 1월 31일 11시,화요일,인천광역시 남동구 남촌동,중상사고,0,1,0,0,차대사람 - 횡단중,신호위반,건조,맑음,교차로 - 교차로부근,승용,남,28세,상해없음,보행자,여,8세,중상
2017013100100236,2017년 1월 31일 14시,화요일,인천광역시 남구 학익동,경상사고,0,0,1,0,차대사람 - 차도통행중,안전운전불이행,건조,맑음,교차로 - 교차로안,승용,남,51세,상해없음,보행자,남,70세,경상
2017013100100237,2017년 1월 31일 14시,화요일,인천광역시 남구 학익동,경상사고,0,0,1,0,차대차 - 기타,안전운전불이행,서리/결빙,맑음,교차로 - 교차로부근,승용,남,27세,상해없음,승용,남,34세,경상
2017013100100238,2017년 1월 31일 14시,화요일,인천광역시 서구 가좌동,경상사고,0,0,3,0,차대차 - 측면충돌,신호위반,건조,맑음,교차로 - 교차로안,승용,남,25세,상해없음,승용,남,52세,경상
2017013100100239,2017년 1월 31일 14시,화요일,인천광역시 부평구 구산동,중상사고,0,2,1,0,차대차 - 측면충돌,신호위반,건조,맑음,단일로 - 기타,화물,남,68세,경상,승용,남,41세,중상
2017013100100240,2017년 1월 31일 14시,화요일,인천광역시 부평구 구산동,경상사고,0,0,1,0,차대차 - 측면충돌,안전운전불이행,건조,맑음,교차로 - 교차로안,승용,남,48세,상해없음,승용,남,24세,경상
2017013100100278,2017년 1월 31일 15시,화요일,인천광역시 부평구 부평동,부상신고사고,0,0,0,1,차대차 - 기타,안전운전불이행,기타,기타,단일로 - 기타,이륜,남,18세,기타불명,승합,남,64세,기타불명
2017013100100279,2017년 1월 31일 15시,화요일,인천광역시 서구 오류동,경상사고,0,0,1,0,차대차 - 측면충돌,신호위반,건조,맑음,교차로 - 교차로안,승용,남,35세,상해없음,승용,남,26세,경상
2017013100100311,2017년 1월 31일 16시,화요일,인천광역시 서구 가좌동,경상사고,0,0,2,0,차대차 - 측면충돌,안전운전불이행,건조,맑음,교차로 - 교차로안,기타불명,기타불명,미분류,기타불명,승합,남,53세,상해없음
2017013100100367,2017년 1월 31일 18시,화요일,인천광역시 부평구 삼산동,중상사고,0,1,0,0,차대차 - 측면충돌,안전운전불이행,건조,맑음,교차로 - 교차로안,승용,남,32세,상해없음,승용,여,40세,중상
2017013100100411,2017년 1월 31일 20시,화요일,인천광역시 남구 숭의동,경상사고,0,0,2,0,차대차 - 측면충돌,안전운전불이행,건조,맑음,교차로 - 교차로안,승용,남,45세,상해없음,승용,남,47세,경상
2017013100100439,2017년 1월 31일 21시,화요일,인천광역시 남구 주안동,경상사고,0,0,2,0,차대차 - 측면충돌,신호위반,건조,맑음,단일로 - 기타,승용,남,21세,상해없음,승용,남,34세,경상
2017013100100440,2017년 1월 31일 21시,화요일,인천광역시 계양구 작전동,경상사고,0,0,2,0,차대차 - 추돌,안전운전불이행,젖음/습기,맑음,단일로 - 기타,승용,남,34세,상해없음,승용,남,33세,경상
2017013100100441,2017년 1월 31일 21시,화요일,인천광역시 계양구 작전동,경상사고,0,0,2,0,차대차 - 측면충돌,신호위반,젖음/습기,맑음,교차로 - 교차로안,승용,남,60세,상해없음,승용,남,28세,경상
2017013100100462,2017년 1월 31일 22시,화요일,인천광역시 남동구 장수동,경상사고,0,0,1,0,차대차 - 측면충돌,안전운전불이행,건조,맑음,단일로 - 고가도로위,승용,남,52세,상해없음,승용,남,41세,경상
2017013100100463,2017년 1월 31일 22시,화요일,인천광역시 남동구 간석동,경상사고,0,0,1,0,차대차 - 측면충돌,안전운전불이행,건조,맑음,단일로 - 기타,승용,남,26세,상해없음,승용,남,34세,상해없음
2017013100100464,2017년 1월 31일 22시,화요일,인천광역시 남동구 남촌동,경상사고,0,0,2,0,차대차 - 측면충돌,안전거리미확보,건조,맑음,단일로 - 교량,승용,남,35세,상해없음,승용,남,53세,경상
2017020100100019,2017년 2월 1일 00시,수요일,인천광역시 계양구 효성동,경상사고,0,0,1,1,차대차 - 측면충돌,신호위반,건조,맑음,교차로 - 교차로안,승용,남,44세,상해없음,승용,남,44세,경상
2017020100100062,2017년 2월 1일 05시,수요일,인천광역시 서구 왕길동,중상사고,0,1,0,0,차대차 - 측면충돌,신호위반,건조,맑음,교차로 - 교차로안,승용,남,28세,상해없음,승용,여,48세,중상
2017020100100149,2017년 2월 1일 10시,수요일,인천광역시 부평구 부평동,경상사고,0,0,1,0,차대차 - 추돌,안전운전불이행,젖음/습기,맑음,교차로 - 교차로부근,건설기계,남,33세,상해없음,원동기,남,62세,경상
2017020100100150,2017년 2월 1일 10시,수요일,인천광역시 남동구 고잔동,경상사고,0,0,1,0,차대차 - 추돌,안전운전불이행,건조,맑음,교차로 - 교차로부근,화물,남,26세,상해없음,승용,남,34세,경상
2017020100100170,2017년 2월 1일 11시,수요일,인천광역시 부평구 부평동,경상사고,0,0,1,0,차대차 - 측면충돌,안전운전불이행,건조,맑음,교차로 - 교차로부근,자전거,남,73세,경상,승용,남,64세,상해없음
2017020100100171,2017년 2월 1일 11시,수요일,인천광역시 부평구 청천동,경상사고,0,0,1,0,차대차 - 측면충돌,안전운전불이행,건조,맑음,단일로 - 기타,화물,남,24세,상해없음,자전거,여,50세,경상
2017020100100212,2017년 2월 1일 13시,수요일,인천광역시 서구 가좌동,경상사고,0,0,1,0,차대사람 - 횡단중,안전운전불이행,건조,맑음,단일로 - 기타,이륜,남,47세,상해없음,보행자,남,19세,경상
2017020100100273,2017년 2월 1일 15시,수요일,인천광역시 부평구 청천동,경상사고,0,0,1,0,차대차 - 추돌,안전운전불이행,건조,맑음,단일로 - 기타,승용,남,48세,상해없음,승용,남,31세,경상
2017020100100274,2017년 2월 1일 15시,수요일,인천광역시 남동구 논현동,사망사고,1,0,0,2,차대차 - 추돌,안전운전불이행,건조,맑음,단일로 - 기타,화물,남,32세,상해없음,화물,남,57세,상해없음
2017020100100311,2017년 2월 1일 16시,수요일,인천광역시 남구 용현동,중상사고,0,3,2,0,차대차 - 추돌,안전운전불이행,건조,맑음,단일로 - 기타,승용,남,53세,상해없음,승용,여,32세,중상
2017020100100375,2017년 2월 1일 18시,수요일,인천광역시 남구 주안동,경상사고,0,0,1,0,차대사람 - 횡단중,안전운전불이행,건조,맑음,기타 - 기타,승용,여,28세,상해없음,보행자,여,21세,경상
2017020100100376,2017년 2월 1일 18시,수요일,인천광역시 서구 경서동,중상사고,0,1,1,0,차대차 - 측면충돌,신호위반,건조,맑음,교차로 - 교차로안,화물,남,29세,경상,승용,여,59세,중상
2017020100100377,2017년 2월 1일 18시,수요일,인천광역시 서구 가좌동,경상사고,0,0,1,0,차대차 - 측면충돌,안전운전불이행,건조,맑음,단일로 - 기타,승용,남,53세,상해없음,화물,남,27세,경상
2017020100100378,2017년 2월 1일 18시,수요일,인천광역시 서구 가좌동,경상사고,0,0,1,0,차대차 - 추돌,안전운전불이행,건조,맑음,주차장 - 주차장,승용,남,24세,상해없음,승용,남,30세,경상
2017020100100408,2017년 2월 1일 19시,수요일,인천광역시 남구 주안동,중상사고,0,1,0,0,차대차 - 정면충돌,신호위반,건조,맑음,교차로 - 교차로부근,승용,남,50세,상해없음,승용,남,26세,중상
2017020100100409,2017년 2월 1일 19시,수요일,인천광역시 부평구 청천동,경상사고,0,0,1,0,차대차 - 측면충돌,안전운전불이행,건조,맑음,단일로 - 기타,승용,남,56세,상해없음,화물,남,18세,경상
2017020100100445,2017년 2월 1일 21시,수요일,인천광역시 남구 숭의동,경상사고,0,0,1,0,차대차 - 측면충돌,안전운전불이행,서리/결빙,흐림,단일로 - 기타,승용,여,40세,상해없음,승용,남,40세,경상
2017020100100446,2017년 2월 1일 21시,수요일,인천광역시 서구 석남동,중상사고,0,1,0,0,차대차 - 측면충돌,중앙선침범,건조,맑음,교차로 - 교차로부근,승용,남,57세,상해없음,이륜,남,19세,중상
2017020100100460,2017년 2월 1일 22시,수요일,인천광역시 남동구 도림동,경상사고,0,0,1,0,차대사람 - 차도통행중,안전운전불이행,건조,맑음,교차로 - 교차로안,승용,남,39세,상해없음,보행자,남,81세,경상
2017020100100476,2017년 2월 1일 23시,수요일,인천광역시 계양구 작전동,중상사고,0,1,0,0,차대사람 - 횡단중,신호위반,건조,맑음,교차로 - 교차로부근,화물,남,45세,상해없음,보행자,남,48세,중상
2017020100100477,2017년 2월 1일 23시,수요일,인천광역시 연수구 송도동,중상사고,0,1,0,0,차대차 - 추돌,신호위반,건조,맑음,단일로 - 기타,승용,남,37세,상해없음,원동기,남,46세,중상
2017020200100024,2017년 2월 2일 00시,목요일,인천광역시 남동구 논현동,중상사고,0,1,0,0,차대차 - 추돌,안전운전불이행,젖음/습기,맑음,단일로 - 기타,승용,남,36세,상해없음,승용,남,57세,중상
2017020200100054,2017년 2월 2일 05시,목요일,인천광역시 서구 연희동,경상사고,0,0,1,0,차대차 - 추돌,안전운전불이행,건조,맑음,교차로 - 교차로부근,승용,남,49세,상해없음,승합,남,67세,경상
2017020200100055,2017년 2월 2일 05시,목요일,인천광역시 서구 검암동,경상사고,0,0,1,0,차대차 - 측면충돌,안전운전불이행,건조,맑음,단일로 - 기타,승용,여,42세,상해없음,승합,남,52세,경상
2017020200100081,2017년 2월 2일 07시,목요일,인천광역시 남구 숭의동,중상사고,0,1,0,0,차대사람 - 횡단중,신호위반,건조,맑음,교차로 - 교차로횡단보도내,승용,남,32세,상해없음,보행자,여,77세,중상
2017020200100174,2017년 2월 2일 11시,목요일,인천광역시 연수구 송도동,중상사고,0,1,0,1,차대차 - 측면충돌,신호위반,건조,맑음,교차로 - 교차로안,승용,남,29세,상해없음,승용,남,53세,중상
2017020200100192,2017년 2월 2일 12시,목요일,인천광역시 중구 항동7가,경상사고,0,0,1,0,차대차 - 측면충돌,안전운전불이행,건조,맑음,단일로 - 기타,승용,남,38세,상해없음,화물,남,30세,상해없음
2017020200100219,2017년 2월 2일 13시,목요일,인천광역시 연수구 동춘동,경상사고,0,0,1,0,차대차 - 측면충돌,안전운전불이행,건조,맑음,단일로 - 기타,승용,여,45세,상해없음,건설기계,남,54세,경상
2017020200100220,2017년 2월 2일 13시,목요일,인천광역시 남동구 남촌동,중상사고,0,1,1,0,차대차 - 추돌,안전운전불이행,건조,맑음,단일로 - 기타,승용,여,45세,상해없음,승합,여,29세,경상
2017020200100247,2017년 2월 2일 14시,목요일,인천광역시 남동구 만수동,중상사고,0,1,0,0,차대사람 - 기타,안전운전불이행,건조,맑음,기타 - 기타,승용,여,40세,상해없음,보행자,남,70세,중상
2017020200100268,2017년 2월 2일 15시,목요일,인천광역시 남동구 구월동,경상사고,0,0,2,0,차대차 - 추돌,안전운전불이행,건조,맑음,단일로 - 기타,승용,여,58세,상해없음,승용,남,35세,경상
2017020200100269,2017년 2월 2일 15시,목요일,인천광역시 서구 연희동,경상사고,0,0,2,0,차대차 - 측면충돌,안전운전불이행,건조,맑음,단일로 - 기타,승용,여,49세,상해없음,승용,여,32세,경상
2017020200100302,2017년 2월 2일 16시,목요일,인천광역시 서구 마전동,경상사고,0,0,2,0,차대사람 - 기타,기타,건조,맑음,교차로 - 교차로부근,승합,남,62세,상해없음,보행자,여,49세,경상
2017020200100330,2017년 2월 2일 17시,목요일,인천광역시 남구 주안동,경상사고,0,0,1,0,차대차 - 후진중충돌,안전운전불이행,건조,맑음,단일로 - 기타,승용,남,34세,상해없음,승용,남,57세,경상
2017020200100378,2017년 2월 2일 18시,목요일,인천광역시 서구 가정동,중상사고,0,1,0,0,차대사람 - 횡단중,안전운전불이행,건조,맑음,단일로 - 기타,승용,여,27세,상해없음,보행자,여,90세 이상,중상
2017020200100408,2017년 2월 2일 19시,목요일,인천광역시 부평구 청천동,중상사고,0,1,0,0,차대차 - 추돌,안전거리미확보,건조,맑음,단일로 - 기타,승합,여,34세,상해없음,이륜,남,61세,중상
2017020200100437,2017년 2월 2일 20시,목요일,인천광역시 서구 석남동,중상사고,0,1,0,0,차대사람 - 횡단중,안전운전불이행,건조,맑음,단일로 - 기타,승합,여,51세,상해없음,보행자,여,59세,중상
2017020200100438,2017년 2월 2일 20시,목요일,인천광역시 서구 연희동,경상사고,0,0,1,0,차대사람 - 횡단중,안전운전불이행,서리/결빙,맑음,단일로 - 기타,승합,남,42세,상해없음,보행자,남,56세,경상
2017020200100462,2017년 2월 2일 21시,목요일,인천광역시 남구 주안동,경상사고,0,0,1,0,차대차 - 측면충돌,안전운전불이행,건조,맑음,기타 - 기타,승용,남,47세,기타불명,승용,남,48세,경상
2017020200100463,2017년 2월 2일 21시,목요일,인천광역시 부평구 청천동,중상사고,0,1,0,0,차대차 - 측면충돌,안전운전불이행,건조,맑음,교차로 - 교차로부근,승용,남,39세,상해없음,원동기,남,21세,중상
2017020200100464,2017년 2월 2일 21시,목요일,인천광역시 서구 마전동,중상사고,0,1,2,0,차대차 - 측면충돌,중앙선침범,젖음/습기,맑음,교차로 - 교차로부근,승용,여,27세,경상,이륜,남,20세,중상
2017020200100486,2017년 2월 2일 22시,목요일,인천광역시 서구 검암동,경상사고,0,0,2,0,차대차 - 측면충돌,중앙선침범,건조,맑음,단일로 - 기타,승용,남,44세,상해없음,승용,남,33세,경상
2017020200100487,2017년 2월 2일 22시,목요일,인천광역시 부평구 부평동,경상사고,0,0,1,0,차대차 - 측면충돌,불법유턴,건조,맑음,단일로 - 기타,자전거,여,59세,경상,원동기,남,33세,상해없음
2017020200100506,2017년 2월 2일 23시,목요일,인천광역시 남구 학익동,경상사고,0,0,1,0,차대차 - 추돌,안전운전불이행,건조,맑음,단일로 - 기타,승용,남,36세,상해없음,승용,여,45세,경상
2017020200100507,2017년 2월 2일 23시,목요일,인천광역시 남구 학익동,경상사고,0,0,2,0,차대차 - 기타,안전운전불이행,건조,맑음,단일로 - 기타,화물,남,50세,상해없음,화물,남,50세,경상
2017020300100034,2017년 2월 3일 00시,금요일,인천광역시 남동구 논현동,중상사고,0,1,0,0,차대사람 - 차도통행중,안전운전불이행,건조,맑음,기타 - 기타,승용,남,63세,상해없음,보행자,남,30세,중상
2017020300100045,2017년 2월 3일 01시,금요일,인천광역시 부평구 부평동,경상사고,0,0,1,0,차대차 - 기타,신호위반,건조,맑음,교차로 - 교차로부근,승용,남,68세,상해없음,원동기,남,16세,경상
2017020300100046,2017년 2월 3일 01시,금요일,인천광역시 남동구 만수동,중상사고,0,2,1,0,차대차 - 측면충돌,신호위반,건조,맑음,교차로 - 교차로안,승용,남,30세,상해없음,승용,남,65세,중상
2017020300100056,2017년 2월 3일 02시,금요일,인천광역시 부평구 부평동,경상사고,0,0,1,0,차대사람 - 횡단중,신호위반,건조,맑음,단일로 - 기타,승용,남,32세,상해없음,보행자,남,26세,경상
2017020300100067,2017년 2월 3일 03시,금요일,인천광역시 남동구 간석동,경상사고,0,0,1,1,차대차 - 측면충돌,신호위반,건조,맑음,교차로 - 교차로안,승용,여,29세,상해없음,승용,남,24세,경상
2017020300100095,2017년 2월 3일 06시,금요일,인천광역시 남구 용현동,경상사고,0,0,1,0,차대차 - 측면충돌,신호위반,건조,맑음,교차로 - 교차로안,특수,남,54세,상해없음,승용,남,36세,경상
2017020300100145,2017년 2월 3일 08시,금요일,인천광역시 남동구 구월동,경상사고,0,0,1,0,차대차 - 측면충돌,교차로운행방법위반,건조,맑음,교차로 - 교차로안,승용,남,42세,상해없음,승용,남,26세,경상
2017020300100146,2017년 2월 3일 08시,금요일,인천광역시 부평구 구산동,중상사고,0,1,0,0,차대차 - 추돌,안전거리미확보,건조,맑음,단일로 - 기타,승합,남,62세,상해없음,승합,남,55세,상해없음
2017020300100177,2017년 2월 3일 09시,금요일,인천광역시 남동구 고잔동,경상사고,0,0,1,0,차대차 - 측면충돌,차로위반,건조,맑음,단일로 - 기타,화물,남,61세,상해없음,승용,남,30세,경상
2017020300100237,2017년 2월 3일 12시,금요일,인천광역시 강화군 강화읍,중상사고,0,1,0,0,차대사람 - 횡단중,안전운전불이행,건조,맑음,단일로 - 기타,승용,남,31세,상해없음,보행자,여,70세,중상
2017020300100260,2017년 2월 3일 13시,금요일,인천광역시 강화군 불은면,사망사고,1,0,0,0,차대사람 - 횡단중,안전운전불이행,건조,맑음,단일로 - 기타,화물,남,42세,상해없음,보행자,남,79세,사망
2017020300100338,2017년 2월 3일 16시,금요일,인천광역시 남동구 수산동,경상사고,0,0,3,0,차대차 - 정면충돌,신호위반,건조,맑음,교차로 - 교차로안,화물,남,70세,경상,승합,남,58세,경상
2017020300100339,2017년 2월 3일 16시,금요일,인천광역시 계양구 작전동,경상사고,0,0,1,0,차대차 - 후진중충돌,안전운전불이행,건조,맑음,교차로 - 교차로부근,승용,여,57세,상해없음,승용,여,42세,경상
2017020300100373,2017년 2월 3일 17시,금요일,인천광역시 부평구 산곡동,경상사고,0,0,2,0,차대차 - 추돌,안전운전불이행,건조,맑음,단일로 - 기타,승용,남,55세,상해없음,승용,남,51세,경상
2017020300100374,2017년 2월 3일 17시,금요일,인천광역시 연수구 옥련동,중상사고,0,1,0,0,차대차 - 측면충돌,교차로운행방법위반,건조,맑음,교차로 - 교차로안,승용,여,54세,상해없음,원동기,여,60세,중상
2017020300100403,2017년 2월 3일 18시,금요일,인천광역시 서구 왕길동,중상사고,0,1,0,0,차대차 - 정면충돌,중앙선침범,건조,흐림,기타 - 기타,승합,남,37세,상해없음,승용,남,25세,중상
2017020300100404,2017년 2월 3일 18시,금요일,인천광역시 서구 원창동,경상사고,0,0,2,0,차대차 - 측면충돌,안전운전불이행,건조,맑음,교차로 - 교차로부근,승용,남,56세,상해없음,화물,남,52세,경상
2017020300100405,2017년 2월 3일 18시,금요일,인천광역시 서구 마전동,중상사고,0,1,2,0,차대차 - 측면충돌,신호위반,건조,맑음,교차로 - 교차로안,건설기계,남,48세,상해없음,승용,여,47세,중상
2017020300100449,2017년 2월 3일 19시,금요일,인천광역시 남동구 구월동,경상사고,0,0,2,0,차대차 - 측면충돌,신호위반,건조,흐림,교차로 - 교차로안,승용,남,39세,상해없음,승용,남,39세,경상
2017020300100450,2017년 2월 3일 19시,금요일,인천광역시 계양구 서운동,경상사고,0,0,1,0,차대사람 - 횡단중,보행자보호의무위반,건조,맑음,교차로 - 교차로횡단보도내,원동기,남,40세,상해없음,보행자,여,61세,경상
2017020300100451,2017년 2월 3일 19시,금요일,인천광역시 연수구 동춘동,경상사고,0,0,2,0,차대차 - 추돌,안전운전불이행,건조,맑음,교차로 - 교차로부근,승용,남,54세,상해없음,승용,남,29세,경상
2017020300100479,2017년 2월 3일 20시,금요일,인천광역시 남동구 수산동,경상사고,0,0,2,0,차대차 - 추돌,안전운전불이행,건조,맑음,단일로 - 기타,승용,남,54세,상해없음,승용,남,41세,경상
2017020300100480,2017년 2월 3일 20시,금요일,인천광역시 남동구 만수동,경상사고,0,0,1,0,차대차 - 측면충돌,안전운전불이행,건조,맑음,교차로 - 교차로횡단보도내,승용,남,35세,상해없음,이륜,남,24세,경상
2017020300100481,2017년 2월 3일 20시,금요일,인천광역시 서구 경서동,중상사고,0,1,0,0,차대차 - 측면충돌,안전운전불이행,건조,맑음,교차로 - 교차로안,승용,남,41세,상해없음,이륜,남,16세,중상
2017020300100482,2017년 2월 3일 20시,금요일,인천광역시 연수구 송도동,중상사고,0,2,0,0,차대차 - 측면충돌,신호위반,건조,맑음,교차로 - 교차로안,승용,남,51세,상해없음,승용,남,35세,중상
2017020300100507,2017년 2월 3일 21시,금요일,인천광역시 연수구 송도동,중상사고,0,1,1,0,차대차 - 추돌,안전운전불이행,건조,맑음,단일로 - 기타,승용,남,34세,상해없음,승용,남,38세,경상
2017020300100508,2017년 2월 3일 21시,금요일,인천광역시 연수구 동춘동,경상사고,0,0,1,1,차대차 - 추돌,안전운전불이행,건조,맑음,교차로 - 교차로부근,승용,남,62세,상해없음,승용,남,58세,경상
2017020300100537,2017년 2월 3일 22시,금요일,인천광역시 남동구 구월동,경상사고,0,0,1,0,차대차 - 측면충돌,신호위반,건조,맑음,교차로 - 교차로안,승합,남,45세,상해없음,승용,남,26세,경상
2017020300100567,2017년 2월 3일 23시,금요일,인천광역시 부평구 부평동,경상사고,0,0,1,0,차대차 - 추돌,안전운전불이행,건조,맑음,단일로 - 기타,승용,남,43세,상해없음,승용,남,43세,경상
2017020400100042,2017년 2월 4일 01시,토요일,인천광역시 남동구 간석동,경상사고,0,0,2,0,차대차 - 측면충돌,안전운전불이행,건조,맑음,교차로 - 교차로부근,승용,남,29세,상해없음,승용,남,61세,경상
2017020400100072,2017년 2월 4일 03시,토요일,인천광역시 남동구 논현동,중상사고,0,1,0,0,차대사람 - 횡단중,보행자보호의무위반,건조,맑음,교차로 - 교차로안,승용,여,42세,상해없음,보행자,남,63세,중상
2017020400100085,2017년 2월 4일 04시,토요일,인천광역시 서구 가좌동,중상사고,0,1,2,1,차대차 - 기타,과속,건조,맑음,단일로 - 기타,승용,남,26세,상해없음,승용,남,58세,중상
2017020400100097,2017년 2월 4일 05시,토요일,인천광역시 남구 도화동,경상사고,0,0,1,0,차대사람 - 횡단중,안전운전불이행,건조,맑음,교차로 - 교차로횡단보도내,기타불명,기타불명,미분류,기타불명,보행자,여,56세,경상
2017020400100112,2017년 2월 4일 06시,토요일,인천광역시 서구 가좌동,중상사고,0,1,0,0,차대사람 - 횡단중,신호위반,건조,맑음,교차로 - 교차로안,승용,남,66세,상해없음,보행자,여,59세,중상
2017020400100126,2017년 2월 4일 07시,토요일,인천광역시 남동구 간석동,중상사고,0,1,0,0,차대차 - 측면충돌,신호위반,건조,맑음,교차로 - 교차로안,승용,여,37세,상해없음,승용,남,52세,중상
2017020400100127,2017년 2월 4일 07시,토요일,인천광역시 연수구 동춘동,경상사고,0,0,1,0,차대차 - 기타,신호위반,건조,맑음,교차로 - 교차로안,건설기계,남,55세,상해없음,승용,남,30세,경상
2017020400100146,2017년 2월 4일 08시,토요일,인천광역시 남구 학익동,경상사고,0,0,1,0,차대차 - 측면충돌,안전거리미확보,건조,맑음,교차로 - 교차로안,건설기계,남,58세,상해없음,승용,남,36세,경상