사고번호,사고일시,요일,시군구,사고내용,사망자수,중상자수,경상자수,부상신고자수,사고유형,법규위반,노면상태,기상상태,도로형태,가해운전자 차종,가해운전자 성별,가해운전자 연령,가해운전자 상해정도,피해운전자 차종,피해운전자 성별,피해운전자 연령,피해운전자 상해정도
2017021000100453,2017년 2월 10일 19시,금요일,인천광역시 서구 가좌동,경상사고,0,0,1,0,차대차 - 추돌,안전운전불이행,건조,맑음,교차로 - 교차로부근,승용,남,48세,상해없음,승용,남,26세,경상
2017021000100532,2017년 2월 10일 21시,금요일,인천광역시 연수구 청학동,중상사고,0,1,1,0,차대차 - 추돌,안전운전불이행,건조,맑음,교차로 - 교차로부근,승용,남,37세,상해없음,승용,남,53세,중상
2017021000100563,2017년 2월 10일 22시,금요일,인천광역시 남동구 구월동,중상사고,0,1,0,0,차대차 - 추돌,안전운전불이행,건조,맑음,기타 - 기타,승용,남,34세,상해없음,승용,여,58세,중상
2017021000100564,2017년 2월 10일 22시,금요일,인천광역시 계양구 서운동,경상사고,0,0,3,0,차대차 - 추돌,안전운전불이행,건조,맑음,단일로 - 기타,승용,여,56세,상해없음,승용,남,64세,경상
2017021000100593,2017년 2월 10일 23시,금요일,인천광역시 남구 문학동,경상사고,0,0,2,0,차대차 - 측면충돌,기타,기타,기타,기타 - 기타,승용,남,32세,상해없음,승용,남,44세,경상
2017021100100030,2017년 2월 11일 00시,토요일,인천광역시 연수구 송도동,중상사고,0,1,1,0,차대차 - 추돌,안전운전불이행,건조,맑음,단일로 - 기타,승용,남,31세,상해없음,승용,남,33세,경상
2017021100100031,2017년 2월 11일 00시,토요일,인천광역시 부평구 삼산동,경상사고,0,0,6,0,차대차 - 추돌,안전운전불이행,건조,맑음,단일로 - 기타,승용,남,36세,기타불명,승용,남,56세,경상
2017021100100079,2017년 2월 11일 03시,토요일,인천광역시 남구 주안동,경상사고,0,0,1,0,차대사람 - 횡단중,기타,기타,기타,기타 - 기타,승용,남,53세,상해없음,보행자,남,16세,경상
2017021100100092,2017년 2월 11일 04시,토요일,인천광역시 서구 마전동,경상사고,0,0,2,0,차대차 - 추돌,안전운전불이행,건조,맑음,교차로 - 교차로부근,화물,여,50세,상해없음,승용,여,54세,경상
2017021100100111,2017년 2월 11일 06시,토요일,인천광역시 동구 송림동,중상사고,0,1,0,0,차대차 - 측면충돌,신호위반,건조,맑음,교차로 - 교차로안,승용,남,28세,상해없음,승용,여,49세,중상
2017021100100248,2017년 2월 11일 12시,토요일,인천광역시 남구 주안동,경상사고,0,0,4,0,차대차 - 추돌,안전운전불이행,건조,맑음,교차로 - 교차로부근,화물,남,38세,상해없음,승용,남,28세,경상
2017021100100282,2017년 2월 11일 13시,토요일,인천광역시 남동구 간석동,중상사고,0,1,0,0,차량단독 - 전도전복,안전운전불이행,건조,맑음,단일로 - 기타,승합,남,53세,상해없음,미분류,미분류,미분류,미분류
2017021100100283,2017년 2월 11일 13시,토요일,인천광역시 남동구 구월동,경상사고,0,0,2,0,차대차 - 추돌,안전운전불이행,건조,맑음,단일로 - 기타,승용,남,53세,상해없음,이륜,남,58세,경상
2017021100100312,2017년 2월 11일 14시,토요일,인천광역시 남구 숭의동,중상사고,0,1,0,0,차대사람 - 횡단중,보행자보호의무위반,건조,맑음,교차로 - 교차로횡단보도내,승용,남,20세,상해없음,보행자,남,79세,중상
2017021100100313,2017년 2월 11일 14시,토요일,인천광역시 남구 주안동,경상사고,0,0,1,0,차대차 - 기타,안전운전불이행,건조,맑음,단일로 - 기타,승용,여,43세,상해없음,승용,남,31세,경상
2017021100100314,2017년 2월 11일 14시,토요일,인천광역시 연수구 연수동,중상사고,0,1,0,0,차대사람 - 횡단중,보행자보호의무위반,건조,맑음,교차로 - 교차로횡단보도내,승용,남,56세,상해없음,보행자,남,40세,중상
2017021100100430,2017년 2월 11일 18시,토요일,인천광역시 서구 신현동,경상사고,0,0,1,0,차대차 - 측면충돌,안전운전불이행,건조,맑음,단일로 - 기타,승합,남,47세,상해없음,승용,남,55세,기타불명
2017021100100431,2017년 2월 11일 18시,토요일,인천광역시 서구 불로동,경상사고,0,0,3,0,차대차 - 측면충돌,안전운전불이행,건조,맑음,단일로 - 기타,승용,여,46세,경상,승용,남,59세,경상
2017021100100499,2017년 2월 11일 20시,토요일,인천광역시 부평구 청천동,경상사고,0,0,1,0,차대차 - 측면충돌,안전운전불이행,건조,맑음,단일로 - 기타,승용,남,70세,상해없음,승용,남,31세,경상
2017021100100500,2017년 2월 11일 20시,토요일,인천광역시 남동구 구월동,중상사고,0,1,2,0,차대차 - 측면충돌,신호위반,건조,맑음,교차로 - 교차로안,승용,남,49세,상해없음,승용,여,30세,경상
2017021100100501,2017년 2월 11일 20시,토요일,인천광역시 남동구 논현동,경상사고,0,0,1,1,차대차 - 추돌,안전운전불이행,건조,맑음,교차로 - 교차로부근,기타불명,기타불명,미분류,기타불명,승용,남,54세,부상신고
2017021100100502,2017년 2월 11일 20시,토요일,인천광역시 서구 왕길동,경상사고,0,0,1,0,차대사람 - 차도통행중,안전운전불이행,건조,맑음,단일로 - 기타,승용,남,47세,상해없음,보행자,남,38세,경상
2017021100100503,2017년 2월 11일 20시,토요일,인천광역시 연수구 청학동,경상사고,0,0,1,0,차대사람 - 횡단중,안전운전불이행,건조,맑음,교차로 - 교차로부근,승용,남,66세,상해없음,보행자,여,55세,경상
2017021100100523,2017년 2월 11일 21시,토요일,인천광역시 남동구 간석동,중상사고,0,1,2,0,차대차 - 정면충돌,안전운전불이행,건조,맑음,단일로 - 기타,승용,남,25세,상해없음,승용,남,40세,경상
2017021100100552,2017년 2월 11일 22시,토요일,인천광역시 동구 송림동,중상사고,0,1,0,0,차대사람 - 횡단중,신호위반,건조,기타,교차로 - 교차로안,이륜,남,16세,상해없음,보행자,여,67세,중상
2017021100100553,2017년 2월 11일 22시,토요일,인천광역시 서구 원창동,중상사고,0,2,0,0,차대차 - 측면충돌,신호위반,건조,맑음,교차로 - 교차로안,승용,남,30세,상해없음,승용,여,44세,중상
2017021100100554,2017년 2월 11일 22시,토요일,인천광역시 계양구 계산동,중상사고,0,1,1,0,차대차 - 측면충돌,중앙선침범,건조,맑음,단일로 - 기타,승용,남,25세,상해없음,승용,남,32세,경상
2017021200100020,2017년 2월 12일 00시,일요일,인천광역시 남동구 구월동,중상사고,0,1,0,0,차대사람 - 횡단중,안전운전불이행,건조,맑음,단일로 - 기타,승용,남,69세,상해없음,보행자,남,26세,중상
2017021200100021,2017년 2월 12일 00시,일요일,인천광역시 서구 가정동,경상사고,0,0,1,0,차대차 - 측면충돌,안전운전불이행,건조,맑음,교차로 - 교차로안,승용,남,24세,상해없음,승용,남,57세,상해없음
2017021200100038,2017년 2월 12일 01시,일요일,인천광역시 서구 가좌동,중상사고,0,1,0,0,차대사람 - 길가장자리구역통행중,안전운전불이행,건조,맑음,단일로 - 기타,승용,남,37세,상해없음,보행자,남,50세,중상
2017021200100039,2017년 2월 12일 01시,일요일,인천광역시 서구 석남동,사망사고,1,0,0,0,차대차 - 추돌,안전운전불이행,건조,맑음,교차로 - 교차로부근,승용,남,26세,상해없음,이륜,남,41세,사망
2017021200100065,2017년 2월 12일 03시,일요일,인천광역시 남구 용현동,경상사고,0,0,1,0,차대차 - 추돌,안전운전불이행,건조,맑음,교차로 - 교차로부근,화물,남,47세,상해없음,승용,여,31세,경상
2017021200100072,2017년 2월 12일 04시,일요일,인천광역시 계양구 작전동,경상사고,0,0,1,0,차대차 - 측면충돌,안전운전불이행,건조,맑음,교차로 - 교차로부근,승용,남,22세,상해없음,승용,남,29세,기타불명
2017021200100096,2017년 2월 12일 06시,일요일,인천광역시 중구 송월동1가,중상사고,0,1,2,0,차대차 - 측면충돌,안전운전불이행,건조,맑음,단일로 - 기타,승용,남,20세,상해없음,승용,여,47세,경상
2017021200100106,2017년 2월 12일 07시,일요일,인천광역시 계양구 계산동,중상사고,0,1,0,0,차대사람 - 횡단중,신호위반,건조,맑음,단일로 - 기타,승용,남,27세,상해없음,보행자,남,60세,중상
2017021200100142,2017년 2월 12일 09시,일요일,인천광역시 서구 가좌동,중상사고,0,1,0,0,차대차 - 정면충돌,안전운전불이행,건조,맑음,단일로 - 기타,화물,남,70세,중상,승용,남,49세,상해없음
2017021200100178,2017년 2월 12일 11시,일요일,인천광역시 계양구 계산동,중상사고,0,1,1,0,차대차 - 측면충돌,신호위반,건조,맑음,교차로 - 교차로안,승용,남,24세,경상,이륜,남,22세,중상
2017021200100237,2017년 2월 12일 14시,일요일,인천광역시 부평구 부평동,경상사고,0,0,2,0,차대차 - 기타,안전운전불이행,건조,맑음,단일로 - 기타,승용,남,55세,상해없음,승용,여,49세,경상
2017021200100238,2017년 2월 12일 14시,일요일,인천광역시 남동구 고잔동,중상사고,0,2,0,0,차대차 - 추돌,안전운전불이행,건조,맑음,단일로 - 기타,승용,여,35세,중상,화물,남,54세,기타불명
2017021200100239,2017년 2월 12일 14시,일요일,인천광역시 남구 관교동,경상사고,0,0,2,0,차대차 - 측면충돌,안전운전불이행,건조,맑음,단일로 - 기타,승합,여,63세,기타불명,승용,여,50세,경상
2017021200100319,2017년 2월 12일 18시,일요일,인천광역시 서구 석남동,경상사고,0,0,1,0,차대사람 - 횡단중,안전운전불이행,건조,맑음,단일로 - 기타,승용,남,28세,상해없음,보행자,남,46세,경상
2017021200100349,2017년 2월 12일 19시,일요일,인천광역시 동구 송림동,중상사고,0,1,0,0,차대차 - 측면충돌,안전운전불이행,건조,맑음,기타 - 기타,승용,남,50세,상해없음,이륜,남,30세,중상
2017021200100350,2017년 2월 12일 19시,일요일,인천광역시 남구 주안동,경상사고,0,0,1,0,차대사람 - 횡단중,안전운전불이행,건조,맑음,기타 - 기타,기타불명,기타불명,미분류,기타불명,보행자,여,14세,경상
2017021200100351,2017년 2월 12일 19시,일요일,인천광역시 서구 가좌동,중상사고,0,1,0,0,차대차 - 추돌,안전운전불이행,건조,맑음,단일로 - 기타,승용,남,57세,상해없음,승용,남,64세,중상
2017021200100376,2017년 2월 12일 20시,일요일,인천광역시 부평구 부평동,중상사고,0,1,1,0,차대차 - 추돌,안전운전불이행,젖음/습기,맑음,단일로 - 기타,승용,남,53세,상해없음,승용,남,54세,경상
2017021200100377,2017년 2월 12일 20시,일요일,인천광역시 서구 백석동,경상사고,0,0,1,0,차대차 - 추돌,안전운전불이행,건조,맑음,단일로 - 기타,승용,남,23세,상해없음,승용,여,34세,상해없음
2017021200100421,2017년 2월 12일 22시,일요일,인천광역시 강화군 강화읍,경상사고,0,0,1,0,차대차 - 측면충돌,안전운전불이행,건조,맑음,단일로 - 기타,승용,남,59세,상해없음,승용,남,40세,상해없음
2017021300100026,2017년 2월 13일 00시,월요일,인천광역시 연수구 청학동,경상사고,0,0,5,0,차대차 - 측면충돌,안전운전불이행,건조,맑음,교차로 - 교차로안,승용,남,37세,상해없음,승용,남,19세,경상
2017021300100054,2017년 2월 13일 05시,월요일,인천광역시 남동구 논현동,경상사고,0,0,2,0,차대차 - 측면충돌,신호위반,건조,맑음,교차로 - 교차로안,승용,남,61세,경상,승용,남,52세,경상
2017021300100126,2017년 2월 13일 08시,월요일,인천광역시 남동구 논현동,부상신고사고,0,0,0,1,차대차 - 기타,안전운전불이행,건조,맑음,교차로 - 교차로횡단보도내,기타불명,기타불명,미분류,기타불명,자전거,여,54세,부상신고
2017021300100127,2017년 2월 13일 08시,월요일,인천광역시 서구 불로동,경상사고,0,0,1,0,차대사람 - 횡단중,안전운전불이행,건조,맑음,교차로 - 교차로부근,승합,남,58세,상해없음,보행자,남,56세,경상
2017021300100146,2017년 2월 13일 09시,월요일,인천광역시 부평구 부평동,경상사고,0,0,1,0,차대차 - 측면충돌,교차로운행방법위반,건조,맑음,교차로 - 교차로안,승용,남,43세,상해없음,승용,남,40세,경상
2017021300100147,2017년 2월 13일 09시,월요일,인천광역시 부평구 부평동,경상사고,0,0,1,0,차대사람 - 보도통행중,안전운전불이행,건조,맑음,단일로 - 기타,자전거,남,25세,상해없음,보행자,남,4세,경상
2017021300100176,2017년 2월 13일 10시,월요일,인천광역시 부평구 청천동,경상사고,0,0,1,0,차대차 - 측면충돌,교차로운행방법위반,건조,맑음,교차로 - 교차로안,승용,여,58세,상해없음,승용,남,48세,경상
2017021300100177,2017년 2월 13일 10시,월요일,인천광역시 부평구 부평동,경상사고,0,0,1,0,차대차 - 측면충돌,중앙선침범,건조,맑음,교차로 - 교차로부근,원동기,남,73세,경상,승용,여,42세,상해없음
2017021300100259,2017년 2월 13일 13시,월요일,인천광역시 서구 왕길동,경상사고,0,0,1,0,차대차 - 추돌,안전운전불이행,건조,맑음,단일로 - 기타,승용,남,56세,상해없음,승용,남,24세,경상
2017021300100370,2017년 2월 13일 17시,월요일,인천광역시 부평구 청천동,경상사고,0,0,1,0,차대차 - 후진중충돌,안전운전불이행,건조,맑음,단일로 - 기타,승용,남,59세,상해없음,기타불명,기타불명,미분류,기타불명
2017021300100371,2017년 2월 13일 17시,월요일,인천광역시 연수구 송도동,경상사고,0,0,1,0,차대차 - 추돌,안전운전불이행,건조,맑음,단일로 - 기타,기타불명,기타불명,미분류,기타불명,자전거,남,10세,경상
2017021300100372,2017년 2월 13일 17시,월요일,인천광역시 부평구 삼산동,중상사고,0,1,0,0,차대차 - 측면충돌,신호위반,건조,맑음,교차로 - 교차로안,화물,남,38세,상해없음,자전거,여,44세,중상
2017021300100404,2017년 2월 13일 18시,월요일,인천광역시 부평구 부평동,중상사고,0,1,0,0,차대사람 - 횡단중,안전운전불이행,건조,맑음,교차로 - 교차로안,승용,남,25세,상해없음,보행자,남,66세,중상
2017021300100452,2017년 2월 13일 19시,월요일,인천광역시 남구 용현동,중상사고,0,1,0,0,차대차 - 추돌,안전운전불이행,건조,맑음,단일로 - 기타,이륜,남,44세,중상,건설기계,남,40세,기타불명
2017021300100453,2017년 2월 13일 19시,월요일,인천광역시 남구 용현동,경상사고,0,0,2,0,차대차 - 추돌,안전운전불이행,건조,맑음,교차로 - 교차로부근,승용,여,24세,경상,승용,남,42세,경상
2017021300100454,2017년 2월 13일 19시,월요일,인천광역시 부평구 산곡동,경상사고,0,0,1,0,차대사람 - 기타,안전운전불이행,건조,맑음,단일로 - 기타,승합,남,56세,상해없음,보행자,남,17세,경상
2017021300100455,2017년 2월 13일 19시,월요일,인천광역시 남동구 간석동,경상사고,0,0,3,0,차대차 - 측면충돌,교차로운행방법위반,건조,맑음,교차로 - 교차로안,승용,남,23세,경상,승용,여,31세,경상
2017021400100068,2017년 2월 14일 05시,화요일,인천광역시 남동구 간석동,경상사고,0,0,1,0,차대사람 - 횡단중,안전운전불이행,건조,맑음,교차로 - 교차로안,승용,남,43세,상해없음,보행자,남,46세,경상
2017021400100069,2017년 2월 14일 05시,화요일,인천광역시 남동구 고잔동,경상사고,0,0,1,0,차대차 - 측면충돌,신호위반,건조,맑음,교차로 - 교차로안,화물,남,43세,상해없음,승용,남,44세,경상
2017021400100111,2017년 2월 14일 07시,화요일,인천광역시 남동구 논현동,경상사고,0,0,1,0,차대차 - 측면충돌,안전운전불이행,건조,맑음,단일로 - 기타,승용,남,27세,상해없음,승용,남,64세,경상
2017021400100145,2017년 2월 14일 08시,화요일,인천광역시 남구 주안동,중상사고,0,1,0,0,차대사람 - 횡단중,안전운전불이행,건조,맑음,기타 - 기타,승용,여,51세,상해없음,보행자,여,56세,중상
2017021400100146,2017년 2월 14일 08시,화요일,인천광역시 부평구 갈산동,경상사고,0,0,1,0,차대차 - 후진중충돌,안전운전불이행,건조,맑음,교차로 - 교차로안,승용,남,33세,상해없음,자전거,남,78세,경상
2017021400100147,2017년 2월 14일 08시,화요일,인천광역시 서구 가좌동,경상사고,0,0,2,0,차대차 - 추돌,안전운전불이행,건조,맑음,단일로 - 기타,기타불명,기타불명,미분류,기타불명,승용,남,26세,경상
2017021400100181,2017년 2월 14일 09시,화요일,인천광역시 서구 가정동,중상사고,0,1,0,0,차대사람 - 횡단중,보행자보호의무위반,건조,맑음,교차로 - 교차로안,화물,남,61세,상해없음,보행자,남,63세,중상
2017021400100182,2017년 2월 14일 09시,화요일,인천광역시 연수구 송도동,경상사고,0,0,1,0,차대차 - 측면충돌,교차로운행방법위반,건조,맑음,교차로 - 교차로안,화물,남,25세,상해없음,승합,여,48세,경상
2017021400100209,2017년 2월 14일 10시,화요일,인천광역시 옹진군 덕적면,중상사고,0,1,0,0,차대사람 - 횡단중,안전운전불이행,건조,맑음,단일로 - 기타,승용,남,84세,상해없음,보행자,남,4세,중상
2017021400100210,2017년 2월 14일 10시,화요일,인천광역시 남구 주안동,중상사고,0,1,0,0,차대사람 - 횡단중,신호위반,건조,맑음,교차로 - 교차로횡단보도내,승용,여,52세,상해없음,보행자,남,34세,중상
2017021400100235,2017년 2월 14일 11시,화요일,인천광역시 강화군 강화읍,경상사고,0,0,1,0,차대차 - 추돌,안전운전불이행,건조,맑음,주차장 - 주차장,승용,남,52세,상해없음,이륜,여,52세,경상
2017021400100321,2017년 2월 14일 14시,화요일,인천광역시 남구 숭의동,경상사고,0,0,2,0,차대차 - 추돌,안전운전불이행,건조,맑음,단일로 - 기타,승용,남,30세,상해없음,승용,남,62세,경상
2017021400100322,2017년 2월 14일 14시,화요일,인천광역시 남구 용현동,경상사고,0,0,1,0,차대차 - 측면충돌,차로위반,건조,맑음,단일로 - 교량,화물,남,48세,상해없음,승용,남,25세,경상
2017021400100347,2017년 2월 14일 15시,화요일,인천광역시 중구 항동7가,중상사고,0,1,0,0,차대차 - 측면충돌,신호위반,건조,맑음,교차로 - 교차로안,화물,남,56세,상해없음,승용,남,59세,중상
2017021400100348,2017년 2월 14일 15시,화요일,인천광역시 부평구 부평동,경상사고,0,0,1,0,차대차 - 기타,안전운전불이행,건조,맑음,단일로 - 기타,승용,남,23세,상해없음,승용,남,64세,경상
2017021400100349,2017년 2월 14일 15시,화요일,인천광역시 남동구 간석동,중상사고,0,1,0,0,차대사람 - 횡단중,안전운전불이행,건조,맑음,단일로 - 기타,승용,여,50세,상해없음,보행자,여,78세,중상
2017021400100350,2017년 2월 14일 15시,화요일,인천광역시 서구 백석동,경상사고,0,0,2,0,차대차 - 측면충돌,중앙선침범,건조,맑음,단일로 - 기타,승용,남,47세,상해없음,승용,남,37세,경상
2017021400100410,2017년 2월 14일 17시,화요일,인천광역시 부평구 부평동,중상사고,0,1,1,0,차대차 - 측면충돌,신호위반,건조,맑음,교차로 - 교차로안,원동기,남,61세,중상,승용,남,60세,경상
2017021400100411,2017년 2월 14일 17시,화요일,인천광역시 남동구 논현동,경상사고,0,0,1,0,차대차 - 측면충돌,안전운전불이행,건조,맑음,기타 - 기타,화물,남,63세,상해없음,승용,남,56세,경상
2017021400100459,2017년 2월 14일 18시,화요일,인천광역시 남동구 구월동,경상사고,0,0,1,0,차대차 - 측면충돌,안전운전불이행,건조,맑음,단일로 - 기타,승용,여,36세,상해없음,승용,여,34세,경상
2017021400100460,2017년 2월 14일 18시,화요일,인천광역시 남동구 구월동,경상사고,0,0,1,0,차대차 - 추돌,안전운전불이행,건조,맑음,기타 - 기타,승용,남,36세,상해없음,승용,남,53세,경상
2017021400100461,2017년 2월 14일 18시,화요일,인천광역시 남동구 구월동,경상사고,0,0,1,0,차대차 - 추돌,안전운전불이행,건조,맑음,교차로 - 교차로안,승용,남,29세,상해없음,승용,남,56세,경상
2017021400100520,2017년 2월 14일 20시,화요일,인천광역시 연수구 송도동,중상사고,0,1,0,0,차대사람 - 횡단중,안전운전불이행,건조,맑음,교차로 - 교차로횡단보도내,승합,남,46세,상해없음,보행자,남,68세,중상
2017021400100550,2017년 2월 14일 21시,화요일,인천광역시 계양구 계산동,경상사고,0,0,1,0,차대차 - 측면충돌,안전거리미확보,건조,맑음,단일로 - 기타,특수,남,37세,상해없음,승용,남,57세,경상
2017021500100027,2017년 2월 15일 00시,수요일,인천광역시 중구 운서동,경상사고,0,0,1,1,차대차 - 측면충돌,신호위반,건조,맑음,교차로 - 교차로안,승용,남,19세,상해없음,승용,남,52세,경상
2017021500100037,2017년 2월 15일 01시,수요일,인천광역시 계양구 병방동,경상사고,0,0,2,0,차대차 - 추돌,안전운전불이행,건조,맑음,교차로 - 교차로부근,승용,남,53세,상해없음,승용,남,37세,경상
2017021500100038,2017년 2월 15일 01시,수요일,인천광역시 연수구 송도동,경상사고,0,0,1,0,차대차 - 측면충돌,안전거리미확보,건조,흐림,단일로 - 기타,승용,남,40세,상해없음,승용,남,34세,경상
2017021500100066,2017년 2월 15일 05시,수요일,인천광역시 서구 마전동,중상사고,0,1,0,0,차대차 - 측면충돌,교차로운행방법위반,건조,맑음,교차로 - 교차로안,건설기계,남,67세,상해없음,승용,남,51세,중상
2017021500100102,2017년 2월 15일 07시,수요일,인천광역시 남동구 구월동,경상사고,0,0,1,0,차대사람 - 횡단중,보행자보호의무위반,건조,맑음,단일로 - 기타,화물,남,67세,상해없음,보행자,남,52세,경상
2017021500100138,2017년 2월 15일 08시,수요일,인천광역시 남동구 고잔동,경상사고,0,0,1,0,차대차 - 추돌,안전운전불이행,건조,맑음,교차로 - 교차로부근,승용,남,27세,상해없음,승용,남,39세,경상
2017021500100190,2017년 2월 15일 10시,수요일,인천광역시 서구 석남동,중상사고,0,1,0,0,차대사람 - 보도통행중,기타,건조,맑음,단일로 - 기타,승용,남,49세,상해없음,보행자,여,57세,중상
2017021500100225,2017년 2월 15일 11시,수요일,인천광역시 남구 주안동,경상사고,0,0,1,0,차대차 - 후진중충돌,안전운전불이행,건조,맑음,기타 - 기타,승용,남,67세,상해없음,승용,남,28세,경상
2017021500100298,2017년 2월 15일 14시,수요일,인천광역시 남구 주안동,중상사고,0,1,0,0,차대사람 - 보도통행중,보행자보호의무위반,건조,맑음,교차로 - 교차로횡단보도내,승용,남,62세,상해없음,보행자,여,82세,중상
2017021500100299,2017년 2월 15일 14시,수요일,인천광역시 서구 심곡동,경상사고,0,0,1,0,차대차 - 측면충돌,안전운전불이행,건조,맑음,교차로 - 교차로안,화물,남,80세,상해없음,화물,남,56세,경상
2017021500100300,2017년 2월 15일 14시,수요일,인천광역시 부평구 부평동,경상사고,0,0,2,0,차대차 - 측면충돌,안전운전불이행,건조,맑음,단일로 - 기타,승용,남,69세,상해없음,승용,남,44세,경상
2017021500100356,2017년 2월 15일 16시,수요일,인천광역시 남구 주안동,경상사고,0,0,1,0,차대사람 - 횡단중,안전운전불이행,건조,맑음,교차로 - 교차로안,승용,여,24세,상해없음,보행자,여,67세,경상
2017021500100411,2017년 2월 15일 18시,수요일,인천광역시 서구 왕길동,경상사고,0,0,1,0,차대차 - 추돌,안전운전불이행,건조,맑음,교차로 - 교차로부근,승용,여,41세,경상,건설기계,남,57세,기타불명
2017021500100412,2017년 2월 15일 18시,수요일,인천광역시 남구 주안동,경상사고,0,0,1,0,차대차 - 추돌,안전거리미확보,건조,맑음,단일로 - 기타,승용,남,22세,상해없음,승용,남,37세,경상
2017021500100473,2017년 2월 15일 20시,수요일,인천광역시 부평구 부평동,경상사고,0,0,1,0,차대차 - 측면충돌,신호위반,건조,맑음,교차로 - 교차로횡단보도내,자전거,남,60세,기타불명,승합,여,49세,상해없음
2017021500100497,2017년 2월 15일 21시,수요일,인천광역시 부평구 산곡동,중상사고,0,1,0,0,차대사람 - 횡단중,안전운전불이행,건조,맑음,단일로 - 기타,승용,남,54세,상해없음,보행자,남,50세,중상
2017021500100526,2017년 2월 15일 22시,수요일,인천광역시 서구 가좌동,사망사고,1,0,0,0,차대사람 - 횡단중,안전운전불이행,건조,맑음,단일로 - 기타,승용,남,28세,상해없음,보행자,남,72세,사망
2017021500100527,2017년 2월 15일 22시,수요일,인천광역시 부평구 삼산동,중상사고,0,2,0,0,차대차 - 측면충돌,안전운전불이행,건조,맑음,단일로 - 기타,승용,남,42세,중상,승용,남,50세,중상
2017021600100054,2017년 2월 16일 03시,목요일,인천광역시 남구 주안동,중상사고,0,1,0,0,차대사람 - 횡단중,안전운전불이행,건조,맑음,단일로 - 기타,승용,여,44세,상해없음,보행자,여,47세,중상
2017021600100158,2017년 2월 16일 09시,목요일,인천광역시 남구 용현동,중상사고,0,1,0,0,차대사람 - 차도통행중,안전운전불이행,건조,맑음,기타 - 기타,화물,남,48세,상해없음,보행자,여,69세,중상
2017021600100191,2017년 2월 16일 10시,목요일,인천광역시 중구 신흥동3가,중상사고,0,1,0,0,차량단독 - 기타,안전운전불이행,건조,맑음,단일로 - 기타,승합,남,52세,상해없음,,,,
2017021600100192,2017년 2월 16일 10시,목요일,인천광역시 부평구 십정동,중상사고,0,1,3,0,차대차 - 측면충돌,중앙선침범,건조,맑음,교차로 - 교차로부근,승용,남,44세,상해없음,승용,남,50세,중상
2017021600100193,2017년 2월 16일 10시,목요일,인천광역시 남동구 간석동,경상사고,0,0,1,0,차대차 - 측면충돌,안전운전불이행,건조,맑음,교차로 - 교차로부근,승용,여,55세,상해없음,승용,남,24세,경상
2017021600100214,2017년 2월 16일 11시,목요일,인천광역시 부평구 삼산동,중상사고,0,1,1,0,차대차 - 추돌,안전운전불이행,건조,맑음,단일로 - 교량,승용,남,24세,중상,화물,남,67세,경상
2017021600100252,2017년 2월 16일 13시,목요일,인천광역시 남구 관교동,부상신고사고,0,0,0,1,차대차 - 추돌,안전운전불이행,건조,맑음,교차로 - 교차로부근,승용,여,48세,기타불명,승용,여,45세,부상신고
2017021600100253,2017년 2월 16일 13시,목요일,인천광역시 남동구 구월동,경상사고,0,0,1,0,차대차 - 추돌,안전운전불이행,건조,맑음,기타 - 기타,승용,여,35세,상해없음,승용,남,32세,경상
2017021600100284,2017년 2월 16일 14시,목요일,인천광역시 남동구 구월동,경상사고,0,0,1,0,차대차 - 측면충돌,안전운전불이행,건조,맑음,교차로 - 교차로부근,승용,남,33세,상해없음,화물,남,23세,경상
2017021600100285,2017년 2월 16일 14시,목요일,인천광역시 강화군 강화읍,중상사고,0,1,0,0,차대사람 - 차도통행중,안전운전불이행,건조,맑음,단일로 - 기타,승합,남,64세,상해없음,보행자,남,81세,중상
2017021600100308,2017년 2월 16일 15시,목요일,인천광역시 남구 용현동,중상사고,0,2,1,0,차대차 - 측면충돌,안전거리미확보,건조,맑음,단일로 - 기타,화물,남,56세,상해없음,승용,여,59세,중상
2017021600100309,2017년 2월 16일 15시,목요일,인천광역시 남동구 장수동,경상사고,0,0,1,0,차대차 - 추돌,안전운전불이행,건조,맑음,교차로 - 교차로부근,화물,남,46세,상해없음,승용,여,50세,경상
2017021600100336,2017년 2월 16일 16시,목요일,인천광역시 부평구 부평동,경상사고,0,0,1,0,차대사람 - 횡단중,안전운전불이행,건조,맑음,교차로 - 교차로부근,승합,남,60세,상해없음,보행자,여,72세,경상
2017021600100442,2017년 2월 16일 19시,목요일,인천광역시 중구 운남동,중상사고,0,1,0,0,차량단독 - 공작물충돌,안전운전불이행,젖음/습기,흐림,교차로 - 교차로부근,승합,남,55세,상해없음,,,,
2017021600100443,2017년 2월 16일 19시,목요일,인천광역시 서구 연희동,경상사고,0,0,1,0,차대차 - 기타,안전운전불이행,건조,맑음,단일로 - 기타,승용,여,45세,상해없음,이륜,남,23세,경상
2017021600100444,2017년 2월 16일 19시,목요일,인천광역시 서구 석남동,중상사고,0,1,0,0,차대차 - 추돌,안전운전불이행,건조,맑음,교차로 - 교차로안,승용,남,39세,상해없음,승용,남,36세,중상
2017021600100445,2017년 2월 16일 19시,목요일,인천광역시 서구 불로동,경상사고,0,0,1,0,차대차 - 기타,안전운전불이행,젖음/습기,비,기타 - 기타,승용,남,60세,상해없음,승용,남,52세,상해없음