사고번호,사고일시,요일,시군구,사고내용,사망자수,중상자수,경상자수,부상신고자수,사고유형,법규위반,노면상태,기상상태,도로형태,가해운전자 차종,가해운전자 성별,가해운전자 연령,가해운전자 상해정도,피해운전자 차종,피해운전자 성별,피해운전자 연령,피해운전자 상해정도
2017021600100446,2017년 2월 16일 19시,목요일,인천광역시 부평구 삼산동,경상사고,0,0,1,0,차대차 - 측면충돌,안전거리미확보,건조,맑음,단일로 - 기타,승용,남,46세,상해없음,승용,여,54세,경상
2017021600100479,2017년 2월 16일 20시,목요일,인천광역시 서구 가좌동,중상사고,0,2,1,0,차대사람 - 횡단중,기타,젖음/습기,맑음,교차로 - 교차로부근,승합,남,29세,상해없음,보행자,남,23세,중상
2017021600100506,2017년 2월 16일 21시,목요일,인천광역시 남구 학익동,중상사고,0,2,0,1,차대차 - 후진중충돌,안전운전불이행,건조,맑음,단일로 - 기타,승용,여,43세,부상신고,승용,남,48세,중상
2017021700100039,2017년 2월 17일 00시,금요일,인천광역시 부평구 갈산동,경상사고,0,0,1,0,차대차 - 측면충돌,안전운전불이행,젖음/습기,비,교차로 - 교차로부근,승용,남,42세,상해없음,승용,남,58세,경상
2017021700100073,2017년 2월 17일 02시,금요일,인천광역시 부평구 삼산동,중상사고,0,1,0,0,차대사람 - 횡단중,보행자보호의무위반,젖음/습기,비,단일로 - 기타,화물,남,16세,상해없음,보행자,남,40세,중상
2017021700100161,2017년 2월 17일 08시,금요일,인천광역시 남구 관교동,경상사고,0,0,1,0,차대차 - 기타,안전운전불이행,건조,맑음,단일로 - 기타,승용,여,38세,상해없음,승용,남,60세,기타불명
2017021700100162,2017년 2월 17일 08시,금요일,인천광역시 남구 주안동,경상사고,0,0,1,3,차대차 - 추돌,안전운전불이행,건조,맑음,교차로 - 교차로부근,승용,남,27세,상해없음,승용,남,63세,부상신고
2017021700100163,2017년 2월 17일 08시,금요일,인천광역시 서구 마전동,경상사고,0,0,2,0,차량단독 - 전도전복,교차로운행방법위반,건조,맑음,교차로 - 교차로부근,승합,남,36세,상해없음,미분류,미분류,미분류,미분류
2017021700100215,2017년 2월 17일 10시,금요일,인천광역시 부평구 십정동,경상사고,0,0,1,0,차대차 - 측면충돌,안전운전불이행,건조,맑음,교차로 - 교차로안,승용,여,39세,상해없음,승용,여,48세,경상
2017021700100238,2017년 2월 17일 11시,금요일,인천광역시 계양구 작전동,경상사고,0,0,1,0,차대차 - 기타,안전거리미확보,건조,맑음,단일로 - 기타,승용,남,33세,상해없음,승합,남,57세,상해없음
2017021700100290,2017년 2월 17일 13시,금요일,인천광역시 계양구 계산동,중상사고,0,1,0,0,차대사람 - 기타,안전운전불이행,건조,맑음,단일로 - 기타,화물,여,40세,상해없음,보행자,여,75세,중상
2017021700100319,2017년 2월 17일 14시,금요일,인천광역시 동구 송림동,중상사고,0,1,0,0,차대사람 - 횡단중,기타,건조,맑음,단일로 - 기타,화물,남,47세,상해없음,보행자,남,74세,중상
2017021700100320,2017년 2월 17일 14시,금요일,인천광역시 남동구 남촌동,중상사고,0,1,1,0,차대차 - 추돌,안전운전불이행,건조,맑음,단일로 - 기타,승용,남,59세,상해없음,승용,남,60세,경상
2017021700100356,2017년 2월 17일 15시,금요일,인천광역시 남동구 구월동,경상사고,0,0,2,0,차대차 - 측면충돌,안전운전불이행,건조,맑음,단일로 - 기타,승용,남,60세,상해없음,승용,여,38세,경상
2017021700100388,2017년 2월 17일 16시,금요일,인천광역시 남동구 만수동,중상사고,0,1,0,0,차대차 - 측면충돌,안전거리미확보,건조,맑음,교차로 - 교차로안,승용,남,73세,기타불명,승용,남,26세,중상
2017021700100389,2017년 2월 17일 16시,금요일,인천광역시 연수구 동춘동,경상사고,0,0,1,0,차대차 - 측면충돌,교차로운행방법위반,건조,맑음,교차로 - 교차로안,승용,여,37세,상해없음,승용,여,46세,경상
2017021700100472,2017년 2월 17일 18시,금요일,인천광역시 서구 가정동,경상사고,0,0,1,0,차대차 - 측면충돌,신호위반,건조,맑음,교차로 - 교차로안,승용,남,62세,상해없음,승용,남,57세,경상
2017021700100473,2017년 2월 17일 18시,금요일,인천광역시 부평구 부개동,중상사고,0,1,0,0,차대사람 - 횡단중,신호위반,건조,맑음,단일로 - 기타,승용,여,31세,상해없음,보행자,여,75세,중상
2017021700100515,2017년 2월 17일 19시,금요일,인천광역시 남구 주안동,경상사고,0,0,1,0,차대차 - 측면충돌,안전거리미확보,건조,맑음,단일로 - 기타,승용,남,60세,상해없음,승용,남,47세,경상
2017021700100547,2017년 2월 17일 20시,금요일,인천광역시 중구 운서동,중상사고,0,2,0,0,차대차 - 추돌,안전거리미확보,건조,맑음,단일로 - 기타,승용,남,25세,상해없음,승용,남,47세,중상
2017021700100569,2017년 2월 17일 21시,금요일,인천광역시 부평구 삼산동,중상사고,0,1,0,0,차대사람 - 횡단중,안전운전불이행,건조,맑음,기타 - 기타,이륜,남,40세,상해없음,보행자,여,13세,중상
2017021700100601,2017년 2월 17일 22시,금요일,인천광역시 계양구 병방동,중상사고,0,1,0,0,차량단독 - 공작물충돌,안전운전불이행,건조,맑음,단일로 - 기타,이륜,남,45세,중상,,,,
2017021700100623,2017년 2월 17일 23시,금요일,인천광역시 남동구 간석동,부상신고사고,0,0,0,1,차대차 - 기타,과속,건조,맑음,기타 - 기타,승용,남,44세,상해없음,이륜,남,21세,부상신고
2017021800100056,2017년 2월 18일 01시,토요일,인천광역시 남구 학익동,중상사고,0,3,1,0,차량단독 - 전도전복 - 전도,안전운전불이행,건조,맑음,교차로 - 교차로안,승용,남,18세,중상,,,,
2017021800100057,2017년 2월 18일 01시,토요일,인천광역시 부평구 부평동,중상사고,0,1,0,0,차대차 - 기타,안전운전불이행,건조,맑음,단일로 - 기타,승용,남,68세,상해없음,승용,남,50세,상해없음
2017021800100058,2017년 2월 18일 01시,토요일,인천광역시 강화군 강화읍,중상사고,0,1,0,0,차대사람 - 횡단중,안전운전불이행,건조,맑음,단일로 - 기타,승용,남,22세,상해없음,보행자,남,34세,중상
2017021800100059,2017년 2월 18일 01시,토요일,인천광역시 계양구 효성동,경상사고,0,0,2,0,차대차 - 측면충돌,안전운전불이행,건조,맑음,단일로 - 기타,승용,남,36세,상해없음,승용,남,50세,경상
2017021800100082,2017년 2월 18일 03시,토요일,인천광역시 남구 도화동,경상사고,0,0,1,0,차대사람 - 횡단중,안전운전불이행,건조,맑음,기타 - 기타,승용,남,64세,상해없음,보행자,여,34세,경상
2017021800100091,2017년 2월 18일 04시,토요일,인천광역시 부평구 부평동,중상사고,0,1,0,0,차대차 - 추돌,안전거리미확보,건조,맑음,교차로 - 교차로부근,승용,남,65세,상해없음,이륜,남,44세,중상
2017021800100105,2017년 2월 18일 05시,토요일,인천광역시 부평구 청천동,경상사고,0,0,3,0,차대차 - 정면충돌,중앙선침범,건조,맑음,교차로 - 교차로안,승용,남,28세,상해없음,승용,남,62세,경상
2017021800100106,2017년 2월 18일 05시,토요일,인천광역시 남동구 구월동,중상사고,0,1,0,0,차대사람 - 횡단중,안전운전불이행,건조,맑음,교차로 - 교차로부근,화물,남,56세,상해없음,보행자,남,18세,중상
2017021800100119,2017년 2월 18일 06시,토요일,인천광역시 남구 학익동,중상사고,0,1,0,0,차대사람 - 횡단중,보행자보호의무위반,건조,맑음,교차로 - 교차로안,승용,남,67세,상해없음,보행자,남,59세,중상
2017021800100120,2017년 2월 18일 06시,토요일,인천광역시 남구 도화동,경상사고,0,0,1,0,차대사람 - 기타,안전운전불이행,건조,맑음,교차로 - 교차로부근,승용,남,19세,상해없음,보행자,남,39세,경상
2017021800100147,2017년 2월 18일 08시,토요일,인천광역시 서구 당하동,부상신고사고,0,0,0,1,차량단독 - 기타,안전운전불이행,건조,맑음,교차로 - 교차로부근,승합,남,55세,상해없음,,,,
2017021800100175,2017년 2월 18일 09시,토요일,인천광역시 동구 송림동,경상사고,0,0,2,0,차대차 - 측면충돌,안전운전불이행,건조,맑음,교차로 - 교차로안,승용,여,68세,상해없음,승용,남,30세,경상
2017021800100176,2017년 2월 18일 09시,토요일,인천광역시 중구 운서동,중상사고,0,1,0,1,차대차 - 측면충돌,신호위반,건조,맑음,교차로 - 교차로안,승용,남,75세,상해없음,승용,여,39세,부상신고
2017021800100239,2017년 2월 18일 11시,토요일,인천광역시 남구 주안동,중상사고,0,1,4,0,차대차 - 측면충돌,교차로운행방법위반,건조,맑음,교차로 - 교차로부근,승용,남,33세,경상,승용,남,36세,중상
2017021800100267,2017년 2월 18일 12시,토요일,인천광역시 부평구 부평동,중상사고,0,1,0,0,차대사람 - 횡단중,안전운전불이행,건조,맑음,교차로 - 교차로부근,화물,남,38세,상해없음,보행자,남,35세,중상
2017021800100331,2017년 2월 18일 14시,토요일,인천광역시 부평구 십정동,경상사고,0,0,1,0,차량단독 - 기타,안전운전불이행,건조,맑음,단일로 - 기타,승합,남,48세,상해없음,,,,
2017021800100392,2017년 2월 18일 16시,토요일,인천광역시 남동구 구월동,경상사고,0,0,2,0,차대차 - 측면충돌,안전거리미확보,건조,맑음,단일로 - 기타,승용,여,45세,상해없음,화물,남,24세,경상
2017021800100422,2017년 2월 18일 17시,토요일,인천광역시 남동구 남촌동,중상사고,0,2,1,0,차대차 - 측면충돌,중앙선침범,건조,맑음,교차로 - 교차로부근,승용,남,35세,상해없음,승용,남,49세,경상
2017021800100423,2017년 2월 18일 17시,토요일,인천광역시 서구 당하동,경상사고,0,0,3,0,차대차 - 측면충돌,안전운전불이행,건조,맑음,단일로 - 기타,승합,남,53세,경상,화물,남,46세,경상
2017021800100452,2017년 2월 18일 18시,토요일,인천광역시 남동구 구월동,경상사고,0,0,1,0,차대차 - 측면충돌,교차로운행방법위반,건조,맑음,단일로 - 기타,사륜오토바이(ATV),남,66세,경상,승용,남,30세,상해없음
2017021800100453,2017년 2월 18일 18시,토요일,인천광역시 강화군 화도면,경상사고,0,0,1,0,차대차 - 측면충돌,안전운전불이행,건조,맑음,단일로 - 기타,기타불명,기타불명,미분류,기타불명,승합,남,47세,상해없음
2017021800100481,2017년 2월 18일 19시,토요일,인천광역시 부평구 산곡동,중상사고,0,1,0,0,차대사람 - 기타,교차로운행방법위반,건조,맑음,교차로 - 교차로안,승용,여,40세,상해없음,보행자,남,54세,중상
2017021800100482,2017년 2월 18일 19시,토요일,인천광역시 남동구 만수동,중상사고,0,4,3,0,차대차 - 측면충돌,교차로운행방법위반,건조,맑음,교차로 - 교차로안,승용,남,39세,상해없음,승용,남,33세,경상
2017021800100483,2017년 2월 18일 19시,토요일,인천광역시 서구 석남동,경상사고,0,0,1,0,차량단독 - 공작물충돌,안전운전불이행,건조,맑음,단일로 - 기타,승용,남,72세,상해없음,,,,
2017021800100514,2017년 2월 18일 20시,토요일,인천광역시 부평구 구산동,경상사고,0,0,4,0,차대차 - 기타,기타,건조,맑음,단일로 - 기타,승용,남,29세,상해없음,승용,남,46세,경상
2017021800100533,2017년 2월 18일 21시,토요일,인천광역시 부평구 부평동,경상사고,0,0,2,0,차대차 - 추돌,안전운전불이행,건조,맑음,교차로 - 교차로부근,승용,남,41세,기타불명,승용,남,25세,경상
2017021800100552,2017년 2월 18일 22시,토요일,인천광역시 남동구 구월동,경상사고,0,0,1,0,차대차 - 추돌,안전운전불이행,건조,맑음,단일로 - 기타,승용,남,36세,상해없음,승용,여,50세,경상
2017021800100577,2017년 2월 18일 23시,토요일,인천광역시 부평구 부평동,중상사고,0,1,0,0,차대사람 - 횡단중,안전운전불이행,건조,맑음,교차로 - 교차로부근,승용,남,53세,상해없음,보행자,남,53세,중상
2017021900100024,2017년 2월 19일 00시,일요일,인천광역시 동구 만석동,경상사고,0,0,1,0,차대차 - 측면충돌,안전운전불이행,젖음/습기,흐림,단일로 - 기타,승용,남,63세,상해없음,승용,여,50세,경상
2017021900100039,2017년 2월 19일 01시,일요일,인천광역시 서구 원창동,경상사고,0,0,1,1,차대차 - 추돌,안전운전불이행,건조,맑음,교차로 - 교차로부근,승용,남,40세,상해없음,승용,남,56세,경상
2017021900100040,2017년 2월 19일 01시,일요일,인천광역시 계양구 병방동,경상사고,0,0,1,0,차대차 - 추돌,안전운전불이행,건조,맑음,교차로 - 교차로부근,승용,남,43세,상해없음,승용,남,61세,경상
2017021900100054,2017년 2월 19일 02시,일요일,인천광역시 서구 석남동,경상사고,0,0,2,0,차대차 - 추돌,안전운전불이행,건조,맑음,교차로 - 교차로부근,승용,여,42세,상해없음,승용,남,60세,경상
2017021900100066,2017년 2월 19일 03시,일요일,인천광역시 남동구 구월동,중상사고,0,1,0,0,차대차 - 측면충돌,신호위반,건조,맑음,교차로 - 교차로안,승용,남,30세,상해없음,승용,남,31세,중상
2017021900100080,2017년 2월 19일 04시,일요일,인천광역시 서구 가좌동,경상사고,0,0,1,0,차대차 - 후진중충돌,안전운전불이행,건조,맑음,교차로 - 교차로부근,화물,남,52세,상해없음,승용,남,36세,경상
2017021900100103,2017년 2월 19일 06시,일요일,인천광역시 남구 용현동,중상사고,0,1,0,1,차대차 - 추돌,안전운전불이행,건조,맑음,단일로 - 기타,승용,여,43세,중상,화물,남,51세,부상신고
2017021900100110,2017년 2월 19일 07시,일요일,인천광역시 서구 가좌동,경상사고,0,0,3,0,차대차 - 측면충돌,과속,건조,맑음,단일로 - 기타,승용,남,30세,상해없음,승용,남,48세,경상
2017021900100131,2017년 2월 19일 09시,일요일,인천광역시 남동구 논현동,경상사고,0,0,3,0,차대차 - 정면충돌,신호위반,건조,맑음,교차로 - 교차로안,승용,남,49세,상해없음,승용,남,20세,경상
2017021900100154,2017년 2월 19일 11시,일요일,인천광역시 남구 주안동,경상사고,0,0,1,0,차대차 - 후진중충돌,안전운전불이행,건조,맑음,단일로 - 기타,승용,남,20세,상해없음,승용,남,46세,상해없음
2017021900100198,2017년 2월 19일 13시,일요일,인천광역시 부평구 부평동,경상사고,0,0,1,0,차대사람 - 길가장자리구역통행중,안전운전불이행,건조,맑음,단일로 - 기타,기타불명,기타불명,미분류,기타불명,보행자,여,38세,경상
2017021900100199,2017년 2월 19일 13시,일요일,인천광역시 남동구 고잔동,경상사고,0,0,1,0,차대차 - 추돌,신호위반,건조,맑음,교차로 - 교차로안,화물,남,53세,상해없음,승용,남,24세,경상
2017021900100237,2017년 2월 19일 15시,일요일,인천광역시 부평구 부평동,경상사고,0,0,1,0,차대사람 - 기타,안전운전불이행,건조,맑음,교차로 - 교차로안,승용,남,36세,상해없음,보행자,여,15세,경상
2017021900100285,2017년 2월 19일 17시,일요일,인천광역시 중구 운서동,경상사고,0,0,2,0,차대차 - 측면충돌,신호위반,젖음/습기,흐림,교차로 - 교차로안,승용,남,29세,상해없음,화물,남,71세,경상
2017021900100317,2017년 2월 19일 18시,일요일,인천광역시 남동구 만수동,경상사고,0,0,1,0,차대사람 - 횡단중,안전운전불이행,건조,맑음,단일로 - 기타,승용,남,35세,상해없음,보행자,남,38세,경상
2017021900100346,2017년 2월 19일 19시,일요일,인천광역시 중구 신흥동3가,경상사고,0,0,1,0,차대차 - 추돌,안전운전불이행,건조,맑음,교차로 - 교차로부근,승용,남,27세,상해없음,승용,남,34세,경상
2017021900100372,2017년 2월 19일 20시,일요일,인천광역시 남동구 장수동,중상사고,0,1,0,0,차대사람 - 횡단중,신호위반,젖음/습기,비,단일로 - 기타,승용,남,67세,상해없음,보행자,남,59세,중상
2017021900100373,2017년 2월 19일 20시,일요일,인천광역시 계양구 계산동,경상사고,0,0,2,0,차대차 - 측면충돌,차로위반,젖음/습기,비,기타 - 기타,승용,남,46세,상해없음,승용,남,37세,경상
2017021900100374,2017년 2월 19일 20시,일요일,인천광역시 부평구 갈산동,경상사고,0,0,3,0,차대차 - 측면충돌,안전운전불이행,젖음/습기,비,교차로 - 교차로안,승용,남,59세,상해없음,이륜,남,49세,경상
2017021900100402,2017년 2월 19일 21시,일요일,인천광역시 서구 검암동,중상사고,0,1,0,0,차대사람 - 횡단중,신호위반,젖음/습기,비,교차로 - 교차로부근,승용,남,33세,상해없음,보행자,여,29세,중상
2017022000100109,2017년 2월 20일 08시,월요일,인천광역시 서구 가정동,중상사고,0,1,0,0,차대차 - 측면충돌,교차로운행방법위반,건조,맑음,기타 - 기타,건설기계,남,55세,상해없음,승용,여,49세,중상
2017022000100136,2017년 2월 20일 09시,월요일,인천광역시 부평구 청천동,경상사고,0,0,1,0,차대사람 - 기타,안전운전불이행,건조,맑음,교차로 - 교차로부근,승용,남,45세,상해없음,보행자,남,65세,경상
2017022000100137,2017년 2월 20일 09시,월요일,인천광역시 연수구 선학동,중상사고,0,1,1,0,차대차 - 측면충돌,안전운전불이행,건조,맑음,단일로 - 기타,승용,남,63세,상해없음,승용,여,53세,경상
2017022000100163,2017년 2월 20일 10시,월요일,인천광역시 부평구 부평동,중상사고,0,1,0,0,차대차 - 측면충돌,안전운전불이행,건조,맑음,단일로 - 기타,승용,남,27세,상해없음,자전거,여,52세,중상
2017022000100164,2017년 2월 20일 10시,월요일,인천광역시 부평구 부평동,중상사고,0,1,0,0,차대사람 - 기타,안전운전불이행,건조,맑음,기타 - 기타,승용,남,55세,상해없음,보행자,남,50세,중상
2017022000100197,2017년 2월 20일 11시,월요일,인천광역시 남동구 구월동,중상사고,0,1,0,0,차대사람 - 횡단중,안전운전불이행,건조,맑음,단일로 - 기타,승용,여,36세,상해없음,보행자,남,76세,중상
2017022000100222,2017년 2월 20일 12시,월요일,인천광역시 남동구 구월동,경상사고,0,0,2,0,차대차 - 추돌,안전운전불이행,건조,맑음,기타 - 기타,승용,여,41세,상해없음,승용,남,24세,경상
2017022000100241,2017년 2월 20일 13시,월요일,인천광역시 서구 가정동,경상사고,0,0,1,0,차대차 - 측면충돌,안전운전불이행,건조,맑음,교차로 - 교차로안,승용,여,49세,상해없음,승용,남,51세,경상
2017022000100366,2017년 2월 20일 17시,월요일,인천광역시 남구 관교동,중상사고,0,1,0,0,차대사람 - 횡단중,안전운전불이행,건조,맑음,단일로 - 기타,승합,남,48세,상해없음,보행자,여,84세,중상
2017022000100367,2017년 2월 20일 17시,월요일,인천광역시 계양구 귤현동,경상사고,0,0,1,0,차대차 - 추돌,안전운전불이행,건조,맑음,단일로 - 기타,승용,남,42세,상해없음,승용,여,50세,경상
2017022000100400,2017년 2월 20일 18시,월요일,인천광역시 서구 연희동,경상사고,0,0,1,0,차대차 - 추돌,안전운전불이행,건조,맑음,교차로 - 교차로부근,화물,남,49세,상해없음,승용,남,45세,경상
2017022000100401,2017년 2월 20일 18시,월요일,인천광역시 계양구 계산동,부상신고사고,0,0,0,1,차대차 - 기타,기타,건조,맑음,단일로 - 기타,승용,남,68세,상해없음,승용,여,32세,상해없음
2017022000100436,2017년 2월 20일 19시,월요일,인천광역시 남동구 논현동,경상사고,0,0,1,0,차대사람 - 기타,안전운전불이행,건조,맑음,교차로 - 교차로부근,승용,남,40세,상해없음,보행자,남,48세,경상
2017022000100437,2017년 2월 20일 19시,월요일,인천광역시 서구 가좌동,경상사고,0,0,2,0,차대차 - 추돌,안전운전불이행,건조,맑음,교차로 - 교차로부근,승용,여,26세,상해없음,승용,여,63세,경상
2017022000100472,2017년 2월 20일 20시,월요일,인천광역시 남동구 고잔동,중상사고,0,1,0,0,차대차 - 기타,안전운전불이행,건조,맑음,교차로 - 교차로안,승용,남,58세,상해없음,이륜,남,24세,중상
2017022000100496,2017년 2월 20일 21시,월요일,인천광역시 남동구 간석동,경상사고,0,0,1,0,차대차 - 후진중충돌,안전운전불이행,건조,맑음,단일로 - 기타,승용,남,31세,상해없음,승용,남,67세,경상
2017022000100497,2017년 2월 20일 21시,월요일,인천광역시 연수구 동춘동,경상사고,0,0,1,0,차량단독 - 공작물충돌,안전운전불이행,건조,흐림,단일로 - 기타,승용,남,48세,경상,,,,
2017022000100509,2017년 2월 20일 22시,월요일,인천광역시 남구 도화동,사망사고,1,0,0,0,차대사람 - 횡단중,안전운전불이행,건조,맑음,단일로 - 기타,승합,남,65세,상해없음,보행자,여,54세,사망
2017022000100510,2017년 2월 20일 22시,월요일,인천광역시 부평구 산곡동,부상신고사고,0,0,0,1,차대사람 - 횡단중,안전운전불이행,건조,맑음,단일로 - 기타,승용,남,28세,상해없음,보행자,남,37세,부상신고
2017022000100511,2017년 2월 20일 22시,월요일,인천광역시 서구 심곡동,경상사고,0,0,1,0,차대사람 - 횡단중,안전운전불이행,건조,맑음,단일로 - 기타,승용,남,31세,상해없음,보행자,남,19세,경상
2017022000100512,2017년 2월 20일 22시,월요일,인천광역시 연수구 청학동,중상사고,0,1,0,0,차대사람 - 횡단중,보행자보호의무위반,건조,맑음,단일로 - 기타,승용,남,55세,상해없음,보행자,남,45세,중상
2017022000100525,2017년 2월 20일 23시,월요일,인천광역시 남동구 논현동,경상사고,0,0,1,0,차대차 - 추돌,안전운전불이행,건조,맑음,교차로 - 교차로부근,화물,남,36세,상해없음,승용,여,40세,경상
2017022100100060,2017년 2월 21일 04시,화요일,인천광역시 서구 석남동,중상사고,0,1,0,0,차대사람 - 횡단중,보행자보호의무위반,건조,맑음,교차로 - 교차로횡단보도내,승용,남,66세,상해없음,보행자,남,44세,중상
2017022100100061,2017년 2월 21일 04시,화요일,인천광역시 연수구 옥련동,중상사고,0,2,0,0,차대차 - 정면충돌,신호위반,건조,맑음,교차로 - 교차로안,승용,남,56세,상해없음,승용,남,58세,중상
2017022100100105,2017년 2월 21일 07시,화요일,인천광역시 남구 용현동,경상사고,0,0,1,0,차대차 - 측면충돌,안전거리미확보,건조,맑음,단일로 - 기타,승용,남,34세,상해없음,승용,남,37세,경상
2017022100100207,2017년 2월 21일 11시,화요일,인천광역시 중구 항동7가,경상사고,0,0,2,0,차대차 - 추돌,안전운전불이행,건조,맑음,단일로 - 기타,화물,남,38세,경상,승용,남,63세,경상
2017022100100208,2017년 2월 21일 11시,화요일,인천광역시 부평구 부평동,중상사고,0,1,0,0,차대사람 - 횡단중,보행자보호의무위반,건조,맑음,단일로 - 기타,승용,남,44세,상해없음,보행자,남,54세,중상
2017022100100307,2017년 2월 21일 15시,화요일,인천광역시 남동구 구월동,중상사고,0,1,0,0,차대차 - 측면충돌,교차로운행방법위반,건조,맑음,교차로 - 교차로안,이륜,남,49세,중상,승용,남,35세,상해없음
2017022100100308,2017년 2월 21일 15시,화요일,인천광역시 부평구 삼산동,경상사고,0,0,1,0,차대사람 - 횡단중,안전운전불이행,건조,맑음,단일로 - 기타,승용,남,44세,상해없음,보행자,여,55세,경상
2017022100100339,2017년 2월 21일 16시,화요일,인천광역시 서구 원창동,중상사고,0,1,1,0,차대차 - 측면충돌,신호위반,건조,맑음,교차로 - 교차로안,화물,남,58세,경상,승용,남,33세,중상
2017022100100392,2017년 2월 21일 18시,화요일,인천광역시 남동구 간석동,경상사고,0,0,3,0,차대차 - 기타,안전거리미확보,건조,맑음,단일로 - 기타,승용,남,27세,상해없음,승합,남,46세,상해없음
2017022100100447,2017년 2월 21일 20시,화요일,인천광역시 서구 가정동,경상사고,0,0,1,0,차대차 - 추돌,안전운전불이행,건조,맑음,단일로 - 기타,승용,남,26세,상해없음,화물,남,56세,상해없음
2017022100100468,2017년 2월 21일 21시,화요일,인천광역시 서구 불로동,경상사고,0,0,1,0,차량단독 - 기타,안전운전불이행,건조,맑음,단일로 - 기타,승합,남,67세,상해없음,,,,
2017022100100486,2017년 2월 21일 22시,화요일,인천광역시 연수구 동춘동,경상사고,0,0,2,0,차대차 - 추돌,안전운전불이행,건조,맑음,단일로 - 기타,승합,남,72세,상해없음,승합,남,47세,경상
2017022200100026,2017년 2월 22일 00시,수요일,인천광역시 동구 송림동,경상사고,0,0,1,0,차대차 - 추돌,안전운전불이행,건조,맑음,교차로 - 교차로안,승용,남,23세,상해없음,승용,남,26세,경상
2017022200100059,2017년 2월 22일 05시,수요일,인천광역시 남구 학익동,경상사고,0,0,2,0,차대차 - 추돌,안전운전불이행,건조,맑음,단일로 - 기타,승용,남,53세,경상,화물,남,53세,경상
2017022200100071,2017년 2월 22일 06시,수요일,인천광역시 계양구 동양동,중상사고,0,1,0,0,차대차 - 측면충돌,안전운전불이행,건조,맑음,단일로 - 기타,승용,남,69세,중상,화물,남,65세,상해없음
2017022200100085,2017년 2월 22일 07시,수요일,인천광역시 부평구 십정동,중상사고,0,1,0,0,차대차 - 측면충돌,신호위반,건조,맑음,교차로 - 교차로안,승합,남,52세,상해없음,자전거,남,38세,중상
2017022200100086,2017년 2월 22일 07시,수요일,인천광역시 서구 석남동,경상사고,0,0,1,0,차대차 - 추돌,안전운전불이행,건조,맑음,단일로 - 기타,승용,남,29세,상해없음,승용,남,33세,경상
2017022200100114,2017년 2월 22일 08시,수요일,인천광역시 강화군 하점면,경상사고,0,0,1,0,차대차 - 측면충돌,중앙선침범,적설,눈,단일로 - 기타,승용,남,65세,상해없음,승용,여,37세,경상
2017022200100115,2017년 2월 22일 08시,수요일,인천광역시 계양구 병방동,경상사고,0,0,1,0,차대차 - 측면충돌,안전거리미확보,젖음/습기,흐림,단일로 - 기타,기타불명,기타불명,미분류,기타불명,승용,남,44세,경상
2017022200100142,2017년 2월 22일 09시,수요일,인천광역시 서구 가좌동,경상사고,0,0,1,0,차대사람 - 횡단중,안전운전불이행,젖음/습기,눈,단일로 - 기타,승용,남,42세,상해없음,보행자,남,52세,경상
2017022200100174,2017년 2월 22일 10시,수요일,인천광역시 계양구 서운동,경상사고,0,0,1,0,차대차 - 추돌,신호위반,젖음/습기,비,기타 - 기타,화물,남,57세,상해없음,승합,남,65세,경상
2017022200100282,2017년 2월 22일 14시,수요일,인천광역시 부평구 부평동,중상사고,0,1,0,0,차대사람 - 횡단중,보행자보호의무위반,건조,맑음,단일로 - 기타,승용,남,23세,상해없음,보행자,여,59세,중상
2017022200100332,2017년 2월 22일 16시,수요일,인천광역시 남구 주안동,중상사고,0,1,0,0,차대차 - 기타,안전거리미확보,젖음/습기,기타,단일로 - 기타,승용,남,68세,상해없음,이륜,남,68세,중상
2017022200100361,2017년 2월 22일 17시,수요일,인천광역시 남구 용현동,경상사고,0,0,2,0,차대차 - 측면충돌,안전운전불이행,건조,맑음,기타 - 기타,승용,여,64세,상해없음,승용,남,26세,경상
2017022200100408,2017년 2월 22일 18시,수요일,인천광역시 동구 송현동,중상사고,0,2,0,0,차대사람 - 횡단중,안전운전불이행,적설,흐림,교차로 - 교차로부근,승용,남,54세,상해없음,보행자,여,19세,중상
2017022200100409,2017년 2월 22일 18시,수요일,인천광역시 부평구 부평동,경상사고,0,0,2,0,차대차 - 추돌,안전운전불이행,젖음/습기,비,단일로 - 기타,승용,여,59세,상해없음,승용,여,36세,경상
2017022200100457,2017년 2월 22일 19시,수요일,인천광역시 서구 심곡동,경상사고,0,0,2,0,차대차 - 측면충돌,안전운전불이행,건조,맑음,교차로 - 교차로부근,승용,여,55세,기타불명,승용,여,54세,경상
2017022200100541,2017년 2월 22일 21시,수요일,인천광역시 동구 송현동,경상사고,0,0,1,0,차대차 - 추돌,안전운전불이행,건조,맑음,단일로 - 기타,승용,남,36세,상해없음,승용,남,59세,상해없음
2017022200100565,2017년 2월 22일 22시,수요일,인천광역시 남구 학익동,경상사고,0,0,1,0,차대차 - 추돌,안전운전불이행,건조,맑음,기타 - 기타,승용,남,15세,상해없음,승합,남,59세,경상
2017022200100566,2017년 2월 22일 22시,수요일,인천광역시 남구 주안동,경상사고,0,0,2,0,차대사람 - 횡단중,안전운전불이행,젖음/습기,흐림,단일로 - 기타,승용,남,22세,상해없음,보행자,남,22세,경상