사고번호,사고일시,요일,시군구,사고내용,사망자수,중상자수,경상자수,부상신고자수,사고유형,법규위반,노면상태,기상상태,도로형태,가해운전자 차종,가해운전자 성별,가해운전자 연령,가해운전자 상해정도,피해운전자 차종,피해운전자 성별,피해운전자 연령,피해운전자 상해정도
2017022200100567,2017년 2월 22일 22시,수요일,인천광역시 연수구 연수동,경상사고,0,0,1,0,차대사람 - 보도통행중,기타,건조,맑음,단일로 - 기타,이륜,남,47세,상해없음,보행자,남,40세,경상
2017022300100032,2017년 2월 23일 00시,목요일,인천광역시 부평구 삼산동,경상사고,0,0,1,0,차대차 - 추돌,안전운전불이행,건조,맑음,단일로 - 기타,승용,남,29세,상해없음,승용,남,51세,상해없음
2017022300100044,2017년 2월 23일 01시,목요일,인천광역시 서구 경서동,중상사고,0,2,3,0,차대차 - 측면충돌,기타,건조,맑음,교차로 - 교차로안,승용,남,55세,경상,승용,남,34세,경상
2017022300100053,2017년 2월 23일 02시,목요일,인천광역시 부평구 산곡동,경상사고,0,0,2,0,차대차 - 추돌,안전운전불이행,건조,맑음,교차로 - 교차로부근,승용,남,50세,상해없음,승용,남,49세,경상
2017022300100069,2017년 2월 23일 04시,목요일,인천광역시 부평구 부평동,중상사고,0,1,0,0,차대사람 - 차도통행중,신호위반,건조,맑음,단일로 - 기타,승용,남,62세,상해없음,보행자,여,35세,중상
2017022300100085,2017년 2월 23일 06시,목요일,인천광역시 서구 신현동,경상사고,0,0,1,0,차량단독 - 기타,기타,건조,기타,단일로 - 기타,승용,남,51세,상해없음,,,,
2017022300100123,2017년 2월 23일 08시,목요일,인천광역시 남구 용현동,경상사고,0,0,3,0,차대차 - 기타,기타,건조,맑음,교차로 - 교차로안,화물,남,77세,상해없음,승용,남,62세,경상
2017022300100177,2017년 2월 23일 10시,목요일,인천광역시 계양구 서운동,중상사고,0,2,0,0,차대차 - 정면충돌,신호위반,건조,맑음,교차로 - 교차로안,승용,남,48세,기타불명,승용,남,37세,중상
2017022300100213,2017년 2월 23일 12시,목요일,인천광역시 남구 학익동,경상사고,0,0,2,0,차대차 - 추돌,안전운전불이행,건조,맑음,교차로 - 교차로부근,승용,남,77세,상해없음,승용,남,33세,경상
2017022300100214,2017년 2월 23일 12시,목요일,인천광역시 부평구 산곡동,경상사고,0,0,1,0,차대사람 - 횡단중,신호위반,건조,맑음,단일로 - 기타,원동기,남,25세,상해없음,보행자,남,11세,경상
2017022300100250,2017년 2월 23일 13시,목요일,인천광역시 남구 도화동,경상사고,0,0,1,0,차대차 - 기타,안전운전불이행,건조,맑음,단일로 - 고가도로위,화물,남,45세,기타불명,승합,남,49세,경상
2017022300100251,2017년 2월 23일 13시,목요일,인천광역시 남동구 고잔동,경상사고,0,0,1,0,차대사람 - 길가장자리구역통행중,안전운전불이행,건조,맑음,단일로 - 기타,기타불명,기타불명,미분류,기타불명,보행자,여,43세,경상
2017022300100252,2017년 2월 23일 13시,목요일,인천광역시 서구 경서동,중상사고,0,1,0,0,차량단독 - 전도전복 - 전도,안전운전불이행,건조,맑음,교차로 - 교차로안,이륜,남,39세,중상,,,,
2017022300100307,2017년 2월 23일 15시,목요일,인천광역시 서구 당하동,경상사고,0,0,1,0,차대차 - 측면충돌,안전운전불이행,건조,맑음,교차로 - 교차로부근,건설기계,남,54세,상해없음,승용,여,53세,경상
2017022300100343,2017년 2월 23일 16시,목요일,인천광역시 남구 주안동,경상사고,0,0,2,0,차대차 - 추돌,안전운전불이행,건조,맑음,단일로 - 기타,화물,남,42세,상해없음,승용,남,31세,경상
2017022300100376,2017년 2월 23일 17시,목요일,인천광역시 부평구 부평동,중상사고,0,1,0,0,차대사람 - 보도통행중,신호위반,건조,맑음,교차로 - 교차로횡단보도내,승용,여,34세,상해없음,보행자,여,19세,중상
2017022300100404,2017년 2월 23일 18시,목요일,인천광역시 서구 연희동,경상사고,0,0,1,0,차대차 - 추돌,안전운전불이행,건조,맑음,교차로 - 교차로부근,승용,남,50세,상해없음,승용,남,56세,경상
2017022300100445,2017년 2월 23일 19시,목요일,인천광역시 부평구 산곡동,경상사고,0,0,1,0,차량단독 - 기타,안전운전불이행,건조,맑음,단일로 - 기타,승합,남,51세,상해없음,,,,
2017022300100446,2017년 2월 23일 19시,목요일,인천광역시 서구 검암동,중상사고,0,1,0,0,차대사람 - 횡단중,안전운전불이행,건조,맑음,교차로 - 교차로안,화물,남,62세,상해없음,보행자,남,59세,중상
2017022300100447,2017년 2월 23일 19시,목요일,인천광역시 연수구 선학동,경상사고,0,0,2,0,차대차 - 추돌,안전운전불이행,건조,맑음,교차로 - 교차로부근,승용,남,52세,상해없음,승용,남,72세,경상
2017022300100477,2017년 2월 23일 20시,목요일,인천광역시 남동구 구월동,부상신고사고,0,0,0,1,차대차 - 측면충돌,안전거리미확보,건조,맑음,교차로 - 교차로부근,기타불명,기타불명,미분류,기타불명,승용,남,59세,상해없음
2017022300100511,2017년 2월 23일 21시,목요일,인천광역시 중구 운서동,경상사고,0,0,2,0,차대차 - 추돌,안전운전불이행,건조,맑음,교차로 - 교차로부근,승용,여,43세,기타불명,화물,남,62세,경상
2017022300100534,2017년 2월 23일 22시,목요일,인천광역시 서구 가좌동,중상사고,0,1,0,0,차대사람 - 횡단중,보행자보호의무위반,건조,맑음,교차로 - 교차로안,승용,남,53세,상해없음,보행자,남,46세,중상
2017022300100535,2017년 2월 23일 22시,목요일,인천광역시 연수구 청학동,경상사고,0,0,1,0,차대사람 - 횡단중,보행자보호의무위반,건조,흐림,교차로 - 교차로안,승용,남,68세,기타불명,보행자,여,64세,경상
2017022300100557,2017년 2월 23일 23시,목요일,인천광역시 남동구 구월동,경상사고,0,0,2,0,차대차 - 측면충돌,신호위반,건조,맑음,교차로 - 교차로횡단보도내,승용,남,41세,상해없음,승용,남,39세,경상
2017022300100558,2017년 2월 23일 23시,목요일,인천광역시 서구 원당동,경상사고,0,0,2,1,차대차 - 추돌,안전운전불이행,건조,맑음,교차로 - 교차로부근,승용,남,51세,상해없음,승용,남,32세,경상
2017022400100020,2017년 2월 24일 00시,금요일,인천광역시 부평구 부개동,경상사고,0,0,1,0,차대차 - 측면충돌,안전운전불이행,건조,맑음,교차로 - 교차로안,승용,남,55세,상해없음,이륜,남,17세,상해없음
2017022400100029,2017년 2월 24일 01시,금요일,인천광역시 부평구 부평동,경상사고,0,0,2,0,차대차 - 추돌,안전운전불이행,건조,맑음,단일로 - 기타,승용,남,20세,상해없음,승용,남,46세,경상
2017022400100057,2017년 2월 24일 03시,금요일,인천광역시 남구 주안동,경상사고,0,0,1,0,차대차 - 추돌,안전운전불이행,건조,맑음,단일로 - 기타,승용,남,54세,상해없음,승용,남,27세,경상
2017022400100125,2017년 2월 24일 08시,금요일,인천광역시 계양구 작전동,경상사고,0,0,1,0,차대차 - 추돌,안전운전불이행,건조,맑음,교차로 - 교차로부근,승용,남,24세,상해없음,승용,남,42세,경상
2017022400100126,2017년 2월 24일 08시,금요일,인천광역시 연수구 송도동,경상사고,0,0,1,0,차대차 - 추돌,안전운전불이행,건조,맑음,단일로 - 기타,승용,남,35세,상해없음,승용,남,48세,경상
2017022400100213,2017년 2월 24일 11시,금요일,인천광역시 남구 주안동,중상사고,0,1,0,0,차대차 - 측면충돌,교차로운행방법위반,건조,맑음,교차로 - 교차로안,화물,남,45세,상해없음,이륜,여,51세,중상
2017022400100214,2017년 2월 24일 11시,금요일,인천광역시 남동구 구월동,경상사고,0,0,2,0,차대차 - 측면충돌,안전운전불이행,건조,맑음,교차로 - 교차로부근,승용,남,60세,상해없음,승용,여,37세,상해없음
2017022400100215,2017년 2월 24일 11시,금요일,인천광역시 남동구 장수동,경상사고,0,0,1,0,차대차 - 추돌,안전운전불이행,건조,맑음,단일로 - 기타,승용,남,38세,상해없음,화물,남,58세,경상
2017022400100247,2017년 2월 24일 12시,금요일,인천광역시 남동구 만수동,경상사고,0,0,2,0,차대차 - 기타,신호위반,건조,맑음,교차로 - 교차로안,승용,남,65세,상해없음,화물,남,44세,상해없음
2017022400100272,2017년 2월 24일 13시,금요일,인천광역시 남동구 구월동,부상신고사고,0,0,0,1,차대사람 - 길가장자리구역통행중,안전운전불이행,건조,맑음,단일로 - 기타,승용,남,27세,상해없음,보행자,남,51세,부상신고
2017022400100273,2017년 2월 24일 13시,금요일,인천광역시 연수구 청학동,경상사고,0,0,1,0,차대사람 - 차도통행중,안전운전불이행,건조,맑음,단일로 - 기타,승용,남,45세,상해없음,보행자,남,71세,경상
2017022400100274,2017년 2월 24일 13시,금요일,인천광역시 부평구 부평동,중상사고,0,1,0,0,차대차 - 측면충돌,신호위반,건조,맑음,단일로 - 기타,원동기,남,27세,상해없음,자전거,남,28세,중상
2017022400100302,2017년 2월 24일 14시,금요일,인천광역시 중구 신흥동2가,경상사고,0,0,1,0,차대차 - 측면충돌,안전거리미확보,건조,맑음,단일로 - 기타,화물,남,44세,상해없음,승용,여,57세,경상
2017022400100337,2017년 2월 24일 15시,금요일,인천광역시 부평구 부평동,경상사고,0,0,1,0,차량단독 - 기타,기타,건조,맑음,단일로 - 기타,승합,남,60세,상해없음,,,,
2017022400100338,2017년 2월 24일 15시,금요일,인천광역시 서구 당하동,경상사고,0,0,1,0,차대차 - 추돌,교차로운행방법위반,건조,맑음,교차로 - 교차로안,승용,남,52세,상해없음,승용,남,48세,경상
2017022400100339,2017년 2월 24일 15시,금요일,인천광역시 강화군 강화읍,경상사고,0,0,1,0,차대차 - 측면충돌,안전운전불이행,건조,맑음,교차로 - 교차로안,승용,남,61세,상해없음,승용,남,27세,경상
2017022400100340,2017년 2월 24일 15시,금요일,인천광역시 부평구 부개동,경상사고,0,0,1,0,차대사람 - 횡단중,안전운전불이행,건조,맑음,단일로 - 기타,승용,여,62세,상해없음,보행자,여,23세,경상
2017022400100341,2017년 2월 24일 15시,금요일,인천광역시 남구 도화동,경상사고,0,0,1,0,차대차 - 기타,안전운전불이행,건조,맑음,단일로 - 기타,승용,여,47세,상해없음,승용,남,36세,경상
2017022400100370,2017년 2월 24일 16시,금요일,인천광역시 남구 숭의동,부상신고사고,0,0,0,1,차대차 - 측면충돌,신호위반,건조,맑음,교차로 - 교차로안,화물,남,48세,부상신고,승용,남,69세,상해없음
2017022400100371,2017년 2월 24일 16시,금요일,인천광역시 부평구 삼산동,경상사고,0,0,2,0,차대차 - 기타,차로위반,건조,맑음,단일로 - 기타,승용,남,40세,상해없음,승용,남,57세,경상
2017022400100436,2017년 2월 24일 18시,금요일,인천광역시 남구 주안동,경상사고,0,0,2,0,차대차 - 측면충돌,안전운전불이행,건조,맑음,교차로 - 교차로안,승용,남,43세,상해없음,승용,남,61세,경상
2017022400100437,2017년 2월 24일 18시,금요일,인천광역시 부평구 산곡동,경상사고,0,0,1,0,차대차 - 추돌,안전운전불이행,건조,맑음,단일로 - 기타,승용,남,48세,상해없음,승용,남,38세,경상
2017022400100438,2017년 2월 24일 18시,금요일,인천광역시 연수구 송도동,중상사고,0,1,0,0,차대사람 - 횡단중,신호위반,건조,맑음,교차로 - 교차로횡단보도내,승용,여,47세,상해없음,보행자,여,23세,중상
2017022400100489,2017년 2월 24일 19시,금요일,인천광역시 남구 용현동,중상사고,0,1,0,0,차대사람 - 횡단중,안전운전불이행,건조,맑음,단일로 - 기타,승용,남,35세,상해없음,보행자,여,79세,중상
2017022400100510,2017년 2월 24일 20시,금요일,인천광역시 부평구 십정동,경상사고,0,0,1,0,차대차 - 측면충돌,안전운전불이행,건조,맑음,단일로 - 기타,화물,남,49세,상해없음,승용,남,29세,경상
2017022400100544,2017년 2월 24일 21시,금요일,인천광역시 남동구 만수동,경상사고,0,0,1,0,차대사람 - 횡단중,보행자보호의무위반,건조,맑음,단일로 - 기타,승용,여,41세,상해없음,보행자,남,23세,경상
2017022400100562,2017년 2월 24일 22시,금요일,인천광역시 남구 학익동,중상사고,0,1,0,0,차대사람 - 횡단중,보행자보호의무위반,건조,맑음,교차로 - 교차로안,승용,남,47세,상해없음,보행자,남,58세,중상
2017022400100563,2017년 2월 24일 22시,금요일,인천광역시 남구 주안동,중상사고,0,1,0,0,차대사람 - 횡단중,안전운전불이행,건조,맑음,교차로 - 교차로부근,승용,남,67세,상해없음,보행자,남,56세,중상
2017022400100564,2017년 2월 24일 22시,금요일,인천광역시 서구 왕길동,중상사고,0,1,0,0,차대사람 - 횡단중,안전운전불이행,건조,맑음,교차로 - 교차로안,승용,남,47세,상해없음,보행자,남,54세,중상
2017022400100597,2017년 2월 24일 23시,금요일,인천광역시 남구 주안동,경상사고,0,0,1,0,차대사람 - 횡단중,안전운전불이행,건조,맑음,단일로 - 기타,승용,남,28세,상해없음,보행자,남,32세,경상
2017022400100598,2017년 2월 24일 23시,금요일,인천광역시 서구 가좌동,경상사고,0,0,1,0,차대차 - 추돌,안전운전불이행,건조,맑음,교차로 - 교차로부근,승용,남,37세,상해없음,특수,남,57세,경상
2017022500100030,2017년 2월 25일 00시,토요일,인천광역시 남구 주안동,경상사고,0,0,1,0,차대차 - 정면충돌,신호위반,건조,맑음,교차로 - 교차로안,승용,남,43세,상해없음,승용,남,62세,경상
2017022500100031,2017년 2월 25일 00시,토요일,인천광역시 남동구 구월동,경상사고,0,0,1,0,차대차 - 추돌,안전운전불이행,건조,맑음,단일로 - 기타,승용,여,45세,상해없음,승용,남,59세,경상
2017022500100032,2017년 2월 25일 00시,토요일,인천광역시 남동구 간석동,중상사고,0,1,1,0,차대차 - 측면충돌,교차로운행방법위반,건조,맑음,단일로 - 기타,승용,남,35세,중상,승용,남,33세,경상
2017022500100033,2017년 2월 25일 00시,토요일,인천광역시 부평구 갈산동,경상사고,0,0,1,0,차대사람 - 횡단중,안전운전불이행,건조,맑음,교차로 - 교차로횡단보도내,승용,남,26세,상해없음,보행자,남,57세,경상
2017022500100105,2017년 2월 25일 05시,토요일,인천광역시 서구 가정동,경상사고,0,0,1,0,차대차 - 측면충돌,중앙선침범,건조,맑음,교차로 - 교차로부근,승용,여,24세,상해없음,승용,남,44세,경상
2017022500100144,2017년 2월 25일 07시,토요일,인천광역시 부평구 부개동,중상사고,0,1,0,0,차대차 - 추돌,안전운전불이행,건조,맑음,단일로 - 기타,기타불명,기타불명,미분류,기타불명,자전거,남,73세,중상
2017022500100167,2017년 2월 25일 08시,토요일,인천광역시 부평구 산곡동,경상사고,0,0,2,0,차대차 - 기타,안전운전불이행,건조,맑음,단일로 - 기타,승합,남,51세,상해없음,승용,여,23세,경상
2017022500100168,2017년 2월 25일 08시,토요일,인천광역시 부평구 갈산동,중상사고,0,2,0,0,차대차 - 측면충돌,신호위반,건조,맑음,교차로 - 교차로안,승용,남,55세,상해없음,승용,남,39세,중상
2017022500100215,2017년 2월 25일 10시,토요일,인천광역시 남동구 구월동,중상사고,0,1,0,0,차대차 - 추돌,안전운전불이행,건조,맑음,기타 - 기타,승용,여,41세,상해없음,승용,남,40세,중상
2017022500100216,2017년 2월 25일 10시,토요일,인천광역시 부평구 일신동,경상사고,0,0,1,0,차대차 - 기타,안전운전불이행,건조,맑음,단일로 - 기타,승용,여,55세,상해없음,승합,남,42세,경상
2017022500100249,2017년 2월 25일 11시,토요일,인천광역시 중구 운서동,경상사고,0,0,1,0,차대차 - 측면충돌,안전거리미확보,건조,맑음,교차로 - 교차로부근,승용,여,50세,상해없음,승용,남,25세,경상
2017022500100324,2017년 2월 25일 14시,토요일,인천광역시 남구 숭의동,경상사고,0,0,3,0,차대차 - 측면충돌,신호위반,건조,맑음,교차로 - 교차로안,승용,남,29세,상해없음,승용,남,65세,경상
2017022500100363,2017년 2월 25일 15시,토요일,인천광역시 계양구 작전동,경상사고,0,0,1,0,차대차 - 측면충돌,신호위반,건조,맑음,단일로 - 기타,승용,남,30세,상해없음,승합,남,59세,경상
2017022500100402,2017년 2월 25일 16시,토요일,인천광역시 옹진군 영흥면,경상사고,0,0,2,0,차대차 - 측면충돌,안전운전불이행,건조,맑음,단일로 - 기타,승용,남,25세,경상,승용,남,47세,상해없음
2017022500100403,2017년 2월 25일 16시,토요일,인천광역시 부평구 부개동,경상사고,0,0,2,0,차대차 - 측면충돌,신호위반,건조,맑음,단일로 - 기타,승용,남,69세,상해없음,승용,남,33세,경상
2017022500100438,2017년 2월 25일 17시,토요일,인천광역시 서구 경서동,경상사고,0,0,1,0,차대차 - 후진중충돌,안전운전불이행,건조,맑음,기타 - 기타,승용,여,47세,상해없음,승용,남,39세,경상
2017022500100439,2017년 2월 25일 17시,토요일,인천광역시 부평구 일신동,중상사고,0,1,0,0,차대차 - 기타,차로위반,건조,맑음,단일로 - 기타,승용,남,37세,상해없음,승용,여,25세,중상
2017022500100498,2017년 2월 25일 19시,토요일,인천광역시 남구 주안동,중상사고,0,1,0,0,차대사람 - 횡단중,안전운전불이행,건조,맑음,단일로 - 기타,승용,남,43세,기타불명,보행자,남,55세,중상
2017022500100499,2017년 2월 25일 19시,토요일,인천광역시 남구 도화동,중상사고,0,1,0,0,차대사람 - 횡단중,안전운전불이행,건조,맑음,교차로 - 교차로안,승용,여,27세,상해없음,보행자,여,68세,중상
2017022500100562,2017년 2월 25일 22시,토요일,인천광역시 계양구 작전동,중상사고,0,1,0,0,차대차 - 기타,안전운전불이행,건조,맑음,단일로 - 기타,승용,남,42세,상해없음,이륜,남,36세,중상
2017022600100029,2017년 2월 26일 00시,일요일,인천광역시 부평구 부평동,경상사고,0,0,2,0,차대차 - 측면충돌,신호위반,건조,맑음,교차로 - 교차로안,승합,남,24세,상해없음,승용,남,58세,경상
2017022600100030,2017년 2월 26일 00시,일요일,인천광역시 부평구 구산동,경상사고,0,0,3,0,차대차 - 추돌,안전운전불이행,건조,맑음,단일로 - 기타,승용,남,59세,상해없음,승용,남,27세,경상
2017022600100048,2017년 2월 26일 01시,일요일,인천광역시 서구 공촌동,경상사고,0,0,2,0,차대차 - 측면충돌,신호위반,건조,흐림,교차로 - 교차로안,승용,여,29세,상해없음,승용,남,26세,경상
2017022600100060,2017년 2월 26일 02시,일요일,인천광역시 남구 학익동,경상사고,0,0,1,0,차대차 - 기타,안전거리미확보,건조,맑음,단일로 - 기타,승용,남,43세,상해없음,승용,남,35세,경상
2017022600100061,2017년 2월 26일 02시,일요일,인천광역시 부평구 부평동,중상사고,0,1,2,0,차대차 - 추돌,안전운전불이행,건조,맑음,교차로 - 교차로부근,승용,남,37세,상해없음,승용,남,58세,중상
2017022600100072,2017년 2월 26일 03시,일요일,인천광역시 부평구 삼산동,경상사고,0,0,1,0,차대차 - 추돌,안전운전불이행,건조,맑음,단일로 - 기타,승용,남,32세,기타불명,승용,남,37세,경상
2017022600100108,2017년 2월 26일 06시,일요일,인천광역시 부평구 십정동,중상사고,0,1,0,0,차대사람 - 횡단중,안전운전불이행,건조,맑음,교차로 - 교차로횡단보도내,화물,남,59세,상해없음,보행자,남,21세,중상
2017022600100109,2017년 2월 26일 06시,일요일,인천광역시 서구 가정동,경상사고,0,0,2,0,차대차 - 추돌,안전운전불이행,건조,맑음,단일로 - 기타,승용,남,36세,상해없음,승용,남,52세,경상
2017022600100132,2017년 2월 26일 08시,일요일,인천광역시 서구 가정동,경상사고,0,0,2,0,차대차 - 추돌,안전운전불이행,건조,맑음,교차로 - 교차로부근,승용,남,36세,상해없음,화물,남,18세,경상
2017022600100158,2017년 2월 26일 10시,일요일,인천광역시 부평구 산곡동,경상사고,0,0,1,0,차대차 - 측면충돌,안전운전불이행,건조,맑음,교차로 - 교차로안,승용,여,30세,상해없음,승용,남,43세,상해없음
2017022600100193,2017년 2월 26일 12시,일요일,인천광역시 서구 가정동,경상사고,0,0,2,0,차대차 - 추돌,안전운전불이행,건조,맑음,교차로 - 교차로부근,승용,남,24세,상해없음,승용,남,26세,경상
2017022600100253,2017년 2월 26일 15시,일요일,인천광역시 남구 학익동,경상사고,0,0,2,0,차대차 - 측면충돌,안전거리미확보,건조,맑음,교차로 - 교차로부근,승용,여,62세,상해없음,승용,남,68세,경상
2017022600100254,2017년 2월 26일 15시,일요일,인천광역시 강화군 선원면,경상사고,0,0,1,0,차대차 - 측면충돌,안전운전불이행,건조,맑음,교차로 - 교차로안,승용,남,80세,상해없음,승용,남,58세,경상
2017022600100359,2017년 2월 26일 19시,일요일,인천광역시 중구 북성동2가,중상사고,0,1,0,0,차대사람 - 횡단중,신호위반,건조,맑음,교차로 - 교차로부근,이륜,남,17세,상해없음,보행자,여,33세,중상
2017022600100384,2017년 2월 26일 20시,일요일,인천광역시 남구 도화동,경상사고,0,0,2,0,차대차 - 측면충돌,중앙선침범,건조,맑음,교차로 - 교차로부근,승합,남,63세,경상,이륜,남,22세,경상
2017022600100385,2017년 2월 26일 20시,일요일,인천광역시 서구 가좌동,경상사고,0,0,1,0,차대사람 - 길가장자리구역통행중,안전운전불이행,건조,맑음,단일로 - 기타,승용,남,31세,상해없음,보행자,남,54세,경상
2017022600100426,2017년 2월 26일 22시,일요일,인천광역시 서구 경서동,경상사고,0,0,1,0,차대차 - 추돌,안전운전불이행,건조,맑음,교차로 - 교차로부근,승용,남,55세,상해없음,승용,남,28세,경상
2017022700100035,2017년 2월 27일 01시,월요일,인천광역시 부평구 부평동,경상사고,0,0,1,0,차대사람 - 횡단중,안전운전불이행,건조,맑음,단일로 - 기타,승용,남,23세,상해없음,보행자,남,23세,경상
2017022700100073,2017년 2월 27일 06시,월요일,인천광역시 남구 숭의동,중상사고,0,1,0,0,차대사람 - 횡단중,안전운전불이행,건조,기타,단일로 - 기타,승용,남,43세,상해없음,보행자,남,63세,중상
2017022700100074,2017년 2월 27일 06시,월요일,인천광역시 서구 검암동,중상사고,0,1,0,0,차대차 - 측면충돌,신호위반,건조,맑음,교차로 - 교차로안,화물,남,47세,상해없음,승용,남,61세,중상
2017022700100098,2017년 2월 27일 07시,월요일,인천광역시 남동구 고잔동,중상사고,0,1,0,0,차대차 - 측면충돌,안전운전불이행,건조,맑음,교차로 - 교차로횡단보도내,승용,남,24세,상해없음,자전거,여,49세,중상
2017022700100099,2017년 2월 27일 07시,월요일,인천광역시 서구 당하동,경상사고,0,0,1,0,차대차 - 추돌,안전운전불이행,건조,맑음,교차로 - 교차로부근,승용,남,27세,상해없음,승용,남,53세,경상
2017022700100100,2017년 2월 27일 07시,월요일,인천광역시 남동구 남촌동,경상사고,0,0,2,0,차대차 - 추돌,안전운전불이행,건조,맑음,단일로 - 기타,승용,남,43세,상해없음,승용,남,59세,경상
2017022700100126,2017년 2월 27일 08시,월요일,인천광역시 남동구 남촌동,경상사고,0,0,1,0,차대사람 - 횡단중,안전운전불이행,건조,맑음,단일로 - 기타,승용,남,26세,상해없음,보행자,여,55세,경상
2017022700100181,2017년 2월 27일 10시,월요일,인천광역시 서구 경서동,경상사고,0,0,1,0,차대차 - 추돌,안전거리미확보,건조,맑음,단일로 - 기타,화물,남,44세,상해없음,건설기계,남,48세,경상
2017022700100239,2017년 2월 27일 12시,월요일,인천광역시 계양구 용종동,중상사고,0,1,0,0,차대사람 - 횡단중,안전운전불이행,건조,맑음,교차로 - 교차로횡단보도내,승용,남,25세,상해없음,보행자,남,71세,중상
2017022700100340,2017년 2월 27일 15시,월요일,인천광역시 계양구 작전동,경상사고,0,0,1,0,차대차 - 측면충돌,안전운전불이행,건조,맑음,교차로 - 교차로안,승용,남,67세,상해없음,승용,여,58세,경상
2017022700100374,2017년 2월 27일 16시,월요일,인천광역시 남구 주안동,중상사고,0,1,2,0,차대차 - 측면충돌,안전운전불이행,건조,맑음,교차로 - 교차로부근,승합,남,61세,상해없음,화물,남,64세,상해없음
2017022700100375,2017년 2월 27일 16시,월요일,인천광역시 남동구 구월동,경상사고,0,0,1,0,차대사람 - 기타,안전운전불이행,건조,맑음,단일로 - 기타,기타불명,남,23세,상해없음,보행자,남,46세,경상
2017022700100406,2017년 2월 27일 17시,월요일,인천광역시 서구 가좌동,경상사고,0,0,1,0,차대차 - 측면충돌,안전운전불이행,건조,맑음,단일로 - 기타,이륜,남,40세,경상,승용,여,54세,상해없음
2017022700100407,2017년 2월 27일 17시,월요일,인천광역시 부평구 부평동,경상사고,0,0,1,0,차대사람 - 기타,안전운전불이행,건조,맑음,교차로 - 교차로안,승합,남,61세,상해없음,보행자,남,43세,경상
2017022700100441,2017년 2월 27일 18시,월요일,인천광역시 중구 운서동,중상사고,0,1,2,0,차대차 - 측면충돌,신호위반,건조,맑음,교차로 - 교차로안,승용,남,23세,중상,승용,여,43세,경상
2017022700100442,2017년 2월 27일 18시,월요일,인천광역시 부평구 부평동,경상사고,0,0,2,0,차대차 - 추돌,안전운전불이행,건조,맑음,교차로 - 교차로부근,승용,남,50세,상해없음,승용,남,39세,경상
2017022700100474,2017년 2월 27일 19시,월요일,인천광역시 서구 가좌동,부상신고사고,0,0,0,1,차대사람 - 차도통행중,안전운전불이행,건조,맑음,단일로 - 기타,승합,남,44세,상해없음,보행자,남,12세,부상신고
2017022700100506,2017년 2월 27일 20시,월요일,인천광역시 중구 신흥동2가,경상사고,0,0,1,0,차대차 - 측면충돌,안전운전불이행,건조,맑음,교차로 - 교차로안,화물,남,52세,상해없음,승용,남,56세,경상
2017022700100551,2017년 2월 27일 22시,월요일,인천광역시 서구 석남동,경상사고,0,0,1,0,차대차 - 측면충돌,안전운전불이행,건조,맑음,단일로 - 기타,승용,남,56세,상해없음,승용,남,57세,경상
2017022700100552,2017년 2월 27일 22시,월요일,인천광역시 연수구 옥련동,경상사고,0,0,1,0,차대차 - 측면충돌,안전운전불이행,건조,맑음,교차로 - 교차로안,승용,남,51세,상해없음,승용,여,55세,경상
2017022800100041,2017년 2월 28일 01시,화요일,인천광역시 중구 중산동,사망사고,1,0,0,0,차대차 - 추돌,안전운전불이행,건조,맑음,단일로 - 기타,승용,남,57세,사망,승용,남,30세,기타불명
2017022800100078,2017년 2월 28일 06시,화요일,인천광역시 남동구 구월동,경상사고,0,0,2,0,차대차 - 추돌,안전운전불이행,건조,맑음,교차로 - 교차로부근,승용,남,28세,상해없음,승용,남,22세,경상
2017022800100100,2017년 2월 28일 07시,화요일,인천광역시 남구 주안동,경상사고,0,0,1,0,차대차 - 추돌,안전운전불이행,건조,맑음,단일로 - 기타,승용,남,26세,상해없음,승용,남,56세,경상
2017022800100123,2017년 2월 28일 08시,화요일,인천광역시 부평구 십정동,경상사고,0,0,2,0,차대차 - 기타,안전운전불이행,건조,맑음,단일로 - 기타,승용,남,44세,상해없음,승용,여,50세,경상
2017022800100124,2017년 2월 28일 08시,화요일,인천광역시 계양구 작전동,경상사고,0,0,1,0,차대차 - 측면충돌,안전거리미확보,건조,맑음,단일로 - 기타,승용,남,40세,상해없음,화물,남,58세,경상
2017022800100172,2017년 2월 28일 10시,화요일,인천광역시 서구 심곡동,경상사고,0,0,2,0,차대차 - 추돌,안전운전불이행,건조,맑음,단일로 - 기타,승용,여,31세,경상,화물,남,38세,경상
2017022800100195,2017년 2월 28일 11시,화요일,인천광역시 남구 도화동,중상사고,0,1,0,0,차대차 - 측면충돌,안전거리미확보,건조,맑음,교차로 - 교차로부근,승합,남,53세,상해없음,자전거,남,81세,중상
2017022800100196,2017년 2월 28일 11시,화요일,인천광역시 서구 당하동,경상사고,0,0,1,0,차대차 - 후진중충돌,안전운전불이행,건조,맑음,교차로 - 교차로부근,화물,남,52세,상해없음,승용,여,51세,경상