사고번호,사고일시,요일,시군구,사고내용,사망자수,중상자수,경상자수,부상신고자수,사고유형,법규위반,노면상태,기상상태,도로형태,가해운전자 차종,가해운전자 성별,가해운전자 연령,가해운전자 상해정도,피해운전자 차종,피해운전자 성별,피해운전자 연령,피해운전자 상해정도
2017022800100321,2017년 2월 28일 15시,화요일,인천광역시 남구 숭의동,경상사고,0,0,1,0,차대차 - 측면충돌,안전운전불이행,건조,맑음,단일로 - 기타,승용,여,35세,상해없음,승용,남,43세,기타불명
2017022800100322,2017년 2월 28일 15시,화요일,인천광역시 부평구 청천동,중상사고,0,1,0,0,차대차 - 측면충돌,안전운전불이행,건조,맑음,교차로 - 교차로안,화물,남,27세,상해없음,자전거,남,57세,중상
2017022800100323,2017년 2월 28일 15시,화요일,인천광역시 남동구 구월동,경상사고,0,0,1,0,차대사람 - 횡단중,기타,건조,맑음,단일로 - 기타,화물,남,60세,상해없음,보행자,여,65세,경상
2017022800100324,2017년 2월 28일 15시,화요일,인천광역시 서구 석남동,경상사고,0,0,1,0,차대차 - 측면충돌,안전운전불이행,건조,맑음,단일로 - 기타,이륜,남,62세,경상,승용,남,38세,상해없음
2017022800100325,2017년 2월 28일 15시,화요일,인천광역시 서구 원당동,경상사고,0,0,1,0,차대차 - 측면충돌,안전운전불이행,건조,맑음,단일로 - 기타,승용,남,50세,상해없음,승용,남,43세,경상
2017022800100326,2017년 2월 28일 15시,화요일,인천광역시 강화군 교동면,중상사고,0,1,4,0,차대차 - 정면충돌,안전운전불이행,건조,맑음,교차로 - 교차로안,화물,남,71세,경상,승용,남,51세,경상
2017022800100364,2017년 2월 28일 16시,화요일,인천광역시 중구 북성동1가,경상사고,0,0,1,0,차대차 - 측면충돌,교차로운행방법위반,건조,맑음,교차로 - 교차로부근,이륜,남,77세,경상,승용,남,68세,상해없음
2017022800100365,2017년 2월 28일 16시,화요일,인천광역시 남동구 남촌동,중상사고,0,1,0,0,차량단독 - 기타,기타,건조,맑음,단일로 - 기타,승합,남,58세,상해없음,,,,
2017022800100390,2017년 2월 28일 17시,화요일,인천광역시 서구 가정동,중상사고,0,1,0,0,차대차 - 측면충돌,신호위반,건조,맑음,교차로 - 교차로부근,승용,여,42세,상해없음,승용,남,57세,중상
2017022800100426,2017년 2월 28일 18시,화요일,인천광역시 연수구 옥련동,경상사고,0,0,1,0,차대사람 - 횡단중,신호위반,건조,맑음,단일로 - 기타,승용,남,48세,상해없음,보행자,남,10세,경상
2017022800100530,2017년 2월 28일 21시,화요일,인천광역시 부평구 청천동,중상사고,0,1,0,0,차대사람 - 횡단중,보행자보호의무위반,건조,맑음,교차로 - 교차로횡단보도내,승용,남,66세,상해없음,보행자,여,49세,중상
2017022800100584,2017년 2월 28일 23시,화요일,인천광역시 서구 검암동,중상사고,0,2,0,0,차대사람 - 횡단중,안전운전불이행,건조,맑음,교차로 - 교차로횡단보도내,이륜,남,16세,상해없음,보행자,남,44세,중상
2017030100100023,2017년 3월 1일 00시,수요일,인천광역시 남구 용현동,중상사고,0,1,0,0,차량단독 - 공작물충돌,안전운전불이행,건조,맑음,단일로 - 기타,승용,남,58세,상해없음,,,,
2017030100100074,2017년 3월 1일 04시,수요일,인천광역시 남동구 논현동,경상사고,0,0,2,0,차대차 - 측면충돌,신호위반,건조,맑음,교차로 - 교차로안,승용,남,52세,상해없음,승용,남,61세,경상
2017030100100125,2017년 3월 1일 09시,수요일,인천광역시 중구 운서동,경상사고,0,0,2,0,차대차 - 측면충돌,차로위반,건조,맑음,단일로 - 기타,승용,남,41세,상해없음,승용,남,31세,경상
2017030100100126,2017년 3월 1일 09시,수요일,인천광역시 계양구 다남동,중상사고,0,1,2,0,차대차 - 추돌,안전운전불이행,건조,맑음,단일로 - 기타,승용,남,24세,중상,승용,남,63세,경상
2017030100100185,2017년 3월 1일 12시,수요일,인천광역시 남동구 논현동,중상사고,0,2,0,0,차대차 - 측면충돌,교차로운행방법위반,건조,맑음,단일로 - 기타,승용,남,45세,상해없음,승용,남,28세,상해없음
2017030100100232,2017년 3월 1일 14시,수요일,인천광역시 연수구 옥련동,경상사고,0,0,1,0,차대사람 - 횡단중,안전운전불이행,건조,맑음,단일로 - 기타,승용,남,54세,상해없음,보행자,여,65세,경상
2017030100100233,2017년 3월 1일 14시,수요일,인천광역시 연수구 연수동,경상사고,0,0,1,0,차대차 - 측면충돌,교차로운행방법위반,건조,맑음,교차로 - 교차로안,승용,남,56세,기타불명,이륜,남,43세,경상
2017030100100271,2017년 3월 1일 16시,수요일,인천광역시 남동구 간석동,중상사고,0,1,0,0,차대차 - 측면충돌,차로위반,젖음/습기,비,단일로 - 기타,승용,여,24세,기타불명,승용,남,62세,중상
2017030100100272,2017년 3월 1일 16시,수요일,인천광역시 서구 마전동,경상사고,0,0,1,0,차대차 - 측면충돌,신호위반,젖음/습기,흐림,교차로 - 교차로안,원동기,남,43세,경상,승용,남,58세,상해없음
2017030100100298,2017년 3월 1일 17시,수요일,인천광역시 서구 경서동,중상사고,0,1,0,0,차대차 - 측면충돌,안전운전불이행,젖음/습기,비,단일로 - 기타,화물,남,38세,상해없음,이륜,남,17세,중상
2017030100100299,2017년 3월 1일 17시,수요일,인천광역시 계양구 병방동,부상신고사고,0,0,0,4,차대차 - 추돌,안전운전불이행,젖음/습기,비,단일로 - 기타,승용,남,46세,상해없음,승용,남,40세,부상신고
2017030100100326,2017년 3월 1일 18시,수요일,인천광역시 남구 용현동,경상사고,0,0,1,0,차대사람 - 횡단중,보행자보호의무위반,젖음/습기,비,교차로 - 교차로횡단보도내,승용,남,37세,상해없음,보행자,여,12세,경상
2017030100100327,2017년 3월 1일 18시,수요일,인천광역시 부평구 부평동,경상사고,0,0,1,0,차대사람 - 횡단중,안전운전불이행,젖음/습기,비,단일로 - 기타,승용,남,31세,상해없음,보행자,여,45세,경상
2017030100100328,2017년 3월 1일 18시,수요일,인천광역시 남동구 구월동,경상사고,0,0,2,0,차대차 - 측면충돌,신호위반,젖음/습기,비,교차로 - 교차로안,승용,여,25세,상해없음,승용,남,63세,경상
2017030100100329,2017년 3월 1일 18시,수요일,인천광역시 남동구 구월동,경상사고,0,0,1,0,차대차 - 추돌,안전운전불이행,젖음/습기,비,교차로 - 교차로부근,승합,남,63세,기타불명,승용,여,52세,경상
2017030100100330,2017년 3월 1일 18시,수요일,인천광역시 서구 석남동,경상사고,0,0,2,0,차대차 - 추돌,안전운전불이행,젖음/습기,비,교차로 - 교차로부근,승용,남,54세,상해없음,승용,여,38세,경상
2017030100100382,2017년 3월 1일 19시,수요일,인천광역시 연수구 동춘동,중상사고,0,1,0,0,차대사람 - 횡단중,안전운전불이행,젖음/습기,비,단일로 - 기타,승용,여,50세,상해없음,보행자,여,45세,중상
2017030100100383,2017년 3월 1일 19시,수요일,인천광역시 연수구 동춘동,경상사고,0,0,1,0,차대차 - 측면충돌,안전운전불이행,건조,맑음,단일로 - 기타,승용,남,52세,상해없음,이륜,남,46세,경상
2017030100100421,2017년 3월 1일 20시,수요일,인천광역시 서구 경서동,경상사고,0,0,5,0,차대차 - 측면충돌,안전운전불이행,젖음/습기,비,교차로 - 교차로안,승용,남,39세,경상,승용,남,44세,경상
2017030100100453,2017년 3월 1일 21시,수요일,인천광역시 남구 주안동,중상사고,0,2,5,0,차대차 - 측면충돌,안전운전불이행,젖음/습기,비,단일로 - 기타,승용,남,50세,경상,승용,남,26세,상해없음
2017030100100454,2017년 3월 1일 21시,수요일,인천광역시 연수구 송도동,중상사고,0,1,0,0,차대사람 - 길가장자리구역통행중,안전운전불이행,젖음/습기,비,단일로 - 교량,승용,여,44세,상해없음,보행자,남,68세,중상
2017030100100478,2017년 3월 1일 22시,수요일,인천광역시 남구 학익동,경상사고,0,0,2,0,차대차 - 추돌,안전운전불이행,건조,맑음,단일로 - 기타,승합,남,52세,기타불명,승용,남,63세,경상
2017030100100509,2017년 3월 1일 23시,수요일,인천광역시 서구 가좌동,중상사고,0,2,1,0,차대차 - 추돌,과속,젖음/습기,비,교차로 - 교차로부근,승용,남,25세,상해없음,승용,남,33세,경상
2017030100100510,2017년 3월 1일 23시,수요일,인천광역시 연수구 동춘동,경상사고,0,0,1,0,차대차 - 측면충돌,안전운전불이행,젖음/습기,비,단일로 - 기타,기타불명,기타불명,미분류,기타불명,원동기,남,29세,경상
2017030200100029,2017년 3월 2일 00시,목요일,인천광역시 남동구 구월동,경상사고,0,0,2,0,차대차 - 측면충돌,안전운전불이행,건조,맑음,교차로 - 교차로부근,승용,남,77세,상해없음,승용,남,50세,경상
2017030200100048,2017년 3월 2일 02시,목요일,인천광역시 부평구 일신동,경상사고,0,0,2,0,차대차 - 측면충돌,교차로운행방법위반,건조,맑음,교차로 - 교차로부근,승용,남,21세,상해없음,승용,여,44세,경상
2017030200100056,2017년 3월 2일 03시,목요일,인천광역시 남구 주안동,경상사고,0,0,1,0,차대차 - 측면충돌,신호위반,건조,맑음,교차로 - 교차로부근,이륜,남,26세,상해없음,승용,남,29세,경상
2017030200100108,2017년 3월 2일 07시,목요일,인천광역시 남구 숭의동,부상신고사고,0,0,0,1,차대차 - 기타,안전운전불이행,건조,맑음,기타 - 기타,화물,남,49세,기타불명,승용,여,29세,부상신고
2017030200100109,2017년 3월 2일 07시,목요일,인천광역시 서구 금곡동,중상사고,0,1,0,0,차량단독 - 공작물충돌,안전운전불이행,서리/결빙,맑음,단일로 - 기타,승용,남,53세,중상,,,,
2017030200100176,2017년 3월 2일 10시,목요일,인천광역시 남동구 고잔동,경상사고,0,0,2,0,차대차 - 추돌,안전운전불이행,건조,맑음,단일로 - 기타,승용,남,28세,상해없음,승용,남,37세,상해없음
2017030200100177,2017년 3월 2일 10시,목요일,인천광역시 남동구 고잔동,경상사고,0,0,1,0,차대차 - 기타,기타,건조,맑음,주차장 - 주차장,승용,여,36세,상해없음,승용,남,49세,경상
2017030200100221,2017년 3월 2일 12시,목요일,인천광역시 부평구 십정동,경상사고,0,0,4,0,차대차 - 추돌,안전운전불이행,건조,맑음,단일로 - 기타,승용,남,60세,상해없음,승용,남,45세,경상
2017030200100256,2017년 3월 2일 13시,목요일,인천광역시 남구 도화동,중상사고,0,1,0,0,차대차 - 추돌,안전운전불이행,건조,맑음,교차로 - 교차로부근,화물,남,46세,상해없음,승용,남,49세,중상
2017030200100286,2017년 3월 2일 14시,목요일,인천광역시 부평구 일신동,경상사고,0,0,1,0,차대차 - 측면충돌,안전거리미확보,건조,맑음,단일로 - 기타,화물,남,48세,상해없음,승용,남,29세,상해없음
2017030200100368,2017년 3월 2일 17시,목요일,인천광역시 강화군 길상면,중상사고,0,1,0,0,차대차 - 추돌,안전운전불이행,건조,맑음,교차로 - 교차로안,건설기계,남,48세,상해없음,자전거,남,58세,중상
2017030200100397,2017년 3월 2일 18시,목요일,인천광역시 연수구 옥련동,경상사고,0,0,1,0,차대사람 - 길가장자리구역통행중,안전운전불이행,건조,맑음,단일로 - 기타,화물,남,54세,상해없음,보행자,남,44세,경상
2017030200100430,2017년 3월 2일 19시,목요일,인천광역시 부평구 청천동,경상사고,0,0,1,0,차대차 - 측면충돌,안전운전불이행,건조,맑음,교차로 - 교차로부근,승용,남,22세,상해없음,승용,남,35세,경상
2017030200100488,2017년 3월 2일 21시,목요일,인천광역시 남동구 만수동,경상사고,0,0,4,0,차대차 - 기타,신호위반,건조,맑음,교차로 - 교차로안,승합,남,49세,상해없음,원동기,남,25세,경상
2017030200100513,2017년 3월 2일 22시,목요일,인천광역시 서구 가좌동,중상사고,0,1,0,0,차대사람 - 횡단중,안전운전불이행,건조,맑음,단일로 - 기타,승용,여,38세,상해없음,보행자,남,43세,중상
2017030200100514,2017년 3월 2일 22시,목요일,인천광역시 연수구 송도동,중상사고,0,1,1,0,차대차 - 측면충돌,불법유턴,건조,맑음,교차로 - 교차로안,승용,여,52세,중상,승용,남,37세,상해없음
2017030200100515,2017년 3월 2일 22시,목요일,인천광역시 연수구 동춘동,중상사고,0,1,0,0,차대차 - 추돌,안전운전불이행,건조,맑음,교차로 - 교차로부근,승용,여,26세,상해없음,승용,여,25세,중상
2017030300100032,2017년 3월 3일 00시,금요일,인천광역시 남구 주안동,중상사고,0,2,0,0,차대차 - 추돌,안전운전불이행,건조,맑음,단일로 - 기타,승용,남,28세,상해없음,승용,남,50세,중상
2017030300100050,2017년 3월 3일 02시,금요일,인천광역시 남구 도화동,사망사고,1,0,0,0,차량단독 - 공작물충돌,안전운전불이행,건조,맑음,단일로 - 기타,이륜,남,64세,사망,,,,
2017030300100051,2017년 3월 3일 02시,금요일,인천광역시 서구 왕길동,중상사고,0,2,0,0,차대차 - 측면충돌,신호위반,건조,맑음,교차로 - 교차로안,화물,남,32세,상해없음,승용,남,34세,중상
2017030300100055,2017년 3월 3일 03시,금요일,인천광역시 남동구 간석동,중상사고,0,1,0,0,차대차 - 측면충돌,안전운전불이행,건조,맑음,교차로 - 교차로안,승용,남,27세,상해없음,승용,남,37세,중상
2017030300100086,2017년 3월 3일 06시,금요일,인천광역시 남동구 남촌동,중상사고,0,1,0,0,차대차 - 측면충돌,신호위반,건조,맑음,단일로 - 기타,승용,남,56세,상해없음,이륜,남,44세,중상
2017030300100153,2017년 3월 3일 08시,금요일,인천광역시 남동구 구월동,경상사고,0,0,1,0,차대차 - 추돌,교차로운행방법위반,건조,맑음,단일로 - 기타,승용,여,58세,상해없음,이륜,남,27세,경상
2017030300100187,2017년 3월 3일 09시,금요일,인천광역시 남동구 남촌동,경상사고,0,0,1,0,차량단독 - 기타,안전운전불이행,건조,맑음,교차로 - 교차로부근,승용,남,73세,상해없음,,,,
2017030300100188,2017년 3월 3일 09시,금요일,인천광역시 남동구 논현동,중상사고,0,1,0,0,차대사람 - 횡단중,신호위반,건조,맑음,단일로 - 기타,승합,남,59세,상해없음,보행자,여,40세,중상
2017030300100217,2017년 3월 3일 10시,금요일,인천광역시 서구 불로동,중상사고,0,2,2,0,차대차 - 추돌,안전운전불이행,건조,맑음,단일로 - 기타,승합,남,41세,상해없음,승용,남,45세,상해없음
2017030300100276,2017년 3월 3일 12시,금요일,인천광역시 남동구 장수동,경상사고,0,0,1,0,차대차 - 측면충돌,신호위반,건조,맑음,교차로 - 교차로안,화물,남,42세,상해없음,승용,남,66세,경상
2017030300100373,2017년 3월 3일 15시,금요일,인천광역시 부평구 부평동,경상사고,0,0,1,0,차대사람 - 횡단중,안전운전불이행,건조,맑음,단일로 - 기타,승용,남,70세,상해없음,보행자,남,15세,경상
2017030300100374,2017년 3월 3일 15시,금요일,인천광역시 서구 연희동,경상사고,0,0,3,0,차대차 - 측면충돌,신호위반,건조,맑음,교차로 - 교차로안,승용,여,53세,상해없음,승용,남,48세,경상
2017030300100375,2017년 3월 3일 15시,금요일,인천광역시 계양구 효성동,경상사고,0,0,1,0,차대사람 - 기타,안전운전불이행,건조,맑음,주차장 - 주차장,승용,남,86세,상해없음,보행자,남,53세,경상
2017030300100402,2017년 3월 3일 16시,금요일,인천광역시 계양구 작전동,경상사고,0,0,1,0,차대사람 - 기타,안전운전불이행,건조,맑음,단일로 - 기타,화물,남,62세,상해없음,보행자,남,48세,경상
2017030300100440,2017년 3월 3일 17시,금요일,인천광역시 부평구 산곡동,경상사고,0,0,1,0,차대사람 - 횡단중,안전운전불이행,건조,맑음,교차로 - 교차로횡단보도내,승용,남,26세,상해없음,보행자,남,29세,경상
2017030300100488,2017년 3월 3일 18시,금요일,인천광역시 동구 화수동,중상사고,0,1,0,0,차대사람 - 횡단중,안전운전불이행,건조,맑음,단일로 - 기타,화물,남,42세,상해없음,보행자,남,88세,중상
2017030300100489,2017년 3월 3일 18시,금요일,인천광역시 남동구 남촌동,중상사고,0,1,0,0,차대차 - 추돌,신호위반,건조,맑음,단일로 - 기타,승용,남,25세,상해없음,승용,여,36세,중상
2017030300100532,2017년 3월 3일 19시,금요일,인천광역시 서구 연희동,중상사고,0,1,0,0,차대차 - 측면충돌,신호위반,건조,맑음,교차로 - 교차로안,승용,여,35세,상해없음,승용,남,58세,중상
2017030300100533,2017년 3월 3일 19시,금요일,인천광역시 남동구 서창동,경상사고,0,0,1,0,차대차 - 측면충돌,안전거리미확보,건조,맑음,단일로 - 교량,승용,남,60세,상해없음,승용,여,30세,경상
2017030300100584,2017년 3월 3일 21시,금요일,인천광역시 남구 도화동,경상사고,0,0,1,0,차대차 - 추돌,안전운전불이행,건조,맑음,교차로 - 교차로부근,승용,남,48세,상해없음,승용,남,33세,경상
2017030300100605,2017년 3월 3일 22시,금요일,인천광역시 남동구 구월동,경상사고,0,0,2,0,차대차 - 추돌,안전운전불이행,건조,맑음,교차로 - 교차로부근,승용,남,37세,기타불명,승용,여,38세,경상
2017030300100606,2017년 3월 3일 22시,금요일,인천광역시 서구 가좌동,경상사고,0,0,1,0,차대차 - 추돌,과속,건조,맑음,단일로 - 기타,승용,남,25세,경상,화물,남,51세,상해없음
2017030300100626,2017년 3월 3일 23시,금요일,인천광역시 남구 문학동,경상사고,0,0,4,2,차대차 - 추돌,안전운전불이행,건조,맑음,교차로 - 교차로부근,승용,남,32세,상해없음,승용,남,43세,경상
2017030300100627,2017년 3월 3일 23시,금요일,인천광역시 서구 가정동,경상사고,0,0,1,0,차대차 - 측면충돌,중앙선침범,건조,맑음,단일로 - 기타,승용,남,47세,상해없음,승용,남,52세,경상
2017030400100022,2017년 3월 4일 00시,토요일,인천광역시 계양구 갈현동,경상사고,0,0,1,0,차대차 - 측면충돌,안전운전불이행,건조,맑음,기타 - 기타,원동기,남,17세,상해없음,승용,남,66세,경상
2017030400100063,2017년 3월 4일 02시,토요일,인천광역시 남구 주안동,경상사고,0,0,1,0,차대차 - 후진중충돌,안전운전불이행,건조,기타,교차로 - 교차로부근,승용,남,35세,상해없음,승용,남,52세,경상
2017030400100093,2017년 3월 4일 05시,토요일,인천광역시 남동구 구월동,중상사고,0,1,0,0,차대사람 - 횡단중,안전운전불이행,건조,맑음,교차로 - 교차로안,승용,남,56세,상해없음,보행자,남,80세,중상
2017030400100106,2017년 3월 4일 06시,토요일,인천광역시 남동구 고잔동,경상사고,0,0,1,0,차대차 - 추돌,신호위반,건조,맑음,교차로 - 교차로안,승용,남,52세,상해없음,승용,남,49세,경상
2017030400100165,2017년 3월 4일 09시,토요일,인천광역시 남구 문학동,경상사고,0,0,1,0,차대차 - 측면충돌,안전운전불이행,건조,맑음,기타 - 기타,승용,여,35세,상해없음,자전거,남,72세,경상
2017030400100166,2017년 3월 4일 09시,토요일,인천광역시 남구 주안동,경상사고,0,0,3,0,차대차 - 측면충돌,안전운전불이행,건조,맑음,교차로 - 교차로안,승용,남,21세,경상,승용,여,43세,경상
2017030400100167,2017년 3월 4일 09시,토요일,인천광역시 부평구 삼산동,경상사고,0,0,1,0,차대차 - 측면충돌,안전운전불이행,건조,맑음,교차로 - 교차로부근,승용,남,74세,상해없음,자전거,남,15세,경상
2017030400100192,2017년 3월 4일 10시,토요일,인천광역시 서구 원창동,중상사고,0,1,0,0,차대차 - 측면충돌,안전운전불이행,건조,맑음,교차로 - 교차로부근,화물,남,60세,상해없음,승용,남,42세,중상
2017030400100227,2017년 3월 4일 11시,토요일,인천광역시 중구 북성동1가,경상사고,0,0,1,0,차량단독 - 전도전복,안전운전불이행,건조,맑음,단일로 - 기타,자전거,남,54세,경상,미분류,미분류,미분류,미분류
2017030400100302,2017년 3월 4일 13시,토요일,인천광역시 서구 연희동,경상사고,0,0,2,0,차대차 - 측면충돌,안전운전불이행,건조,맑음,교차로 - 교차로부근,승용,남,59세,경상,승합,남,61세,경상
2017030400100331,2017년 3월 4일 14시,토요일,인천광역시 계양구 작전동,경상사고,0,0,2,0,차대차 - 측면충돌,교차로운행방법위반,건조,맑음,교차로 - 교차로부근,승용,남,65세,상해없음,승용,여,41세,경상
2017030400100389,2017년 3월 4일 16시,토요일,인천광역시 강화군 송해면,중상사고,0,1,0,0,차대차 - 측면충돌,중앙선침범,건조,맑음,단일로 - 기타,승용,여,36세,상해없음,이륜,남,33세,중상
2017030400100390,2017년 3월 4일 16시,토요일,인천광역시 연수구 동춘동,경상사고,0,0,1,0,차대사람 - 횡단중,안전운전불이행,건조,맑음,교차로 - 교차로안,승용,남,29세,상해없음,보행자,여,17세,경상
2017030400100418,2017년 3월 4일 17시,토요일,인천광역시 서구 가정동,경상사고,0,0,1,0,차대차 - 측면충돌,안전운전불이행,건조,맑음,단일로 - 기타,승용,남,45세,상해없음,승용,남,64세,경상
2017030400100419,2017년 3월 4일 17시,토요일,인천광역시 계양구 효성동,중상사고,0,3,0,2,차대차 - 측면충돌,신호위반,건조,맑음,교차로 - 교차로안,승용,남,37세,상해없음,승용,남,36세,중상
2017030400100438,2017년 3월 4일 18시,토요일,인천광역시 강화군 하점면,중상사고,0,1,0,0,차대차 - 정면충돌,중앙선침범,건조,맑음,단일로 - 기타,승용,남,61세,상해없음,승용,여,29세,중상
2017030400100471,2017년 3월 4일 19시,토요일,인천광역시 부평구 부평동,중상사고,0,1,0,0,차대사람 - 차도통행중,안전운전불이행,건조,맑음,단일로 - 기타,승용,남,63세,상해없음,보행자,여,21세,중상
2017030400100472,2017년 3월 4일 19시,토요일,인천광역시 남동구 만수동,부상신고사고,0,0,0,1,차대차 - 측면충돌,안전운전불이행,건조,맑음,단일로 - 기타,기타불명,기타불명,미분류,기타불명,자전거,남,53세,부상신고
2017030400100510,2017년 3월 4일 21시,토요일,인천광역시 중구 운서동,경상사고,0,0,1,0,차대차 - 측면충돌,신호위반,건조,맑음,교차로 - 교차로안,승용,남,25세,상해없음,승용,남,45세,경상
2017030400100511,2017년 3월 4일 21시,토요일,인천광역시 남구 학익동,경상사고,0,0,2,0,차대차 - 추돌,안전운전불이행,건조,맑음,단일로 - 기타,승용,남,28세,상해없음,승용,남,37세,상해없음
2017030400100512,2017년 3월 4일 21시,토요일,인천광역시 서구 석남동,경상사고,0,0,1,0,차대차 - 측면충돌,안전운전불이행,건조,맑음,교차로 - 교차로부근,승용,남,64세,상해없음,승용,남,38세,상해없음
2017030400100532,2017년 3월 4일 22시,토요일,인천광역시 서구 검암동,중상사고,0,2,2,0,차대차 - 추돌,안전운전불이행,건조,맑음,단일로 - 교량,승용,여,45세,상해없음,승용,여,53세,경상
2017030400100547,2017년 3월 4일 23시,토요일,인천광역시 중구 신흥동2가,경상사고,0,0,1,0,차대차 - 측면충돌,안전거리미확보,건조,맑음,교차로 - 교차로부근,승합,남,57세,상해없음,이륜,남,35세,경상
2017030500100036,2017년 3월 5일 01시,일요일,인천광역시 서구 왕길동,중상사고,0,1,0,0,차대차 - 측면충돌,중앙선침범,건조,맑음,단일로 - 기타,승용,여,20세,상해없음,이륜,남,38세,중상
2017030500100045,2017년 3월 5일 02시,일요일,인천광역시 계양구 작전동,경상사고,0,0,2,0,차대사람 - 횡단중,안전운전불이행,건조,맑음,교차로 - 교차로횡단보도내,승용,남,26세,상해없음,보행자,남,26세,경상
2017030500100052,2017년 3월 5일 03시,일요일,인천광역시 남동구 수산동,경상사고,0,0,3,0,차대차 - 정면충돌,신호위반,건조,맑음,교차로 - 교차로안,승용,남,23세,상해없음,승용,남,51세,경상
2017030500100060,2017년 3월 5일 05시,일요일,인천광역시 중구 운서동,경상사고,0,0,5,0,차대차 - 측면충돌,신호위반,건조,기타,교차로 - 교차로안,승용,남,58세,상해없음,승용,남,47세,경상
2017030500100070,2017년 3월 5일 06시,일요일,인천광역시 남동구 남촌동,경상사고,0,0,2,0,차대차 - 추돌,안전운전불이행,건조,맑음,단일로 - 기타,승용,남,24세,상해없음,승용,남,69세,경상
2017030500100078,2017년 3월 5일 07시,일요일,인천광역시 남동구 간석동,경상사고,0,0,1,0,차대차 - 추돌,안전운전불이행,건조,맑음,단일로 - 기타,승용,남,24세,상해없음,승용,여,46세,경상
2017030500100204,2017년 3월 5일 14시,일요일,인천광역시 남구 관교동,경상사고,0,0,1,0,차대차 - 추돌,안전운전불이행,건조,맑음,주차장 - 주차장,승용,남,27세,상해없음,승용,여,60세,경상
2017030500100205,2017년 3월 5일 14시,일요일,인천광역시 남동구 논현동,경상사고,0,0,2,0,차대차 - 추돌,안전운전불이행,건조,맑음,교차로 - 교차로부근,승용,남,31세,상해없음,승용,남,50세,경상
2017030500100231,2017년 3월 5일 15시,일요일,인천광역시 남동구 남촌동,부상신고사고,0,0,0,4,차대차 - 측면충돌,안전운전불이행,건조,맑음,단일로 - 기타,승용,남,78세,상해없음,승용,남,43세,부상신고
2017030500100232,2017년 3월 5일 15시,일요일,인천광역시 계양구 병방동,경상사고,0,0,1,0,차대사람 - 횡단중,안전운전불이행,건조,맑음,단일로 - 기타,승용,남,61세,기타불명,보행자,남,37세,경상
2017030500100233,2017년 3월 5일 15시,일요일,인천광역시 계양구 효성동,경상사고,0,0,1,0,차대차 - 측면충돌,안전운전불이행,건조,맑음,단일로 - 기타,승용,남,52세,상해없음,이륜,남,17세,상해없음
2017030500100289,2017년 3월 5일 17시,일요일,인천광역시 남동구 구월동,중상사고,0,1,0,0,차대차 - 추돌,안전거리미확보,건조,맑음,단일로 - 기타,이륜,남,31세,상해없음,승용,남,41세,중상
2017030500100341,2017년 3월 5일 19시,일요일,인천광역시 서구 왕길동,경상사고,0,0,1,0,차대사람 - 횡단중,신호위반,건조,맑음,단일로 - 기타,이륜,남,16세,상해없음,보행자,여,38세,경상
2017030500100381,2017년 3월 5일 20시,일요일,인천광역시 계양구 효성동,부상신고사고,0,0,0,1,차대사람 - 횡단중,안전운전불이행,건조,맑음,교차로 - 교차로안,승용,남,62세,상해없음,보행자,여,22세,부상신고
2017030500100425,2017년 3월 5일 22시,일요일,인천광역시 남구 용현동,경상사고,0,0,1,0,차대차 - 추돌,안전운전불이행,젖음/습기,흐림,교차로 - 교차로안,이륜,남,36세,경상,승용,여,50세,상해없음
2017030600100034,2017년 3월 6일 02시,월요일,인천광역시 계양구 계산동,경상사고,0,0,1,0,차대차 - 측면충돌,안전운전불이행,건조,맑음,단일로 - 기타,승용,남,58세,상해없음,승용,남,60세,경상
2017030600100070,2017년 3월 6일 06시,월요일,인천광역시 남동구 남촌동,경상사고,0,0,1,0,차대차 - 추돌,안전운전불이행,건조,맑음,단일로 - 기타,승용,남,62세,상해없음,승용,남,53세,경상
2017030600100093,2017년 3월 6일 07시,월요일,인천광역시 중구 운서동,사망사고,1,1,0,0,차대차 - 측면충돌,신호위반,건조,맑음,교차로 - 교차로안,화물,남,48세,상해없음,승용,여,55세,사망
2017030600100094,2017년 3월 6일 07시,월요일,인천광역시 남동구 논현동,경상사고,0,0,1,0,차대차 - 후진중충돌,안전운전불이행,건조,맑음,주차장 - 주차장,승용,남,22세,상해없음,승용,남,64세,경상
2017030600100095,2017년 3월 6일 07시,월요일,인천광역시 부평구 부개동,경상사고,0,0,1,0,차대차 - 측면충돌,신호위반,건조,맑음,교차로 - 교차로안,승용,남,28세,상해없음,승용,여,39세,경상
2017030600100132,2017년 3월 6일 08시,월요일,인천광역시 남구 주안동,경상사고,0,0,1,0,차대차 - 기타,안전운전불이행,건조,맑음,단일로 - 기타,승용,여,45세,기타불명,승용,여,25세,경상
2017030600100133,2017년 3월 6일 08시,월요일,인천광역시 부평구 청천동,경상사고,0,0,1,0,차대차 - 측면충돌,신호위반,건조,맑음,교차로 - 교차로부근,승합,남,54세,상해없음,승용,남,76세,경상
2017030600100134,2017년 3월 6일 08시,월요일,인천광역시 남동구 서창동,경상사고,0,0,2,0,차대차 - 측면충돌,교차로운행방법위반,건조,맑음,교차로 - 교차로안,승용,남,22세,상해없음,승용,여,57세,경상
2017030600100157,2017년 3월 6일 09시,월요일,인천광역시 중구 운서동,중상사고,0,1,0,0,차대사람 - 횡단중,보행자보호의무위반,건조,흐림,교차로 - 교차로횡단보도내,화물,남,68세,상해없음,보행자,여,27세,중상