사고번호,사고일시,요일,시군구,사고내용,사망자수,중상자수,경상자수,부상신고자수,사고유형,법규위반,노면상태,기상상태,도로형태,가해운전자 차종,가해운전자 성별,가해운전자 연령,가해운전자 상해정도,피해운전자 차종,피해운전자 성별,피해운전자 연령,피해운전자 상해정도
2017031100100484,2017년 3월 11일 19시,토요일,인천광역시 서구 경서동,중상사고,0,1,0,0,차대차 - 측면충돌,신호위반,건조,맑음,교차로 - 교차로안,이륜,남,31세,상해없음,이륜,남,45세,중상
2017031100100485,2017년 3월 11일 19시,토요일,인천광역시 강화군 강화읍,사망사고,1,0,0,0,차대사람 - 횡단중,보행자보호의무위반,건조,맑음,단일로 - 기타,승용,남,57세,상해없음,보행자,여,80세,사망
2017031100100533,2017년 3월 11일 21시,토요일,인천광역시 남동구 만수동,경상사고,0,0,1,0,차대차 - 측면충돌,안전운전불이행,건조,맑음,단일로 - 기타,승용,남,26세,상해없음,승용,남,57세,경상
2017031100100555,2017년 3월 11일 22시,토요일,인천광역시 남구 주안동,경상사고,0,0,2,0,차대차 - 측면충돌,안전운전불이행,건조,맑음,교차로 - 교차로안,승용,남,40세,상해없음,승용,남,34세,경상
2017031100100573,2017년 3월 11일 23시,토요일,인천광역시 남동구 구월동,중상사고,0,1,0,0,차대사람 - 횡단중,안전운전불이행,건조,맑음,교차로 - 교차로안,승용,여,53세,상해없음,보행자,남,45세,중상
2017031100100574,2017년 3월 11일 23시,토요일,인천광역시 서구 심곡동,경상사고,0,0,4,0,차대차 - 측면충돌,과속,건조,맑음,단일로 - 기타,승용,남,52세,경상,승용,남,28세,경상
2017031200100023,2017년 3월 12일 00시,일요일,인천광역시 연수구 청학동,경상사고,0,0,1,0,차대사람 - 횡단중,보행자보호의무위반,건조,흐림,교차로 - 교차로횡단보도내,승용,남,21세,상해없음,보행자,남,39세,경상
2017031200100057,2017년 3월 12일 03시,일요일,인천광역시 서구 왕길동,중상사고,0,1,0,0,차대차 - 추돌,안전운전불이행,건조,맑음,단일로 - 기타,승용,남,49세,상해없음,승용,여,44세,중상
2017031200100082,2017년 3월 12일 06시,일요일,인천광역시 부평구 부평동,경상사고,0,0,1,0,차대차 - 추돌,안전운전불이행,건조,맑음,단일로 - 기타,승용,남,26세,기타불명,승용,남,48세,상해없음
2017031200100137,2017년 3월 12일 10시,일요일,인천광역시 옹진군 덕적면,경상사고,0,0,1,0,차대사람 - 횡단중,안전운전불이행,건조,맑음,기타 - 기타,기타불명,기타불명,미분류,기타불명,보행자,여,65세,경상
2017031200100178,2017년 3월 12일 12시,일요일,인천광역시 남구 주안동,경상사고,0,0,2,1,차대차 - 추돌,안전운전불이행,건조,맑음,단일로 - 기타,승용,남,47세,상해없음,승용,남,56세,경상
2017031200100179,2017년 3월 12일 12시,일요일,인천광역시 계양구 계산동,경상사고,0,0,2,0,차대차 - 후진중충돌,안전운전불이행,건조,맑음,단일로 - 기타,승용,남,50세,기타불명,승용,남,36세,상해없음
2017031200100220,2017년 3월 12일 14시,일요일,인천광역시 강화군 강화읍,경상사고,0,0,1,0,차대차 - 측면충돌,교차로운행방법위반,건조,맑음,단일로 - 기타,승합,남,44세,상해없음,승용,여,25세,경상
2017031200100274,2017년 3월 12일 16시,일요일,인천광역시 남동구 구월동,중상사고,0,1,0,0,차대차 - 측면충돌,신호위반,건조,맑음,교차로 - 교차로안,기타불명,기타불명,미분류,기타불명,원동기,남,46세,중상
2017031200100275,2017년 3월 12일 16시,일요일,인천광역시 남동구 구월동,경상사고,0,0,1,0,차대차 - 측면충돌,안전운전불이행,건조,맑음,교차로 - 교차로횡단보도내,승용,남,61세,상해없음,자전거,남,12세,경상
2017031200100333,2017년 3월 12일 18시,일요일,인천광역시 부평구 부평동,중상사고,0,1,0,0,차대사람 - 기타,안전운전불이행,건조,맑음,단일로 - 기타,승합,남,56세,상해없음,보행자,여,12세,중상
2017031200100451,2017년 3월 12일 23시,일요일,인천광역시 동구 송현동,중상사고,0,1,0,0,차대차 - 측면충돌,안전운전불이행,건조,맑음,교차로 - 교차로안,승용,남,32세,상해없음,이륜,남,16세,중상
2017031300100027,2017년 3월 13일 01시,월요일,인천광역시 남동구 구월동,중상사고,0,1,0,0,차대차 - 정면충돌,중앙선침범,건조,맑음,교차로 - 교차로안,승용,남,39세,기타불명,승용,여,37세,중상
2017031300100127,2017년 3월 13일 08시,월요일,인천광역시 서구 원당동,경상사고,0,0,3,0,차대차 - 측면충돌,안전운전불이행,건조,맑음,교차로 - 교차로안,승용,여,44세,경상,승용,여,44세,경상
2017031300100128,2017년 3월 13일 08시,월요일,인천광역시 계양구 작전동,경상사고,0,0,1,0,차대사람 - 횡단중,안전운전불이행,건조,맑음,단일로 - 기타,승용,남,28세,상해없음,보행자,여,31세,경상
2017031300100173,2017년 3월 13일 09시,월요일,인천광역시 남동구 구월동,중상사고,0,1,0,0,차대차 - 측면충돌,기타,건조,맑음,단일로 - 기타,자전거,남,50세,중상,승용,남,44세,상해없음
2017031300100272,2017년 3월 13일 13시,월요일,인천광역시 부평구 구산동,경상사고,0,0,1,0,차대차 - 추돌,안전운전불이행,건조,맑음,단일로 - 기타,승용,남,21세,상해없음,승용,여,51세,경상
2017031300100300,2017년 3월 13일 14시,월요일,인천광역시 중구 중산동,중상사고,0,1,0,0,차대차 - 측면충돌,신호위반,건조,맑음,교차로 - 교차로안,승용,여,50세,상해없음,승용,남,75세,중상
2017031300100301,2017년 3월 13일 14시,월요일,인천광역시 남구 학익동,경상사고,0,0,3,0,차대차 - 측면충돌,안전운전불이행,건조,맑음,단일로 - 기타,승용,여,48세,경상,승용,남,38세,경상
2017031300100302,2017년 3월 13일 14시,월요일,인천광역시 서구 검암동,중상사고,0,1,0,0,차대차 - 측면충돌,교차로운행방법위반,건조,맑음,교차로 - 교차로안,승용,남,40세,상해없음,자전거,남,58세,중상
2017031300100366,2017년 3월 13일 16시,월요일,인천광역시 계양구 계산동,경상사고,0,0,1,0,차대사람 - 횡단중,안전운전불이행,건조,맑음,교차로 - 교차로부근,화물,남,46세,상해없음,보행자,남,25세,경상
2017031300100397,2017년 3월 13일 17시,월요일,인천광역시 서구 석남동,경상사고,0,0,1,0,차대사람 - 횡단중,안전운전불이행,건조,맑음,단일로 - 기타,승용,남,40세,상해없음,보행자,여,47세,경상
2017031300100420,2017년 3월 13일 18시,월요일,인천광역시 계양구 효성동,경상사고,0,0,2,0,차대차 - 추돌,안전거리미확보,건조,맑음,단일로 - 기타,화물,남,49세,상해없음,승용,남,36세,경상
2017031300100476,2017년 3월 13일 20시,월요일,인천광역시 남동구 논현동,경상사고,0,0,1,0,차대차 - 추돌,안전운전불이행,건조,맑음,교차로 - 교차로부근,승용,남,38세,기타불명,화물,남,49세,경상
2017031300100503,2017년 3월 13일 21시,월요일,인천광역시 남동구 구월동,경상사고,0,0,2,0,차대차 - 측면충돌,차로위반,건조,맑음,단일로 - 기타,화물,남,61세,상해없음,승용,여,29세,경상
2017031300100540,2017년 3월 13일 23시,월요일,인천광역시 남동구 간석동,경상사고,0,0,1,0,차대차 - 정면충돌,중앙선침범,건조,맑음,단일로 - 기타,승용,남,47세,상해없음,승용,남,35세,경상
2017031300100541,2017년 3월 13일 23시,월요일,인천광역시 부평구 부평동,경상사고,0,0,1,0,차대사람 - 횡단중,안전운전불이행,건조,맑음,단일로 - 기타,기타불명,기타불명,미분류,기타불명,보행자,남,19세,경상
2017031400100021,2017년 3월 14일 00시,화요일,인천광역시 남동구 구월동,경상사고,0,0,1,0,차대사람 - 기타,신호위반,건조,맑음,교차로 - 교차로안,이륜,남,17세,상해없음,보행자,남,38세,경상
2017031400100031,2017년 3월 14일 01시,화요일,인천광역시 연수구 연수동,경상사고,0,0,1,0,차대차 - 측면충돌,안전운전불이행,건조,맑음,교차로 - 교차로안,승용,남,26세,상해없음,승용,남,32세,경상
2017031400100046,2017년 3월 14일 04시,화요일,인천광역시 연수구 동춘동,중상사고,0,1,1,0,차대차 - 추돌,안전운전불이행,건조,맑음,단일로 - 기타,승용,여,34세,상해없음,승용,남,44세,중상
2017031400100057,2017년 3월 14일 05시,화요일,인천광역시 남구 주안동,경상사고,0,0,1,0,차대차 - 측면충돌,안전운전불이행,건조,맑음,교차로 - 교차로안,화물,남,43세,상해없음,이륜,남,31세,경상
2017031400100058,2017년 3월 14일 05시,화요일,인천광역시 서구 백석동,경상사고,0,0,1,0,차대차 - 정면충돌,안전운전불이행,건조,맑음,교차로 - 교차로안,승합,남,44세,상해없음,승용,여,47세,경상
2017031400100084,2017년 3월 14일 07시,화요일,인천광역시 부평구 부평동,경상사고,0,0,1,0,차대사람 - 횡단중,신호위반,건조,맑음,교차로 - 교차로부근,기타불명,기타불명,미분류,기타불명,보행자,여,17세,경상
2017031400100203,2017년 3월 14일 11시,화요일,인천광역시 부평구 청천동,경상사고,0,0,2,0,차대차 - 기타,교차로운행방법위반,건조,맑음,교차로 - 교차로안,승용,남,29세,상해없음,승용,남,62세,경상
2017031400100230,2017년 3월 14일 12시,화요일,인천광역시 남구 학익동,중상사고,0,1,0,0,차대차 - 측면충돌,안전운전불이행,건조,맑음,단일로 - 기타,건설기계,남,54세,상해없음,화물,남,57세,중상
2017031400100256,2017년 3월 14일 13시,화요일,인천광역시 서구 왕길동,경상사고,0,0,1,0,차대차 - 추돌,안전운전불이행,건조,맑음,기타 - 기타,승용,여,36세,상해없음,화물,남,33세,경상
2017031400100257,2017년 3월 14일 13시,화요일,인천광역시 강화군 선원면,경상사고,0,0,2,0,차대차 - 측면충돌,교차로운행방법위반,건조,맑음,교차로 - 교차로안,건설기계,남,27세,상해없음,승용,여,55세,경상
2017031400100291,2017년 3월 14일 14시,화요일,인천광역시 서구 연희동,경상사고,0,0,2,0,차대차 - 측면충돌,안전거리미확보,건조,맑음,단일로 - 기타,승용,여,56세,상해없음,승용,남,48세,경상
2017031400100317,2017년 3월 14일 15시,화요일,인천광역시 남구 학익동,경상사고,0,0,1,0,차대차 - 측면충돌,안전운전불이행,건조,맑음,단일로 - 기타,승용,남,30세,기타불명,승용,남,39세,경상
2017031400100318,2017년 3월 14일 15시,화요일,인천광역시 남동구 서창동,경상사고,0,0,1,0,차대차 - 기타,안전운전불이행,건조,맑음,단일로 - 기타,화물,남,43세,상해없음,화물,남,53세,경상
2017031400100357,2017년 3월 14일 16시,화요일,인천광역시 남구 주안동,경상사고,0,0,4,0,차대차 - 기타,차로위반,건조,맑음,기타 - 기타,승용,여,58세,상해없음,승용,남,69세,상해없음
2017031400100358,2017년 3월 14일 16시,화요일,인천광역시 계양구 효성동,중상사고,0,1,2,0,차대차 - 측면충돌,안전운전불이행,건조,맑음,교차로 - 교차로부근,승용,여,45세,상해없음,승용,여,57세,경상
2017031400100422,2017년 3월 14일 18시,화요일,인천광역시 남동구 서창동,경상사고,0,0,1,0,차대차 - 측면충돌,안전운전불이행,건조,맑음,교차로 - 교차로안,화물,남,53세,상해없음,자전거,남,9세,경상
2017031400100450,2017년 3월 14일 19시,화요일,인천광역시 남구 주안동,경상사고,0,0,2,0,차대차 - 측면충돌,신호위반,건조,맑음,단일로 - 기타,원동기,남,19세,경상,승용,여,43세,경상
2017031400100476,2017년 3월 14일 20시,화요일,인천광역시 부평구 산곡동,중상사고,0,1,0,0,차대차 - 측면충돌,안전운전불이행,건조,맑음,교차로 - 교차로부근,화물,남,37세,상해없음,원동기,남,18세,중상
2017031400100504,2017년 3월 14일 21시,화요일,인천광역시 서구 석남동,부상신고사고,0,0,0,1,차대사람 - 기타,안전운전불이행,건조,맑음,단일로 - 기타,승합,남,37세,상해없음,보행자,남,61세,부상신고
2017031400100505,2017년 3월 14일 21시,화요일,인천광역시 연수구 송도동,경상사고,0,0,1,0,차대차 - 측면충돌,신호위반,건조,맑음,교차로 - 교차로안,승용,여,41세,상해없음,승용,남,47세,경상
2017031400100534,2017년 3월 14일 22시,화요일,인천광역시 부평구 삼산동,경상사고,0,0,2,0,차대차 - 측면충돌,신호위반,건조,맑음,교차로 - 교차로안,승용,여,48세,경상,승용,남,26세,경상
2017031500100031,2017년 3월 15일 00시,수요일,인천광역시 남구 도화동,중상사고,0,1,0,0,차대차 - 기타,안전운전불이행,건조,맑음,단일로 - 기타,원동기,남,27세,중상,승용,여,55세,상해없음
2017031500100032,2017년 3월 15일 00시,수요일,인천광역시 서구 석남동,중상사고,0,2,0,0,차대차 - 추돌,안전운전불이행,건조,맑음,단일로 - 기타,승용,남,23세,상해없음,승용,남,57세,중상
2017031500100044,2017년 3월 15일 01시,수요일,인천광역시 계양구 작전동,중상사고,0,1,0,0,차대사람 - 차도통행중,안전운전불이행,건조,맑음,단일로 - 기타,승용,남,61세,상해없음,보행자,남,23세,중상
2017031500100068,2017년 3월 15일 05시,수요일,인천광역시 남구 주안동,경상사고,0,0,3,0,차대차 - 추돌,안전운전불이행,건조,맑음,단일로 - 기타,승용,남,26세,상해없음,승용,남,49세,경상
2017031500100100,2017년 3월 15일 07시,수요일,인천광역시 중구 신흥동3가,중상사고,0,1,1,0,차대차 - 측면충돌,신호위반,건조,맑음,교차로 - 교차로안,승용,남,76세,상해없음,승용,남,44세,중상
2017031500100142,2017년 3월 15일 08시,수요일,인천광역시 서구 불로동,경상사고,0,0,2,1,차대차 - 추돌,안전운전불이행,건조,맑음,단일로 - 기타,승용,남,46세,경상,승용,남,53세,상해없음
2017031500100143,2017년 3월 15일 08시,수요일,인천광역시 서구 마전동,중상사고,0,1,0,0,차대차 - 추돌,안전운전불이행,건조,맑음,단일로 - 기타,승용,남,47세,상해없음,자전거,남,28세,중상
2017031500100179,2017년 3월 15일 09시,수요일,인천광역시 남구 용현동,경상사고,0,0,1,0,차대차 - 측면충돌,안전운전불이행,건조,맑음,교차로 - 교차로부근,화물,남,57세,상해없음,승용,남,27세,경상
2017031500100180,2017년 3월 15일 09시,수요일,인천광역시 서구 가정동,중상사고,0,1,0,0,차대차 - 측면충돌,차로위반,건조,맑음,기타 - 기타,승용,남,36세,상해없음,승용,여,50세,중상
2017031500100181,2017년 3월 15일 09시,수요일,인천광역시 연수구 연수동,중상사고,0,1,0,0,차대사람 - 보도통행중,기타,건조,맑음,단일로 - 기타,승용,남,42세,상해없음,보행자,남,35세,중상
2017031500100278,2017년 3월 15일 12시,수요일,인천광역시 남동구 구월동,중상사고,0,1,0,0,차대사람 - 횡단중,안전운전불이행,건조,맑음,교차로 - 교차로안,화물,남,54세,상해없음,보행자,남,35세,중상
2017031500100309,2017년 3월 15일 13시,수요일,인천광역시 계양구 작전동,중상사고,0,1,0,0,차대사람 - 횡단중,안전운전불이행,건조,맑음,단일로 - 기타,승용,남,63세,상해없음,보행자,남,8세,중상
2017031500100340,2017년 3월 15일 14시,수요일,인천광역시 서구 가정동,경상사고,0,0,3,0,차대차 - 측면충돌,안전운전불이행,건조,맑음,교차로 - 교차로부근,승용,남,54세,상해없음,승용,남,40세,경상
2017031500100403,2017년 3월 15일 16시,수요일,인천광역시 남구 학익동,경상사고,0,0,2,0,차대차 - 추돌,안전운전불이행,건조,맑음,단일로 - 기타,승용,남,73세,상해없음,승용,남,36세,경상
2017031500100434,2017년 3월 15일 17시,수요일,인천광역시 부평구 산곡동,중상사고,0,1,0,0,차대사람 - 횡단중,안전운전불이행,건조,맑음,단일로 - 기타,승용,남,45세,상해없음,보행자,여,68세,중상
2017031500100435,2017년 3월 15일 17시,수요일,인천광역시 부평구 십정동,경상사고,0,0,1,0,차대차 - 측면충돌,안전운전불이행,건조,맑음,단일로 - 기타,승용,남,37세,상해없음,승용,남,66세,경상
2017031500100482,2017년 3월 15일 18시,수요일,인천광역시 남구 도화동,중상사고,0,1,0,0,차대차 - 후진중충돌,안전운전불이행,건조,맑음,기타 - 기타,기타불명,기타불명,미분류,기타불명,자전거,남,78세,중상
2017031500100523,2017년 3월 15일 19시,수요일,인천광역시 계양구 작전동,경상사고,0,0,1,0,차대차 - 측면충돌,안전운전불이행,건조,맑음,교차로 - 교차로안,승용,남,63세,상해없음,승용,남,53세,경상
2017031500100524,2017년 3월 15일 19시,수요일,인천광역시 연수구 연수동,중상사고,0,1,0,0,차대사람 - 횡단중,보행자보호의무위반,건조,맑음,교차로 - 교차로안,승용,여,28세,상해없음,보행자,남,76세,중상
2017031500100548,2017년 3월 15일 20시,수요일,인천광역시 남동구 구월동,경상사고,0,0,1,0,차대차 - 측면충돌,안전운전불이행,건조,맑음,교차로 - 교차로안,승용,여,24세,상해없음,승용,여,30세,경상
2017031500100618,2017년 3월 15일 23시,수요일,인천광역시 연수구 동춘동,경상사고,0,0,1,0,차대차 - 측면충돌,안전운전불이행,건조,흐림,주차장 - 주차장,승용,여,45세,상해없음,승용,남,53세,경상
2017031600100060,2017년 3월 16일 05시,목요일,인천광역시 계양구 효성동,중상사고,0,1,0,0,차대차 - 측면충돌,신호위반,건조,맑음,교차로 - 교차로안,이륜,남,75세,중상,화물,남,36세,상해없음
2017031600100097,2017년 3월 16일 07시,목요일,인천광역시 강화군 강화읍,중상사고,0,10,0,0,차대차 - 정면충돌,중앙선침범,젖음/습기,맑음,단일로 - 교량,승용,남,58세,중상,승합,남,57세,중상
2017031600100133,2017년 3월 16일 08시,목요일,인천광역시 부평구 부평동,중상사고,0,1,0,0,차대사람 - 횡단중,안전운전불이행,건조,맑음,교차로 - 교차로안,승용,남,53세,기타불명,보행자,여,29세,중상
2017031600100134,2017년 3월 16일 08시,목요일,인천광역시 남동구 논현동,사망사고,1,0,0,0,차대사람 - 횡단중,기타,건조,맑음,단일로 - 기타,화물,남,53세,상해없음,보행자,여,80세,사망
2017031600100135,2017년 3월 16일 08시,목요일,인천광역시 계양구 서운동,경상사고,0,0,1,0,차대차 - 기타,차로위반,건조,맑음,단일로 - 기타,승용,남,30세,상해없음,승용,남,30세,경상
2017031600100217,2017년 3월 16일 11시,목요일,인천광역시 남구 주안동,경상사고,0,0,1,0,차대사람 - 보도통행중,기타,건조,맑음,단일로 - 기타,승용,남,63세,상해없음,보행자,여,27세,경상
2017031600100218,2017년 3월 16일 11시,목요일,인천광역시 부평구 부평동,중상사고,0,1,0,0,차대차 - 측면충돌,중앙선침범,건조,맑음,기타 - 기타,승용,남,30세,기타불명,승용,여,32세,중상
2017031600100219,2017년 3월 16일 11시,목요일,인천광역시 연수구 청학동,경상사고,0,0,2,0,차대차 - 측면충돌,교차로운행방법위반,건조,맑음,교차로 - 교차로안,승용,남,26세,상해없음,승용,남,36세,경상
2017031600100293,2017년 3월 16일 14시,목요일,인천광역시 남구 주안동,경상사고,0,0,1,0,차대차 - 정면충돌,교차로운행방법위반,건조,맑음,교차로 - 교차로부근,승용,여,35세,상해없음,승용,남,67세,경상
2017031600100323,2017년 3월 16일 15시,목요일,인천광역시 부평구 산곡동,경상사고,0,0,1,0,차대차 - 측면충돌,안전운전불이행,건조,맑음,단일로 - 기타,이륜,남,25세,상해없음,이륜,남,19세,경상
2017031600100324,2017년 3월 16일 15시,목요일,인천광역시 남동구 서창동,경상사고,0,0,1,0,차대차 - 정면충돌,안전운전불이행,건조,맑음,단일로 - 기타,화물,남,66세,상해없음,승용,남,53세,경상
2017031600100325,2017년 3월 16일 15시,목요일,인천광역시 계양구 계산동,중상사고,0,1,0,0,차대차 - 측면충돌,기타,건조,맑음,단일로 - 기타,승용,남,45세,상해없음,이륜,남,18세,중상
2017031600100326,2017년 3월 16일 15시,목요일,인천광역시 연수구 선학동,경상사고,0,0,1,0,차대사람 - 차도통행중,안전운전불이행,건조,맑음,단일로 - 기타,화물,남,38세,상해없음,보행자,여,78세,경상
2017031600100354,2017년 3월 16일 16시,목요일,인천광역시 부평구 십정동,경상사고,0,0,1,0,차대사람 - 횡단중,보행자보호의무위반,건조,맑음,단일로 - 기타,승용,여,35세,상해없음,보행자,남,4세,경상
2017031600100355,2017년 3월 16일 16시,목요일,인천광역시 남동구 만수동,경상사고,0,0,1,0,차대사람 - 횡단중,신호위반,건조,맑음,교차로 - 교차로부근,승용,남,47세,기타불명,보행자,남,9세,경상
2017031600100356,2017년 3월 16일 16시,목요일,인천광역시 남동구 만수동,경상사고,0,0,1,0,차대차 - 기타,안전거리미확보,건조,맑음,단일로 - 기타,승용,여,20세,상해없음,승용,남,61세,상해없음
2017031600100357,2017년 3월 16일 16시,목요일,인천광역시 서구 불로동,경상사고,0,0,1,0,차대차 - 추돌,안전운전불이행,건조,맑음,단일로 - 기타,승용,남,53세,상해없음,승용,남,30세,경상
2017031600100358,2017년 3월 16일 16시,목요일,인천광역시 강화군 길상면,경상사고,0,0,1,0,차대차 - 추돌,안전운전불이행,건조,맑음,단일로 - 기타,승용,남,55세,상해없음,승용,남,52세,경상
2017031600100432,2017년 3월 16일 18시,목요일,인천광역시 남동구 간석동,경상사고,0,0,1,0,차대차 - 측면충돌,안전운전불이행,건조,흐림,기타 - 기타,승합,남,67세,상해없음,승용,남,34세,경상
2017031600100485,2017년 3월 16일 20시,목요일,인천광역시 남동구 간석동,경상사고,0,0,1,0,차대차 - 측면충돌,교차로운행방법위반,건조,맑음,교차로 - 교차로부근,승용,남,41세,상해없음,승용,남,33세,경상
2017031600100486,2017년 3월 16일 20시,목요일,인천광역시 강화군 선원면,경상사고,0,0,1,0,차대차 - 측면충돌,안전운전불이행,건조,맑음,교차로 - 교차로안,화물,남,62세,상해없음,화물,남,59세,경상
2017031600100541,2017년 3월 16일 22시,목요일,인천광역시 중구 송월동1가,경상사고,0,0,1,0,차대차 - 측면충돌,신호위반,건조,맑음,단일로 - 기타,승용,남,28세,상해없음,이륜,남,16세,경상
2017031600100542,2017년 3월 16일 22시,목요일,인천광역시 남동구 만수동,중상사고,0,1,0,0,차대사람 - 횡단중,보행자보호의무위반,건조,맑음,단일로 - 기타,승용,남,45세,상해없음,보행자,여,55세,중상
2017031600100543,2017년 3월 16일 22시,목요일,인천광역시 연수구 연수동,중상사고,0,1,0,0,차대사람 - 횡단중,안전운전불이행,건조,맑음,단일로 - 기타,승용,여,55세,상해없음,보행자,남,80세,중상
2017031700100032,2017년 3월 17일 00시,금요일,인천광역시 부평구 부평동,경상사고,0,0,1,0,차대사람 - 횡단중,신호위반,건조,맑음,교차로 - 교차로안,승용,남,61세,상해없음,보행자,남,29세,경상
2017031700100040,2017년 3월 17일 01시,금요일,인천광역시 남구 숭의동,경상사고,0,0,1,0,차대차 - 측면충돌,안전운전불이행,건조,맑음,단일로 - 기타,승용,남,19세,상해없음,승용,남,57세,경상
2017031700100070,2017년 3월 17일 04시,금요일,인천광역시 부평구 삼산동,경상사고,0,0,1,0,차대차 - 추돌,안전운전불이행,건조,맑음,단일로 - 기타,승용,여,20세,상해없음,승용,남,38세,경상
2017031700100093,2017년 3월 17일 06시,금요일,인천광역시 남동구 만수동,중상사고,0,1,0,0,차대사람 - 횡단중,안전운전불이행,건조,맑음,단일로 - 기타,승용,남,51세,상해없음,보행자,남,44세,중상
2017031700100144,2017년 3월 17일 08시,금요일,인천광역시 서구 가좌동,경상사고,0,0,1,0,차대차 - 측면충돌,안전거리미확보,건조,맑음,단일로 - 기타,승용,남,71세,상해없음,원동기,남,54세,경상
2017031700100145,2017년 3월 17일 08시,금요일,인천광역시 남구 관교동,중상사고,0,1,0,0,차대차 - 측면충돌,신호위반,건조,맑음,교차로 - 교차로안,화물,여,67세,상해없음,승용,여,31세,중상
2017031700100146,2017년 3월 17일 08시,금요일,인천광역시 남동구 만수동,경상사고,0,0,2,0,차대차 - 추돌,안전운전불이행,건조,맑음,교차로 - 교차로부근,승용,남,72세,기타불명,화물,여,53세,경상
2017031700100177,2017년 3월 17일 09시,금요일,인천광역시 서구 경서동,경상사고,0,0,4,0,차대차 - 추돌,안전운전불이행,건조,맑음,단일로 - 지하차도(도로)내,건설기계,남,74세,상해없음,승용,남,32세,상해없음
2017031700100178,2017년 3월 17일 09시,금요일,인천광역시 남동구 도림동,경상사고,0,0,1,0,차대차 - 측면충돌,안전운전불이행,건조,맑음,기타 - 기타,특수,남,38세,상해없음,건설기계,남,58세,경상
2017031700100255,2017년 3월 17일 12시,금요일,인천광역시 서구 불로동,중상사고,0,1,0,0,차량단독 - 기타,안전운전불이행,건조,맑음,교차로 - 교차로안,승합,남,35세,상해없음,,,,
2017031700100285,2017년 3월 17일 13시,금요일,인천광역시 남동구 간석동,경상사고,0,0,1,0,차대차 - 추돌,안전운전불이행,건조,맑음,교차로 - 교차로부근,화물,남,54세,상해없음,승용,남,35세,경상
2017031700100286,2017년 3월 17일 13시,금요일,인천광역시 서구 가좌동,경상사고,0,0,1,0,차대사람 - 보도통행중,안전운전불이행,건조,맑음,단일로 - 기타,승용,남,48세,상해없음,보행자,여,58세,경상
2017031700100287,2017년 3월 17일 13시,금요일,인천광역시 연수구 송도동,중상사고,0,2,0,0,차대차 - 측면충돌,신호위반,건조,맑음,교차로 - 교차로안,승용,남,48세,상해없음,승용,여,52세,중상
2017031700100321,2017년 3월 17일 14시,금요일,인천광역시 남구 학익동,경상사고,0,0,1,0,차대차 - 추돌,안전운전불이행,건조,맑음,단일로 - 기타,승합,남,57세,기타불명,승용,여,45세,경상
2017031700100322,2017년 3월 17일 14시,금요일,인천광역시 남동구 구월동,중상사고,0,1,0,0,차대사람 - 보도통행중,안전운전불이행,건조,맑음,단일로 - 기타,승용,남,60세,상해없음,보행자,남,67세,중상
2017031700100323,2017년 3월 17일 14시,금요일,인천광역시 계양구 평동,중상사고,0,1,3,0,차대차 - 정면충돌,중앙선침범,건조,맑음,단일로 - 기타,승용,남,50세,경상,승용,남,56세,경상
2017031700100324,2017년 3월 17일 14시,금요일,인천광역시 강화군 강화읍,경상사고,0,0,1,0,차량단독 - 기타,안전운전불이행,건조,맑음,기타 - 기타,승합,남,57세,상해없음,,,,
2017031700100387,2017년 3월 17일 16시,금요일,인천광역시 남구 주안동,경상사고,0,0,1,0,차대사람 - 횡단중,신호위반,건조,맑음,단일로 - 기타,승용,남,55세,상해없음,보행자,여,41세,경상
2017031700100388,2017년 3월 17일 16시,금요일,인천광역시 서구 신현동,경상사고,0,0,1,0,차대차 - 측면충돌,안전운전불이행,건조,맑음,단일로 - 기타,승용,남,55세,상해없음,승용,여,54세,경상
2017031700100418,2017년 3월 17일 17시,금요일,인천광역시 남구 숭의동,경상사고,0,0,1,0,차대차 - 측면충돌,안전운전불이행,건조,맑음,단일로 - 기타,승용,남,70세,상해없음,승용,남,38세,경상
2017031700100456,2017년 3월 17일 18시,금요일,인천광역시 남동구 만수동,경상사고,0,0,1,0,차대차 - 추돌,안전운전불이행,건조,맑음,기타 - 기타,승용,남,51세,상해없음,승용,남,54세,경상
2017031700100503,2017년 3월 17일 19시,금요일,인천광역시 남동구 서창동,경상사고,0,0,2,0,차대차 - 추돌,안전거리미확보,건조,맑음,단일로 - 교량,승용,여,62세,상해없음,승용,남,36세,경상
2017031700100504,2017년 3월 17일 19시,금요일,인천광역시 남동구 도림동,경상사고,0,0,1,0,차대차 - 추돌,안전거리미확보,건조,맑음,단일로 - 교량,승용,남,30세,상해없음,승용,남,44세,경상
2017031700100540,2017년 3월 17일 20시,금요일,인천광역시 서구 경서동,중상사고,0,1,1,0,차대차 - 측면충돌,안전운전불이행,건조,맑음,단일로 - 기타,이륜,남,16세,중상,승용,남,61세,경상
2017031700100541,2017년 3월 17일 20시,금요일,인천광역시 연수구 옥련동,중상사고,0,1,0,0,차대차 - 정면충돌,교차로운행방법위반,건조,맑음,교차로 - 교차로안,승용,여,26세,상해없음,원동기,남,16세,중상