사고번호,사고일시,요일,시군구,사고내용,사망자수,중상자수,경상자수,부상신고자수,사고유형,법규위반,노면상태,기상상태,도로형태,가해운전자 차종,가해운전자 성별,가해운전자 연령,가해운전자 상해정도,피해운전자 차종,피해운전자 성별,피해운전자 연령,피해운전자 상해정도
2017031700100606,2017년 3월 17일 22시,금요일,인천광역시 부평구 십정동,경상사고,0,0,1,0,차대차 - 측면충돌,신호위반,건조,맑음,단일로 - 기타,승용,남,31세,상해없음,이륜,남,23세,경상
2017031700100633,2017년 3월 17일 23시,금요일,인천광역시 남구 학익동,경상사고,0,0,1,0,차대차 - 측면충돌,안전운전불이행,건조,맑음,단일로 - 기타,승용,남,41세,상해없음,승합,남,56세,경상
2017031800100055,2017년 3월 18일 01시,토요일,인천광역시 서구 석남동,중상사고,0,1,0,0,차량단독 - 공작물충돌,안전운전불이행,건조,맑음,교차로 - 교차로안,이륜,남,16세,중상,,,,
2017031800100268,2017년 3월 18일 12시,토요일,인천광역시 서구 석남동,경상사고,0,0,2,0,차대차 - 측면충돌,안전운전불이행,건조,맑음,교차로 - 교차로부근,승합,남,28세,상해없음,승용,남,41세,상해없음
2017031800100269,2017년 3월 18일 12시,토요일,인천광역시 연수구 선학동,경상사고,0,0,1,0,차대차 - 측면충돌,교차로운행방법위반,건조,맑음,교차로 - 교차로안,승용,남,31세,상해없음,승용,남,55세,경상
2017031800100339,2017년 3월 18일 14시,토요일,인천광역시 남동구 만수동,경상사고,0,0,1,1,차대차 - 측면충돌,교차로운행방법위반,건조,맑음,교차로 - 교차로안,승용,남,52세,상해없음,이륜,남,73세,경상
2017031800100402,2017년 3월 18일 16시,토요일,인천광역시 남구 관교동,경상사고,0,0,1,0,차대차 - 측면충돌,안전운전불이행,건조,기타,기타 - 기타,승용,여,42세,상해없음,승용,여,35세,경상
2017031800100466,2017년 3월 18일 18시,토요일,인천광역시 남구 용현동,중상사고,0,1,0,0,차대차 - 측면충돌,안전운전불이행,건조,맑음,단일로 - 기타,승용,여,24세,상해없음,원동기,남,36세,중상
2017031800100467,2017년 3월 18일 18시,토요일,인천광역시 남동구 고잔동,중상사고,0,1,0,0,차대차 - 추돌,안전운전불이행,건조,맑음,단일로 - 기타,원동기,남,19세,중상,화물,남,32세,상해없음
2017031800100542,2017년 3월 18일 20시,토요일,인천광역시 서구 석남동,경상사고,0,0,1,0,차대사람 - 횡단중,안전운전불이행,건조,맑음,교차로 - 교차로부근,승용,남,57세,상해없음,보행자,남,51세,경상
2017031800100566,2017년 3월 18일 21시,토요일,인천광역시 서구 신현동,경상사고,0,0,1,0,차대차 - 기타,기타,건조,맑음,단일로 - 기타,승합,남,37세,상해없음,원동기,남,29세,상해없음
2017031800100567,2017년 3월 18일 21시,토요일,인천광역시 연수구 청학동,부상신고사고,0,0,0,1,차대차 - 측면충돌,안전거리미확보,건조,맑음,단일로 - 기타,기타불명,기타불명,미분류,기타불명,승용,남,50세,부상신고
2017031800100585,2017년 3월 18일 22시,토요일,인천광역시 남동구 구월동,중상사고,0,1,0,0,차대차 - 추돌,교차로운행방법위반,건조,맑음,교차로 - 교차로안,이륜,남,18세,중상,승용,남,46세,상해없음
2017031800100586,2017년 3월 18일 22시,토요일,인천광역시 계양구 작전동,중상사고,0,1,0,0,차대차 - 측면충돌,안전거리미확보,건조,맑음,교차로 - 교차로안,화물,남,48세,상해없음,이륜,남,56세,중상
2017031800100601,2017년 3월 18일 23시,토요일,인천광역시 연수구 송도동,경상사고,0,0,2,0,차대차 - 측면충돌,안전운전불이행,건조,맑음,교차로 - 교차로횡단보도내,화물,남,53세,상해없음,승용,남,32세,경상
2017031900100109,2017년 3월 19일 06시,일요일,인천광역시 중구 답동,중상사고,0,2,0,0,차대차 - 측면충돌,교차로운행방법위반,건조,맑음,교차로 - 교차로안,승용,여,51세,상해없음,이륜,남,17세,중상
2017031900100110,2017년 3월 19일 06시,일요일,인천광역시 연수구 선학동,경상사고,0,0,1,0,차대차 - 추돌,안전운전불이행,건조,맑음,교차로 - 교차로부근,승용,남,31세,상해없음,승용,남,63세,경상
2017031900100119,2017년 3월 19일 07시,일요일,인천광역시 부평구 일신동,경상사고,0,0,1,0,차대차 - 기타,안전운전불이행,건조,맑음,단일로 - 기타,승용,남,21세,상해없음,승용,여,51세,경상
2017031900100164,2017년 3월 19일 10시,일요일,인천광역시 남동구 구월동,경상사고,0,0,1,0,차대사람 - 횡단중,안전운전불이행,건조,맑음,단일로 - 기타,승용,남,37세,상해없음,보행자,여,68세,경상
2017031900100165,2017년 3월 19일 10시,일요일,인천광역시 서구 경서동,중상사고,0,1,0,3,차대차 - 측면충돌,안전운전불이행,건조,맑음,교차로 - 교차로부근,승용,남,40세,상해없음,승용,남,51세,중상
2017031900100211,2017년 3월 19일 12시,일요일,인천광역시 중구 경동,경상사고,0,0,2,0,차대사람 - 횡단중,안전운전불이행,건조,맑음,단일로 - 기타,승용,여,36세,상해없음,보행자,여,11세,경상
2017031900100212,2017년 3월 19일 12시,일요일,인천광역시 남구 주안동,경상사고,0,0,1,0,차대사람 - 횡단중,안전운전불이행,건조,맑음,단일로 - 기타,승용,남,54세,상해없음,보행자,여,32세,경상
2017031900100213,2017년 3월 19일 12시,일요일,인천광역시 남동구 간석동,경상사고,0,0,1,0,차대차 - 기타,안전운전불이행,건조,맑음,단일로 - 기타,승용,남,15세,기타불명,승용,남,45세,상해없음
2017031900100265,2017년 3월 19일 14시,일요일,인천광역시 남구 용현동,부상신고사고,0,0,0,1,차대차 - 추돌,안전운전불이행,건조,맑음,기타 - 기타,화물,남,59세,상해없음,승용,남,46세,부상신고
2017031900100318,2017년 3월 19일 16시,일요일,인천광역시 남동구 논현동,부상신고사고,0,0,0,1,차대차 - 측면충돌,안전운전불이행,건조,맑음,교차로 - 교차로부근,기타불명,기타불명,미분류,기타불명,자전거,남,12세,부상신고
2017031900100345,2017년 3월 19일 17시,일요일,인천광역시 계양구 작전동,경상사고,0,0,1,0,차대사람 - 횡단중,보행자보호의무위반,건조,맑음,교차로 - 교차로횡단보도내,승합,남,58세,상해없음,보행자,여,58세,경상
2017031900100367,2017년 3월 19일 18시,일요일,인천광역시 남동구 만수동,경상사고,0,0,1,0,차대차 - 추돌,안전거리미확보,건조,맑음,단일로 - 기타,승용,남,29세,기타불명,승용,여,48세,경상
2017031900100409,2017년 3월 19일 19시,일요일,인천광역시 남동구 구월동,경상사고,0,0,3,0,차대차 - 정면충돌,신호위반,건조,맑음,교차로 - 교차로안,승용,남,30세,상해없음,승용,남,27세,경상
2017031900100433,2017년 3월 19일 20시,일요일,인천광역시 남동구 만수동,경상사고,0,0,1,0,차대사람 - 기타,안전운전불이행,건조,맑음,단일로 - 기타,승용,남,58세,상해없음,보행자,남,49세,경상
2017031900100434,2017년 3월 19일 20시,일요일,인천광역시 연수구 동춘동,사망사고,1,0,0,0,차대사람 - 횡단중,안전운전불이행,건조,흐림,교차로 - 교차로안,승용,남,58세,상해없음,보행자,남,57세,사망
2017031900100435,2017년 3월 19일 20시,일요일,인천광역시 연수구 송도동,중상사고,0,1,0,0,차대차 - 측면충돌,안전운전불이행,건조,맑음,단일로 - 기타,승용,여,36세,상해없음,이륜,남,30세,중상
2017031900100485,2017년 3월 19일 23시,일요일,인천광역시 남구 주안동,경상사고,0,0,2,0,차대차 - 추돌,안전운전불이행,건조,맑음,교차로 - 교차로부근,승용,남,31세,상해없음,승용,남,26세,경상
2017031900100486,2017년 3월 19일 23시,일요일,인천광역시 남동구 남촌동,중상사고,0,1,3,0,차대차 - 정면충돌,신호위반,건조,맑음,교차로 - 교차로안,승용,남,52세,상해없음,승용,여,47세,중상
2017032000100034,2017년 3월 20일 03시,월요일,인천광역시 연수구 송도동,경상사고,0,0,1,0,차대차 - 측면충돌,안전운전불이행,건조,맑음,단일로 - 기타,승용,남,17세,상해없음,승용,여,19세,경상
2017032000100077,2017년 3월 20일 07시,월요일,인천광역시 남동구 구월동,중상사고,0,1,0,0,차대차 - 측면충돌,안전운전불이행,건조,맑음,단일로 - 기타,자전거,남,38세,중상,승용,남,25세,상해없음
2017032000100078,2017년 3월 20일 07시,월요일,인천광역시 서구 석남동,경상사고,0,0,1,0,차대차 - 추돌,안전운전불이행,건조,맑음,교차로 - 교차로부근,승합,남,56세,상해없음,승용,남,65세,경상
2017032000100079,2017년 3월 20일 07시,월요일,인천광역시 연수구 선학동,경상사고,0,0,1,0,차대차 - 측면충돌,안전거리미확보,건조,맑음,단일로 - 기타,화물,남,70세,상해없음,승용,남,35세,경상
2017032000100113,2017년 3월 20일 08시,월요일,인천광역시 서구 원창동,경상사고,0,0,1,0,차대차 - 측면충돌,안전거리미확보,건조,맑음,단일로 - 기타,화물,남,59세,상해없음,승용,남,43세,경상
2017032000100114,2017년 3월 20일 08시,월요일,인천광역시 서구 연희동,경상사고,0,0,1,0,차대사람 - 횡단중,안전운전불이행,건조,맑음,교차로 - 교차로안,기타불명,기타불명,미분류,기타불명,보행자,여,13세,경상
2017032000100139,2017년 3월 20일 09시,월요일,인천광역시 남동구 간석동,경상사고,0,0,2,0,차대차 - 측면충돌,안전운전불이행,건조,맑음,단일로 - 기타,이륜,남,64세,경상,승용,여,45세,경상
2017032000100161,2017년 3월 20일 10시,월요일,인천광역시 계양구 효성동,중상사고,0,2,1,0,차대차 - 측면충돌,신호위반,건조,맑음,교차로 - 교차로부근,승용,남,48세,상해없음,승용,남,60세,중상
2017032000100182,2017년 3월 20일 11시,월요일,인천광역시 남구 주안동,부상신고사고,0,0,0,1,차대차 - 기타,안전운전불이행,건조,맑음,교차로 - 교차로안,화물,남,47세,기타불명,승용,남,52세,부상신고
2017032000100183,2017년 3월 20일 11시,월요일,인천광역시 서구 원창동,경상사고,0,0,1,0,차대차 - 측면충돌,안전운전불이행,건조,맑음,단일로 - 기타,승합,남,36세,상해없음,화물,남,44세,경상
2017032000100184,2017년 3월 20일 11시,월요일,인천광역시 서구 검암동,경상사고,0,0,3,0,차대차 - 추돌,안전운전불이행,건조,맑음,교차로 - 교차로부근,화물,남,48세,상해없음,승용,남,56세,경상
2017032000100206,2017년 3월 20일 12시,월요일,인천광역시 남동구 구월동,경상사고,0,0,1,0,차량단독 - 기타,기타,건조,맑음,교차로 - 교차로부근,승합,남,46세,상해없음,,,,
2017032000100226,2017년 3월 20일 13시,월요일,인천광역시 남동구 간석동,중상사고,0,1,0,0,차대사람 - 횡단중,보행자보호의무위반,건조,맑음,교차로 - 교차로횡단보도내,승용,여,37세,상해없음,보행자,남,76세,중상
2017032000100266,2017년 3월 20일 14시,월요일,인천광역시 서구 신현동,부상신고사고,0,0,0,1,차대차 - 측면충돌,안전운전불이행,건조,맑음,기타 - 기타,이륜,남,54세,부상신고,화물,남,24세,상해없음
2017032000100300,2017년 3월 20일 15시,월요일,인천광역시 계양구 작전동,중상사고,0,1,0,0,차량단독 - 기타,안전운전불이행,건조,맑음,단일로 - 기타,승합,남,51세,상해없음,,,,
2017032000100360,2017년 3월 20일 17시,월요일,인천광역시 부평구 십정동,중상사고,0,1,0,0,차대차 - 측면충돌,안전운전불이행,건조,맑음,단일로 - 기타,화물,남,35세,상해없음,자전거,남,57세,중상
2017032000100456,2017년 3월 20일 19시,월요일,인천광역시 남구 용현동,경상사고,0,0,1,0,차대사람 - 횡단중,안전운전불이행,건조,맑음,단일로 - 기타,원동기,남,37세,상해없음,보행자,남,6세,경상
2017032000100457,2017년 3월 20일 19시,월요일,인천광역시 계양구 서운동,경상사고,0,0,1,0,차대차 - 측면충돌,차로위반,건조,맑음,단일로 - 기타,승용,남,23세,상해없음,승용,남,24세,경상
2017032000100487,2017년 3월 20일 20시,월요일,인천광역시 남동구 만수동,중상사고,0,1,1,0,차대차 - 정면충돌,신호위반,건조,맑음,교차로 - 교차로안,승용,여,51세,중상,승용,남,38세,경상
2017032000100488,2017년 3월 20일 20시,월요일,인천광역시 계양구 계산동,경상사고,0,0,1,0,차대차 - 기타,안전운전불이행,건조,맑음,단일로 - 기타,승용,여,51세,상해없음,이륜,남,25세,경상
2017032000100514,2017년 3월 20일 21시,월요일,인천광역시 남동구 만수동,중상사고,0,1,1,0,차대차 - 측면충돌,안전거리미확보,건조,맑음,단일로 - 기타,화물,남,52세,경상,승용,여,67세,중상
2017032100100062,2017년 3월 21일 03시,화요일,인천광역시 남동구 만수동,경상사고,0,0,1,0,차대차 - 추돌,안전운전불이행,건조,맑음,단일로 - 기타,화물,남,52세,경상,화물,남,60세,상해없음
2017032100100063,2017년 3월 21일 03시,화요일,인천광역시 서구 석남동,중상사고,0,1,0,0,차대차 - 추돌,안전운전불이행,건조,맑음,교차로 - 교차로안,승용,여,44세,상해없음,자전거,남,64세,중상
2017032100100117,2017년 3월 21일 07시,화요일,인천광역시 계양구 병방동,경상사고,0,0,3,0,차대차 - 측면충돌,신호위반,건조,맑음,교차로 - 교차로안,이륜,남,20세,경상,승용,남,53세,경상
2017032100100153,2017년 3월 21일 08시,화요일,인천광역시 계양구 동양동,경상사고,0,0,2,0,차대차 - 측면충돌,교차로운행방법위반,건조,맑음,교차로 - 교차로안,승용,여,39세,경상,승합,남,39세,상해없음
2017032100100191,2017년 3월 21일 09시,화요일,인천광역시 중구 신흥동3가,경상사고,0,0,1,0,차대차 - 측면충돌,안전운전불이행,건조,맑음,단일로 - 기타,화물,남,47세,상해없음,화물,남,40세,경상
2017032100100235,2017년 3월 21일 11시,화요일,인천광역시 강화군 강화읍,경상사고,0,0,2,0,차대차 - 추돌,안전운전불이행,건조,맑음,단일로 - 기타,화물,남,44세,상해없음,승용,여,49세,경상
2017032100100338,2017년 3월 21일 15시,화요일,인천광역시 서구 심곡동,경상사고,0,0,1,0,차대차 - 측면충돌,안전운전불이행,건조,맑음,단일로 - 기타,승용,남,49세,상해없음,승용,여,41세,경상
2017032100100362,2017년 3월 21일 16시,화요일,인천광역시 남구 학익동,중상사고,0,1,0,0,차대사람 - 횡단중,안전운전불이행,건조,맑음,단일로 - 기타,승용,남,51세,상해없음,보행자,남,17세,중상
2017032100100363,2017년 3월 21일 16시,화요일,인천광역시 서구 가좌동,경상사고,0,0,1,0,차대차 - 측면충돌,안전거리미확보,건조,맑음,단일로 - 기타,승용,남,30세,상해없음,승합,남,40세,경상
2017032100100364,2017년 3월 21일 16시,화요일,인천광역시 계양구 효성동,중상사고,0,1,0,0,차대차 - 측면충돌,안전운전불이행,건조,맑음,교차로 - 교차로안,승합,남,73세,상해없음,승용,남,54세,중상
2017032100100402,2017년 3월 21일 17시,화요일,인천광역시 부평구 갈산동,중상사고,0,1,3,0,차대차 - 추돌,안전운전불이행,건조,맑음,단일로 - 기타,승용,여,53세,상해없음,화물,남,53세,경상
2017032100100440,2017년 3월 21일 18시,화요일,인천광역시 남구 용현동,경상사고,0,0,1,0,차대차 - 정면충돌,안전운전불이행,건조,맑음,기타 - 기타,승용,남,48세,경상,승용,남,64세,기타불명
2017032100100468,2017년 3월 21일 19시,화요일,인천광역시 부평구 청천동,경상사고,0,0,2,0,차대차 - 측면충돌,안전운전불이행,건조,맑음,단일로 - 기타,화물,남,64세,상해없음,승용,남,51세,경상
2017032100100500,2017년 3월 21일 20시,화요일,인천광역시 서구 석남동,경상사고,0,0,3,0,차대차 - 측면충돌,교차로운행방법위반,건조,맑음,교차로 - 교차로부근,승용,여,45세,상해없음,승용,남,43세,경상
2017032100100523,2017년 3월 21일 21시,화요일,인천광역시 부평구 십정동,경상사고,0,0,2,0,차대차 - 측면충돌,안전운전불이행,건조,맑음,교차로 - 교차로안,승용,남,28세,상해없음,승용,남,47세,경상
2017032100100524,2017년 3월 21일 21시,화요일,인천광역시 남동구 구월동,경상사고,0,0,2,0,차대차 - 추돌,안전운전불이행,건조,맑음,교차로 - 교차로안,승용,여,24세,경상,승용,남,65세,상해없음
2017032100100542,2017년 3월 21일 22시,화요일,인천광역시 부평구 갈산동,경상사고,0,0,2,0,차대차 - 측면충돌,신호위반,건조,맑음,교차로 - 교차로안,승용,여,49세,상해없음,승용,남,65세,경상
2017032200100050,2017년 3월 22일 04시,수요일,인천광역시 남구 주안동,중상사고,0,1,0,0,차대사람 - 횡단중,보행자보호의무위반,건조,맑음,교차로 - 교차로안,승용,남,53세,상해없음,보행자,여,57세,중상
2017032200100056,2017년 3월 22일 05시,수요일,인천광역시 서구 원창동,중상사고,0,1,0,0,차대차 - 측면충돌,신호위반,건조,맑음,교차로 - 교차로안,승용,남,58세,상해없음,승용,남,55세,중상
2017032200100092,2017년 3월 22일 07시,수요일,인천광역시 계양구 효성동,중상사고,0,1,0,0,차대차 - 측면충돌,중앙선침범,건조,맑음,단일로 - 기타,승용,남,54세,상해없음,자전거,남,51세,중상
2017032200100130,2017년 3월 22일 08시,수요일,인천광역시 서구 가좌동,경상사고,0,0,1,0,차대사람 - 횡단중,안전운전불이행,건조,맑음,교차로 - 교차로부근,승용,남,77세,기타불명,보행자,남,23세,경상
2017032200100131,2017년 3월 22일 08시,수요일,인천광역시 연수구 송도동,경상사고,0,0,1,0,차대차 - 측면충돌,안전운전불이행,건조,맑음,교차로 - 교차로부근,승용,남,46세,상해없음,기타불명,남,26세,경상
2017032200100165,2017년 3월 22일 09시,수요일,인천광역시 남동구 구월동,중상사고,0,1,0,0,차대사람 - 차도통행중,안전운전불이행,건조,맑음,단일로 - 기타,승용,여,60세,상해없음,보행자,남,57세,중상
2017032200100166,2017년 3월 22일 09시,수요일,인천광역시 서구 연희동,부상신고사고,0,0,0,1,차대차 - 측면충돌,안전운전불이행,건조,맑음,교차로 - 교차로횡단보도내,승용,여,54세,기타불명,자전거,남,30세,부상신고
2017032200100167,2017년 3월 22일 09시,수요일,인천광역시 연수구 연수동,경상사고,0,0,1,0,차대차 - 측면충돌,교차로운행방법위반,건조,맑음,교차로 - 교차로안,승용,남,25세,상해없음,승용,남,51세,경상
2017032200100218,2017년 3월 22일 11시,수요일,인천광역시 남동구 논현동,경상사고,0,0,1,0,차대차 - 측면충돌,신호위반,건조,맑음,교차로 - 교차로안,화물,남,58세,상해없음,승용,남,53세,경상
2017032200100219,2017년 3월 22일 11시,수요일,인천광역시 계양구 작전동,경상사고,0,0,1,0,차대사람 - 횡단중,보행자보호의무위반,건조,맑음,교차로 - 교차로안,이륜,남,18세,상해없음,보행자,여,60세,경상
2017032200100295,2017년 3월 22일 14시,수요일,인천광역시 서구 연희동,경상사고,0,0,3,0,차대차 - 추돌,안전운전불이행,건조,맑음,단일로 - 교량,화물,남,34세,상해없음,승용,남,31세,경상
2017032200100296,2017년 3월 22일 14시,수요일,인천광역시 서구 마전동,사망사고,1,0,0,0,차대차 - 측면충돌,신호위반,건조,맑음,교차로 - 교차로부근,이륜,남,65세,사망,화물,남,47세,상해없음
2017032200100320,2017년 3월 22일 15시,수요일,인천광역시 남구 주안동,경상사고,0,0,1,0,차대사람 - 횡단중,안전운전불이행,건조,맑음,단일로 - 기타,승용,남,53세,상해없음,보행자,여,50세,경상
2017032200100351,2017년 3월 22일 16시,수요일,인천광역시 중구 항동6가,경상사고,0,0,1,0,차대차 - 측면충돌,안전운전불이행,건조,흐림,교차로 - 교차로부근,기타불명,기타불명,미분류,기타불명,승용,남,57세,상해없음
2017032200100428,2017년 3월 22일 18시,수요일,인천광역시 남동구 구월동,경상사고,0,0,1,0,차대사람 - 횡단중,보행자보호의무위반,건조,맑음,교차로 - 교차로횡단보도내,승용,여,41세,상해없음,보행자,여,48세,경상
2017032200100465,2017년 3월 22일 19시,수요일,인천광역시 서구 당하동,경상사고,0,0,1,0,차대사람 - 횡단중,안전운전불이행,건조,맑음,단일로 - 기타,승용,여,42세,상해없음,보행자,여,4세,경상
2017032200100516,2017년 3월 22일 21시,수요일,인천광역시 동구 송현동,경상사고,0,0,1,0,차대차 - 측면충돌,안전운전불이행,건조,맑음,단일로 - 기타,승용,남,67세,상해없음,자전거,남,82세,경상
2017032200100517,2017년 3월 22일 21시,수요일,인천광역시 남구 용현동,경상사고,0,0,1,0,차대차 - 기타,신호위반,건조,맑음,교차로 - 교차로안,승합,남,54세,상해없음,승용,여,55세,경상
2017032200100518,2017년 3월 22일 21시,수요일,인천광역시 남동구 간석동,경상사고,0,0,2,0,차대차 - 정면충돌,신호위반,건조,맑음,교차로 - 교차로안,승용,여,60세,상해없음,승용,남,42세,경상
2017032200100519,2017년 3월 22일 21시,수요일,인천광역시 연수구 동춘동,경상사고,0,0,2,0,차대차 - 추돌,안전운전불이행,건조,맑음,단일로 - 기타,승용,여,49세,상해없음,승용,여,46세,경상
2017032300100044,2017년 3월 23일 01시,목요일,인천광역시 부평구 부평동,중상사고,0,1,0,0,차대차 - 추돌,신호위반,건조,맑음,교차로 - 교차로안,승용,남,39세,상해없음,승용,남,55세,중상
2017032300100128,2017년 3월 23일 08시,목요일,인천광역시 계양구 방축동,경상사고,0,0,1,0,차량단독 - 기타,기타,건조,맑음,단일로 - 기타,승합,남,43세,상해없음,,,,
2017032300100151,2017년 3월 23일 09시,목요일,인천광역시 부평구 갈산동,중상사고,0,1,0,0,차대사람 - 횡단중,안전운전불이행,건조,맑음,단일로 - 기타,승합,여,46세,상해없음,보행자,여,71세,중상
2017032300100180,2017년 3월 23일 10시,목요일,인천광역시 서구 원창동,경상사고,0,0,1,0,차대차 - 추돌,안전운전불이행,건조,맑음,단일로 - 기타,승용,여,27세,상해없음,승용,남,51세,경상
2017032300100214,2017년 3월 23일 11시,목요일,인천광역시 남동구 고잔동,중상사고,0,1,0,0,차대차 - 측면충돌,안전운전불이행,건조,맑음,교차로 - 교차로안,승합,남,62세,상해없음,이륜,남,37세,중상
2017032300100252,2017년 3월 23일 13시,목요일,인천광역시 서구 가정동,경상사고,0,0,1,0,차대차 - 추돌,안전운전불이행,건조,맑음,단일로 - 기타,화물,남,55세,상해없음,승용,남,44세,경상
2017032300100253,2017년 3월 23일 13시,목요일,인천광역시 서구 가좌동,경상사고,0,0,4,0,차대차 - 추돌,직진우회전진행방해,건조,맑음,교차로 - 교차로부근,승용,남,72세,경상,승용,남,34세,경상
2017032300100280,2017년 3월 23일 14시,목요일,인천광역시 남동구 간석동,경상사고,0,0,1,0,차대차 - 측면충돌,교차로운행방법위반,건조,맑음,교차로 - 교차로안,승용,여,56세,상해없음,승용,여,45세,경상
2017032300100281,2017년 3월 23일 14시,목요일,인천광역시 강화군 하점면,중상사고,0,1,1,0,차대차 - 측면충돌,안전운전불이행,건조,맑음,단일로 - 기타,화물,남,46세,상해없음,승용,남,70세,중상
2017032300100311,2017년 3월 23일 15시,목요일,인천광역시 부평구 청천동,경상사고,0,0,1,0,차대차 - 측면충돌,교차로운행방법위반,건조,맑음,교차로 - 교차로안,화물,남,46세,상해없음,원동기,남,46세,경상
2017032300100312,2017년 3월 23일 15시,목요일,인천광역시 부평구 구산동,경상사고,0,0,1,0,차대차 - 기타,안전운전불이행,건조,맑음,단일로 - 기타,승용,남,43세,상해없음,승합,남,71세,경상
2017032300100349,2017년 3월 23일 16시,목요일,인천광역시 남동구 논현동,중상사고,0,1,1,0,차대차 - 추돌,신호위반,건조,맑음,교차로 - 교차로안,이륜,남,30세,중상,승용,여,48세,경상
2017032300100350,2017년 3월 23일 16시,목요일,인천광역시 서구 경서동,중상사고,0,1,2,0,차대차 - 측면충돌,과속,건조,맑음,교차로 - 교차로안,승용,남,51세,경상,승용,남,67세,경상
2017032300100420,2017년 3월 23일 18시,목요일,인천광역시 부평구 삼산동,경상사고,0,0,1,0,차대차 - 추돌,안전운전불이행,건조,맑음,교차로 - 교차로안,화물,여,54세,상해없음,화물,남,45세,경상
2017032300100506,2017년 3월 23일 20시,목요일,인천광역시 서구 불로동,중상사고,0,1,0,0,차대사람 - 차도통행중,안전운전불이행,건조,맑음,단일로 - 기타,이륜,남,34세,상해없음,보행자,여,47세,중상
2017032300100539,2017년 3월 23일 21시,목요일,인천광역시 옹진군 연평면,중상사고,0,1,0,0,차대사람 - 보도통행중,안전운전불이행,건조,맑음,단일로 - 기타,화물,남,37세,상해없음,보행자,남,34세,중상
2017032300100540,2017년 3월 23일 21시,목요일,인천광역시 남구 용현동,경상사고,0,0,1,0,차대사람 - 횡단중,안전운전불이행,건조,맑음,단일로 - 기타,승용,남,37세,상해없음,보행자,여,59세,경상
2017032300100541,2017년 3월 23일 21시,목요일,인천광역시 계양구 계산동,부상신고사고,0,0,0,1,차대차 - 측면충돌,차로위반,건조,맑음,단일로 - 기타,승용,여,41세,기타불명,승용,남,38세,부상신고
2017032300100589,2017년 3월 23일 23시,목요일,인천광역시 서구 가정동,경상사고,0,0,1,0,차대차 - 측면충돌,신호위반,건조,맑음,교차로 - 교차로안,승용,남,69세,상해없음,이륜,남,38세,경상
2017032300100590,2017년 3월 23일 23시,목요일,인천광역시 연수구 청학동,경상사고,0,0,1,0,차대차 - 측면충돌,신호위반,건조,맑음,교차로 - 교차로안,승용,여,48세,상해없음,승용,남,63세,경상
2017032400100057,2017년 3월 24일 01시,금요일,인천광역시 부평구 부평동,부상신고사고,0,0,0,1,차대사람 - 횡단중,신호위반,건조,맑음,교차로 - 교차로횡단보도내,승용,남,46세,상해없음,보행자,남,49세,부상신고
2017032400100075,2017년 3월 24일 03시,금요일,인천광역시 계양구 효성동,경상사고,0,0,3,0,차대차 - 추돌,안전운전불이행,건조,맑음,단일로 - 기타,승용,남,49세,상해없음,승용,여,23세,경상
2017032400100086,2017년 3월 24일 05시,금요일,인천광역시 남구 용현동,부상신고사고,0,0,0,1,차대차 - 측면충돌,안전운전불이행,건조,맑음,단일로 - 기타,기타불명,기타불명,미분류,기타불명,자전거,남,73세,부상신고
2017032400100087,2017년 3월 24일 05시,금요일,인천광역시 서구 연희동,중상사고,0,1,0,0,차대사람 - 횡단중,신호위반,건조,맑음,교차로 - 교차로안,건설기계,남,43세,상해없음,보행자,여,55세,중상
2017032400100117,2017년 3월 24일 07시,금요일,인천광역시 서구 경서동,경상사고,0,0,2,0,차대차 - 측면충돌,신호위반,건조,맑음,교차로 - 교차로안,승용,남,60세,상해없음,건설기계,남,61세,경상
2017032400100147,2017년 3월 24일 08시,금요일,인천광역시 남구 용현동,부상신고사고,0,0,0,1,차대사람 - 기타,안전운전불이행,건조,맑음,교차로 - 교차로부근,승용,남,63세,기타불명,보행자,여,39세,부상신고
2017032400100148,2017년 3월 24일 08시,금요일,인천광역시 강화군 화도면,경상사고,0,0,1,0,차대차 - 측면충돌,안전운전불이행,건조,맑음,기타 - 기타,이륜,남,55세,경상,승용,여,57세,상해없음
2017032400100179,2017년 3월 24일 09시,금요일,인천광역시 남동구 고잔동,경상사고,0,0,1,0,차대차 - 후진중충돌,안전운전불이행,건조,맑음,단일로 - 기타,건설기계,남,35세,상해없음,승용,여,38세,경상
2017032400100233,2017년 3월 24일 11시,금요일,인천광역시 부평구 부평동,중상사고,0,1,0,0,차대차 - 측면충돌,안전운전불이행,건조,맑음,교차로 - 교차로안,승용,남,58세,상해없음,승용,여,56세,중상
2017032400100259,2017년 3월 24일 12시,금요일,인천광역시 남구 용현동,경상사고,0,0,1,0,차대차 - 기타,기타,건조,맑음,단일로 - 기타,화물,남,42세,기타불명,승용,여,46세,경상
2017032400100292,2017년 3월 24일 13시,금요일,인천광역시 남동구 구월동,경상사고,0,0,1,0,차대차 - 측면충돌,안전거리미확보,건조,맑음,교차로 - 교차로안,화물,남,44세,상해없음,승용,남,26세,경상
2017032400100293,2017년 3월 24일 13시,금요일,인천광역시 연수구 동춘동,경상사고,0,0,1,0,차대차 - 측면충돌,중앙선침범,건조,맑음,단일로 - 기타,승용,남,62세,상해없음,승합,남,44세,경상