사고번호,사고일시,요일,시군구,사고내용,사망자수,중상자수,경상자수,부상신고자수,사고유형,법규위반,노면상태,기상상태,도로형태,가해운전자 차종,가해운전자 성별,가해운전자 연령,가해운전자 상해정도,피해운전자 차종,피해운전자 성별,피해운전자 연령,피해운전자 상해정도
2017033100100022,2017년 3월 31일 00시,금요일,인천광역시 남동구 간석동,경상사고,0,0,1,0,차대차 - 측면충돌,신호위반,건조,맑음,교차로 - 교차로부근,승용,남,21세,상해없음,화물,남,63세,경상
2017033100100082,2017년 3월 31일 06시,금요일,인천광역시 남동구 서창동,경상사고,0,0,1,0,차대차 - 측면충돌,안전운전불이행,건조,맑음,교차로 - 교차로안,화물,남,62세,상해없음,화물,남,45세,상해없음
2017033100100102,2017년 3월 31일 07시,금요일,인천광역시 남동구 구월동,중상사고,0,1,0,0,차대차 - 측면충돌,안전운전불이행,건조,맑음,단일로 - 기타,승용,여,56세,상해없음,승용,남,45세,중상
2017033100100103,2017년 3월 31일 07시,금요일,인천광역시 서구 마전동,부상신고사고,0,0,0,1,차대차 - 측면충돌,과속,건조,맑음,단일로 - 기타,승용,남,24세,상해없음,승용,남,58세,부상신고
2017033100100104,2017년 3월 31일 07시,금요일,인천광역시 계양구 서운동,경상사고,0,0,1,0,차대차 - 추돌,안전운전불이행,건조,맑음,교차로 - 교차로부근,승용,남,64세,상해없음,승용,여,60세,경상
2017033100100148,2017년 3월 31일 08시,금요일,인천광역시 남구 관교동,경상사고,0,0,1,0,차대차 - 측면충돌,안전운전불이행,건조,맑음,단일로 - 기타,승용,여,35세,상해없음,승용,남,71세,경상
2017033100100203,2017년 3월 31일 09시,금요일,인천광역시 중구 운서동,중상사고,0,1,1,0,차대차 - 추돌,안전운전불이행,건조,맑음,교차로 - 교차로안,승용,남,47세,상해없음,승용,여,37세,중상
2017033100100231,2017년 3월 31일 10시,금요일,인천광역시 서구 가좌동,경상사고,0,0,2,0,차대차 - 측면충돌,안전운전불이행,건조,맑음,단일로 - 기타,특수,남,53세,상해없음,승용,남,32세,경상
2017033100100275,2017년 3월 31일 12시,금요일,인천광역시 서구 석남동,경상사고,0,0,1,0,차대차 - 측면충돌,안전운전불이행,젖음/습기,흐림,교차로 - 교차로안,자전거,여,56세,경상,화물,남,38세,상해없음
2017033100100324,2017년 3월 31일 14시,금요일,인천광역시 남동구 남촌동,경상사고,0,0,2,1,차대차 - 추돌,중앙선침범,건조,맑음,단일로 - 기타,화물,남,60세,상해없음,승용,남,66세,경상
2017033100100351,2017년 3월 31일 15시,금요일,인천광역시 부평구 부평동,경상사고,0,0,2,0,차대차 - 측면충돌,안전운전불이행,건조,맑음,단일로 - 기타,승용,남,42세,경상,화물,남,38세,경상
2017033100100390,2017년 3월 31일 16시,금요일,인천광역시 계양구 계산동,경상사고,0,0,1,0,차대차 - 측면충돌,안전운전불이행,건조,맑음,기타 - 기타,승용,남,48세,상해없음,승용,남,45세,경상
2017033100100422,2017년 3월 31일 17시,금요일,인천광역시 서구 석남동,경상사고,0,0,2,0,차대차 - 측면충돌,안전운전불이행,건조,맑음,단일로 - 고가도로위,승용,남,54세,상해없음,승용,남,25세,경상
2017033100100454,2017년 3월 31일 18시,금요일,인천광역시 계양구 박촌동,경상사고,0,0,1,0,차대차 - 추돌,안전운전불이행,건조,맑음,교차로 - 교차로부근,승용,남,35세,상해없음,승용,여,46세,경상
2017033100100495,2017년 3월 31일 19시,금요일,인천광역시 서구 경서동,경상사고,0,0,2,0,차대차 - 측면충돌,신호위반,건조,맑음,교차로 - 교차로안,승용,남,54세,상해없음,승용,남,35세,경상
2017033100100536,2017년 3월 31일 20시,금요일,인천광역시 남동구 장수동,경상사고,0,0,3,0,차대차 - 추돌,안전운전불이행,건조,흐림,단일로 - 기타,승용,여,41세,상해없음,승용,남,67세,경상
2017033100100537,2017년 3월 31일 20시,금요일,인천광역시 남동구 만수동,경상사고,0,0,1,0,차대차 - 측면충돌,안전운전불이행,건조,맑음,교차로 - 교차로안,승용,여,67세,상해없음,이륜,남,36세,경상
2017033100100538,2017년 3월 31일 20시,금요일,인천광역시 서구 금곡동,중상사고,0,1,0,0,차대차 - 추돌,안전운전불이행,건조,맑음,교차로 - 교차로부근,이륜,남,52세,중상,승용,남,29세,상해없음
2017033100100539,2017년 3월 31일 20시,금요일,인천광역시 계양구 계산동,중상사고,0,1,0,0,차대차 - 정면충돌,중앙선침범,건조,맑음,기타 - 기타,승용,남,46세,상해없음,화물,남,47세,중상
2017033100100574,2017년 3월 31일 21시,금요일,인천광역시 부평구 산곡동,중상사고,0,1,0,0,차대사람 - 횡단중,안전운전불이행,건조,맑음,단일로 - 기타,이륜,남,17세,상해없음,보행자,여,65세,중상
2017033100100575,2017년 3월 31일 21시,금요일,인천광역시 남동구 구월동,경상사고,0,0,2,0,차대차 - 측면충돌,안전운전불이행,건조,맑음,단일로 - 기타,승용,남,28세,상해없음,이륜,남,23세,경상
2017033100100576,2017년 3월 31일 21시,금요일,인천광역시 남동구 간석동,중상사고,0,1,0,0,차량단독 - 기타,안전운전불이행,건조,맑음,단일로 - 기타,승합,남,49세,상해없음,,,,
2017033100100616,2017년 3월 31일 22시,금요일,인천광역시 남구 용현동,중상사고,0,1,0,0,차대사람 - 횡단중,안전운전불이행,건조,맑음,단일로 - 기타,승용,남,54세,상해없음,보행자,여,47세,중상
2017033100100617,2017년 3월 31일 22시,금요일,인천광역시 계양구 서운동,경상사고,0,0,1,0,차대차 - 추돌,안전운전불이행,건조,맑음,교차로 - 교차로부근,승용,남,36세,상해없음,승용,여,61세,경상
2017033100100643,2017년 3월 31일 23시,금요일,인천광역시 남동구 논현동,경상사고,0,0,3,0,차대차 - 추돌,안전운전불이행,건조,맑음,교차로 - 교차로부근,승용,남,30세,상해없음,승용,남,24세,경상
2017033100100644,2017년 3월 31일 23시,금요일,인천광역시 부평구 갈산동,경상사고,0,0,2,0,차대차 - 추돌,안전운전불이행,건조,흐림,교차로 - 교차로부근,화물,남,38세,상해없음,승용,남,31세,경상
2017040100100038,2017년 4월 1일 00시,토요일,인천광역시 연수구 송도동,경상사고,0,0,2,0,차대차 - 추돌,안전운전불이행,건조,맑음,단일로 - 기타,승용,남,21세,상해없음,승용,남,60세,경상
2017040100100039,2017년 4월 1일 00시,토요일,인천광역시 부평구 갈산동,경상사고,0,0,1,0,차대차 - 측면충돌,안전운전불이행,건조,맑음,단일로 - 기타,이륜,남,19세,상해없음,승용,남,50세,상해없음
2017040100100040,2017년 4월 1일 00시,토요일,인천광역시 부평구 삼산동,경상사고,0,0,1,1,차대차 - 측면충돌,과속,건조,맑음,단일로 - 기타,승용,남,25세,부상신고,승용,남,31세,경상
2017040100100087,2017년 4월 1일 03시,토요일,인천광역시 계양구 계산동,경상사고,0,0,2,0,차대차 - 추돌,안전운전불이행,건조,맑음,단일로 - 기타,승용,남,46세,상해없음,승용,남,64세,경상
2017040100100088,2017년 4월 1일 03시,토요일,인천광역시 서구 가좌동,중상사고,0,1,1,0,차대차 - 추돌,안전운전불이행,건조,맑음,단일로 - 기타,승용,남,31세,상해없음,화물,남,70세,중상
2017040100100100,2017년 4월 1일 04시,토요일,인천광역시 남동구 구월동,부상신고사고,0,0,0,1,차대사람 - 길가장자리구역통행중,안전운전불이행,건조,맑음,단일로 - 기타,기타불명,기타불명,미분류,기타불명,보행자,남,20세,부상신고
2017040100100101,2017년 4월 1일 04시,토요일,인천광역시 계양구 계산동,경상사고,0,0,2,1,차대차 - 추돌,안전운전불이행,건조,맑음,단일로 - 기타,승용,여,45세,상해없음,승용,남,46세,부상신고
2017040100100118,2017년 4월 1일 05시,토요일,인천광역시 부평구 일신동,중상사고,0,2,0,0,차대차 - 추돌,안전운전불이행,건조,맑음,교차로 - 교차로부근,승용,남,23세,상해없음,승합,남,61세,중상
2017040100100145,2017년 4월 1일 07시,토요일,인천광역시 남동구 논현동,중상사고,0,1,0,0,차대차 - 측면충돌,신호위반,건조,맑음,교차로 - 교차로안,화물,남,61세,상해없음,승용,남,49세,중상
2017040100100174,2017년 4월 1일 09시,토요일,인천광역시 동구 송림동,중상사고,0,1,0,0,차대차 - 측면충돌,중앙선침범,건조,맑음,단일로 - 기타,자전거,남,73세,중상,승용,남,22세,상해없음
2017040100100175,2017년 4월 1일 09시,토요일,인천광역시 부평구 갈산동,중상사고,0,1,0,0,차대사람 - 횡단중,신호위반,건조,맑음,교차로 - 교차로안,승합,남,39세,상해없음,보행자,여,59세,중상
2017040100100242,2017년 4월 1일 12시,토요일,인천광역시 서구 연희동,경상사고,0,0,1,0,차대차 - 측면충돌,안전운전불이행,건조,맑음,단일로 - 기타,승용,여,53세,기타불명,자전거,남,8세,경상
2017040100100243,2017년 4월 1일 12시,토요일,인천광역시 강화군 강화읍,중상사고,0,1,0,0,차대차 - 측면충돌,안전운전불이행,건조,맑음,단일로 - 기타,농기계,남,66세,상해없음,자전거,남,84세,중상
2017040100100302,2017년 4월 1일 14시,토요일,인천광역시 남동구 만수동,경상사고,0,0,1,0,차대차 - 측면충돌,안전운전불이행,건조,맑음,단일로 - 기타,승합,남,52세,상해없음,승용,남,59세,상해없음
2017040100100303,2017년 4월 1일 14시,토요일,인천광역시 부평구 부평동,경상사고,0,0,1,0,차대차 - 후진중충돌,안전운전불이행,건조,맑음,단일로 - 기타,승용,여,24세,상해없음,승용,남,43세,경상
2017040100100343,2017년 4월 1일 15시,토요일,인천광역시 계양구 계산동,경상사고,0,0,1,0,차대차 - 측면충돌,신호위반,건조,맑음,교차로 - 교차로부근,승용,여,47세,상해없음,자전거,남,50세,경상
2017040100100344,2017년 4월 1일 15시,토요일,인천광역시 연수구 송도동,중상사고,0,1,0,0,차대사람 - 횡단중,안전운전불이행,건조,맑음,단일로 - 기타,승용,남,48세,상해없음,보행자,여,56세,중상
2017040100100381,2017년 4월 1일 16시,토요일,인천광역시 동구 송림동,경상사고,0,0,2,0,차대차 - 측면충돌,중앙선침범,건조,맑음,단일로 - 기타,승용,여,62세,상해없음,승용,여,38세,경상
2017040100100382,2017년 4월 1일 16시,토요일,인천광역시 부평구 부평동,경상사고,0,0,1,0,차대사람 - 횡단중,보행자보호의무위반,건조,맑음,단일로 - 기타,화물,남,53세,상해없음,보행자,여,15세,경상
2017040100100419,2017년 4월 1일 17시,토요일,인천광역시 부평구 산곡동,경상사고,0,0,1,0,차대차 - 측면충돌,중앙선침범,건조,맑음,단일로 - 기타,승용,남,49세,상해없음,승용,여,44세,경상
2017040100100420,2017년 4월 1일 17시,토요일,인천광역시 연수구 송도동,경상사고,0,0,1,0,차대차 - 측면충돌,신호위반,건조,맑음,단일로 - 기타,승용,여,44세,상해없음,자전거,남,16세,경상
2017040100100488,2017년 4월 1일 19시,토요일,인천광역시 남동구 구월동,경상사고,0,0,1,0,차대차 - 측면충돌,안전거리미확보,건조,맑음,단일로 - 기타,승용,남,73세,상해없음,승용,여,51세,경상
2017040100100489,2017년 4월 1일 19시,토요일,인천광역시 부평구 부평동,경상사고,0,0,3,0,차대차 - 후진중충돌,안전운전불이행,건조,맑음,교차로 - 교차로안,승용,여,20세,상해없음,승용,남,32세,경상
2017040100100515,2017년 4월 1일 20시,토요일,인천광역시 남동구 구월동,경상사고,0,0,4,0,차대차 - 추돌,안전거리미확보,건조,맑음,단일로 - 기타,승합,남,57세,상해없음,승용,남,30세,경상
2017040100100587,2017년 4월 1일 23시,토요일,인천광역시 남구 주안동,중상사고,0,1,0,0,차대사람 - 기타,안전운전불이행,건조,맑음,교차로 - 교차로안,승용,남,28세,상해없음,보행자,여,48세,중상
2017040200100060,2017년 4월 2일 01시,일요일,인천광역시 남구 도화동,중상사고,0,1,0,0,차대사람 - 횡단중,안전운전불이행,건조,맑음,단일로 - 기타,승용,남,20세,상해없음,보행자,남,25세,중상
2017040200100080,2017년 4월 2일 03시,일요일,인천광역시 남구 용현동,경상사고,0,0,1,0,차대차 - 측면충돌,안전운전불이행,건조,맑음,교차로 - 교차로안,승용,여,27세,상해없음,승용,남,72세,경상
2017040200100086,2017년 4월 2일 04시,일요일,인천광역시 남구 주안동,중상사고,0,1,0,0,차대사람 - 횡단중,안전운전불이행,건조,맑음,단일로 - 기타,승용,남,56세,상해없음,보행자,남,21세,중상
2017040200100098,2017년 4월 2일 05시,일요일,인천광역시 부평구 산곡동,경상사고,0,0,1,0,차대차 - 추돌,안전운전불이행,건조,맑음,교차로 - 교차로부근,승용,여,41세,상해없음,승용,남,38세,경상
2017040200100099,2017년 4월 2일 05시,일요일,인천광역시 남동구 남촌동,경상사고,0,0,1,0,차대차 - 측면충돌,교차로운행방법위반,건조,맑음,교차로 - 교차로부근,화물,남,71세,상해없음,승용,남,34세,경상
2017040200100100,2017년 4월 2일 05시,일요일,인천광역시 계양구 효성동,중상사고,0,1,0,0,차대사람 - 기타,안전운전불이행,건조,맑음,주차장 - 주차장,이륜,남,26세,상해없음,보행자,남,56세,중상
2017040200100101,2017년 4월 2일 05시,일요일,인천광역시 계양구 계산동,경상사고,0,0,1,0,차대차 - 측면충돌,안전운전불이행,건조,맑음,기타 - 기타,승용,여,54세,상해없음,승용,남,54세,경상
2017040200100167,2017년 4월 2일 10시,일요일,인천광역시 부평구 부평동,경상사고,0,0,2,0,차대차 - 추돌,안전운전불이행,건조,맑음,교차로 - 교차로부근,승용,여,37세,상해없음,승용,남,60세,경상
2017040200100278,2017년 4월 2일 14시,일요일,인천광역시 서구 석남동,경상사고,0,0,1,0,차대사람 - 횡단중,보행자보호의무위반,건조,맑음,교차로 - 교차로횡단보도내,화물,남,62세,상해없음,보행자,남,52세,경상
2017040200100279,2017년 4월 2일 14시,일요일,인천광역시 서구 심곡동,경상사고,0,0,1,0,차대차 - 추돌,안전운전불이행,젖음/습기,맑음,교차로 - 교차로안,승용,남,25세,상해없음,승용,남,35세,경상
2017040200100304,2017년 4월 2일 15시,일요일,인천광역시 강화군 교동면,중상사고,0,1,0,0,차대차 - 측면충돌,안전운전불이행,건조,맑음,교차로 - 교차로안,화물,남,58세,상해없음,화물,남,69세,중상
2017040200100363,2017년 4월 2일 17시,일요일,인천광역시 남구 용현동,경상사고,0,0,2,0,차대차 - 측면충돌,중앙선침범,건조,맑음,단일로 - 기타,승용,남,27세,경상,승합,남,35세,상해없음
2017040200100364,2017년 4월 2일 17시,일요일,인천광역시 남동구 간석동,중상사고,0,3,0,0,차대차 - 측면충돌,신호위반,건조,맑음,교차로 - 교차로안,승용,여,38세,상해없음,승용,남,68세,중상
2017040200100417,2017년 4월 2일 19시,일요일,인천광역시 부평구 산곡동,경상사고,0,0,1,0,차대차 - 측면충돌,신호위반,건조,맑음,교차로 - 교차로안,승용,남,44세,상해없음,이륜,남,21세,경상
2017040200100418,2017년 4월 2일 19시,일요일,인천광역시 계양구 동양동,경상사고,0,0,3,0,차대차 - 측면충돌,직진우회전진행방해,건조,맑음,교차로 - 교차로안,승용,여,57세,상해없음,승용,남,57세,경상
2017040200100440,2017년 4월 2일 20시,일요일,인천광역시 서구 왕길동,경상사고,0,0,1,0,차대사람 - 횡단중,보행자보호의무위반,건조,맑음,교차로 - 교차로횡단보도내,자전거,남,21세,상해없음,보행자,남,61세,경상
2017040200100471,2017년 4월 2일 22시,일요일,인천광역시 남구 학익동,중상사고,0,1,0,0,차대차 - 추돌,안전운전불이행,건조,맑음,단일로 - 기타,승용,남,47세,상해없음,승용,여,59세,중상
2017040200100472,2017년 4월 2일 22시,일요일,인천광역시 서구 마전동,경상사고,0,0,1,0,차대차 - 측면충돌,안전운전불이행,건조,맑음,단일로 - 기타,승용,남,24세,경상,승용,남,48세,상해없음
2017040200100473,2017년 4월 2일 22시,일요일,인천광역시 서구 검암동,경상사고,0,0,2,0,차대차 - 측면충돌,안전운전불이행,건조,맑음,교차로 - 교차로부근,승용,남,31세,상해없음,승용,남,66세,경상
2017040300100029,2017년 4월 3일 00시,월요일,인천광역시 남동구 논현동,중상사고,0,1,0,0,차대차 - 추돌,안전운전불이행,건조,맑음,교차로 - 교차로안,승용,남,30세,상해없음,승용,남,59세,중상
2017040300100030,2017년 4월 3일 00시,월요일,인천광역시 서구 오류동,경상사고,0,0,1,0,차량단독 - 기타,안전운전불이행,건조,맑음,단일로 - 기타,승합,남,57세,상해없음,,,,
2017040300100057,2017년 4월 3일 05시,월요일,인천광역시 서구 가정동,경상사고,0,0,1,0,차대차 - 측면충돌,안전운전불이행,건조,맑음,교차로 - 교차로부근,건설기계,남,34세,상해없음,승합,남,44세,경상
2017040300100136,2017년 4월 3일 08시,월요일,인천광역시 계양구 작전동,경상사고,0,0,1,0,차대사람 - 횡단중,보행자보호의무위반,건조,맑음,기타 - 기타,승용,남,48세,상해없음,보행자,여,16세,경상
2017040300100137,2017년 4월 3일 08시,월요일,인천광역시 연수구 선학동,중상사고,0,1,0,0,차대사람 - 횡단중,보행자보호의무위반,건조,맑음,교차로 - 교차로안,승합,남,49세,상해없음,보행자,남,77세,중상
2017040300100138,2017년 4월 3일 08시,월요일,인천광역시 부평구 부평동,경상사고,0,0,1,0,차대사람 - 횡단중,안전운전불이행,건조,맑음,교차로 - 교차로안,승용,남,69세,기타불명,보행자,여,16세,경상
2017040300100167,2017년 4월 3일 09시,월요일,인천광역시 남동구 구월동,경상사고,0,0,1,0,차대차 - 측면충돌,안전운전불이행,건조,맑음,교차로 - 교차로부근,승용,여,49세,상해없음,승용,남,61세,경상
2017040300100168,2017년 4월 3일 09시,월요일,인천광역시 부평구 삼산동,경상사고,0,0,1,0,차대차 - 측면충돌,안전거리미확보,건조,맑음,단일로 - 교량,건설기계,남,32세,상해없음,승용,여,26세,경상
2017040300100258,2017년 4월 3일 12시,월요일,인천광역시 부평구 부평동,중상사고,0,1,0,0,차대차 - 측면충돌,안전운전불이행,건조,맑음,단일로 - 기타,화물,남,66세,상해없음,이륜,남,31세,중상
2017040300100259,2017년 4월 3일 12시,월요일,인천광역시 서구 신현동,경상사고,0,0,1,0,차대차 - 기타,안전운전불이행,건조,맑음,단일로 - 기타,건설기계,남,59세,상해없음,승용,남,30세,경상
2017040300100290,2017년 4월 3일 13시,월요일,인천광역시 남동구 구월동,부상신고사고,0,0,0,1,차대사람 - 횡단중,안전운전불이행,건조,맑음,단일로 - 기타,기타불명,기타불명,미분류,기타불명,보행자,여,83세,부상신고
2017040300100291,2017년 4월 3일 13시,월요일,인천광역시 연수구 선학동,경상사고,0,0,1,0,차대차 - 측면충돌,직진우회전진행방해,건조,맑음,교차로 - 교차로부근,승용,남,65세,상해없음,자전거,남,42세,경상
2017040300100292,2017년 4월 3일 13시,월요일,인천광역시 연수구 연수동,경상사고,0,0,1,0,차대차 - 후진중충돌,안전운전불이행,건조,맑음,단일로 - 기타,승용,남,34세,상해없음,원동기,남,24세,경상
2017040300100351,2017년 4월 3일 15시,월요일,인천광역시 부평구 삼산동,경상사고,0,0,1,0,차대차 - 기타,안전운전불이행,건조,맑음,단일로 - 기타,승용,여,42세,상해없음,자전거,여,45세,경상
2017040300100387,2017년 4월 3일 16시,월요일,인천광역시 남구 도화동,경상사고,0,0,2,0,차대차 - 추돌,안전운전불이행,건조,맑음,단일로 - 기타,화물,남,62세,상해없음,승용,여,22세,경상
2017040300100388,2017년 4월 3일 16시,월요일,인천광역시 남구 용현동,중상사고,0,1,0,0,차대사람 - 횡단중,보행자보호의무위반,건조,맑음,교차로 - 교차로횡단보도내,승용,여,38세,상해없음,보행자,여,76세,중상
2017040300100389,2017년 4월 3일 16시,월요일,인천광역시 부평구 부평동,경상사고,0,0,1,0,차대차 - 측면충돌,안전운전불이행,건조,맑음,단일로 - 기타,승용,여,26세,상해없음,승용,남,47세,경상
2017040300100390,2017년 4월 3일 16시,월요일,인천광역시 남동구 구월동,중상사고,0,1,0,0,차대사람 - 기타,안전운전불이행,건조,맑음,단일로 - 기타,승용,여,52세,상해없음,보행자,남,67세,중상
2017040300100428,2017년 4월 3일 17시,월요일,인천광역시 서구 가정동,경상사고,0,0,3,0,차대차 - 측면충돌,안전운전불이행,건조,맑음,단일로 - 기타,승용,남,59세,경상,승용,여,52세,경상
2017040300100462,2017년 4월 3일 18시,월요일,인천광역시 남동구 간석동,경상사고,0,0,3,0,차대차 - 기타,안전거리미확보,건조,맑음,단일로 - 기타,화물,남,70세,상해없음,승합,남,49세,상해없음
2017040300100463,2017년 4월 3일 18시,월요일,인천광역시 서구 연희동,경상사고,0,0,1,0,차대차 - 추돌,안전운전불이행,건조,맑음,교차로 - 교차로부근,승용,남,37세,상해없음,승용,여,38세,경상
2017040300100464,2017년 4월 3일 18시,월요일,인천광역시 서구 심곡동,중상사고,0,1,0,0,차대사람 - 차도통행중,안전운전불이행,건조,맑음,교차로 - 교차로안,기타불명,기타불명,미분류,기타불명,보행자,남,13세,중상
2017040300100465,2017년 4월 3일 18시,월요일,인천광역시 연수구 연수동,경상사고,0,0,1,0,차대사람 - 횡단중,신호위반,건조,맑음,교차로 - 교차로횡단보도내,승용,남,58세,상해없음,보행자,남,40세,경상
2017040300100568,2017년 4월 3일 21시,월요일,인천광역시 남구 도화동,경상사고,0,0,1,0,차대차 - 기타,안전운전불이행,건조,맑음,기타 - 기타,기타불명,기타불명,미분류,기타불명,승합,남,62세,경상
2017040300100602,2017년 4월 3일 23시,월요일,인천광역시 남구 도화동,경상사고,0,0,2,0,차대차 - 측면충돌,신호위반,건조,맑음,단일로 - 기타,이륜,남,18세,경상,승용,남,58세,경상
2017040300100603,2017년 4월 3일 23시,월요일,인천광역시 남동구 남촌동,경상사고,0,0,3,0,차대차 - 측면충돌,신호위반,건조,맑음,교차로 - 교차로안,승용,남,34세,상해없음,승용,남,51세,경상
2017040400100016,2017년 4월 4일 00시,화요일,인천광역시 남구 숭의동,중상사고,0,2,3,0,차대차 - 측면충돌,신호위반,건조,맑음,교차로 - 교차로안,승용,남,57세,상해없음,승용,남,25세,경상
2017040400100051,2017년 4월 4일 05시,화요일,인천광역시 남동구 간석동,중상사고,0,1,0,0,차대차 - 측면충돌,신호위반,건조,맑음,교차로 - 교차로안,승용,남,70세,상해없음,화물,남,49세,중상
2017040400100152,2017년 4월 4일 09시,화요일,인천광역시 부평구 산곡동,경상사고,0,0,1,0,차대차 - 측면충돌,차로위반,건조,맑음,단일로 - 기타,승용,남,64세,상해없음,승용,여,55세,상해없음
2017040400100153,2017년 4월 4일 09시,화요일,인천광역시 남동구 구월동,경상사고,0,0,1,0,차대차 - 측면충돌,기타,건조,맑음,단일로 - 기타,승용,남,61세,상해없음,이륜,남,24세,상해없음
2017040400100202,2017년 4월 4일 11시,화요일,인천광역시 옹진군 영흥면,중상사고,0,2,0,0,차대차 - 측면충돌,교차로운행방법위반,건조,맑음,교차로 - 교차로안,특수,남,56세,상해없음,화물,남,28세,중상
2017040400100203,2017년 4월 4일 11시,화요일,인천광역시 중구 신흥동3가,경상사고,0,0,1,0,차대차 - 측면충돌,안전운전불이행,건조,맑음,단일로 - 기타,화물,남,42세,상해없음,승용,남,38세,경상
2017040400100204,2017년 4월 4일 11시,화요일,인천광역시 연수구 옥련동,경상사고,0,0,1,0,차대차 - 측면충돌,차로위반,건조,맑음,교차로 - 교차로안,승용,여,54세,상해없음,승용,남,30세,경상
2017040400100348,2017년 4월 4일 16시,화요일,인천광역시 남구 도화동,경상사고,0,0,1,0,차대차 - 정면충돌,중앙선침범,건조,맑음,교차로 - 교차로안,승용,여,53세,상해없음,승용,여,54세,경상
2017040400100349,2017년 4월 4일 16시,화요일,인천광역시 부평구 부평동,중상사고,0,1,0,0,차대사람 - 횡단중,안전운전불이행,건조,맑음,단일로 - 기타,승용,남,56세,상해없음,보행자,남,30세,중상
2017040400100350,2017년 4월 4일 16시,화요일,인천광역시 서구 연희동,경상사고,0,0,1,0,차대차 - 측면충돌,안전운전불이행,건조,맑음,단일로 - 기타,승합,남,44세,상해없음,승용,남,57세,경상
2017040400100403,2017년 4월 4일 18시,화요일,인천광역시 부평구 부평동,경상사고,0,0,1,0,차대차 - 측면충돌,안전운전불이행,건조,맑음,교차로 - 교차로안,승용,여,48세,상해없음,자전거,남,27세,경상
2017040400100453,2017년 4월 4일 20시,화요일,인천광역시 남동구 구월동,중상사고,0,1,0,0,차대사람 - 횡단중,보행자보호의무위반,건조,맑음,교차로 - 교차로횡단보도내,승용,남,56세,상해없음,보행자,여,59세,중상
2017040400100454,2017년 4월 4일 20시,화요일,인천광역시 연수구 선학동,중상사고,0,1,0,0,차대차 - 측면충돌,교차로운행방법위반,건조,흐림,교차로 - 교차로안,승용,여,21세,상해없음,이륜,남,17세,중상
2017040400100477,2017년 4월 4일 21시,화요일,인천광역시 부평구 산곡동,경상사고,0,0,1,0,차대차 - 측면충돌,교차로운행방법위반,건조,맑음,교차로 - 교차로안,승용,남,60세,상해없음,승용,여,25세,경상
2017040400100478,2017년 4월 4일 21시,화요일,인천광역시 서구 검암동,경상사고,0,0,1,0,차대차 - 추돌,안전운전불이행,건조,맑음,교차로 - 교차로부근,승용,남,35세,상해없음,승용,남,41세,경상
2017040400100497,2017년 4월 4일 22시,화요일,인천광역시 부평구 십정동,경상사고,0,0,1,1,차대사람 - 횡단중,보행자보호의무위반,건조,맑음,단일로 - 기타,승용,남,61세,상해없음,보행자,여,17세,부상신고
2017040400100498,2017년 4월 4일 22시,화요일,인천광역시 부평구 일신동,경상사고,0,0,1,0,차대차 - 측면충돌,교차로운행방법위반,건조,흐림,교차로 - 교차로안,승용,남,69세,상해없음,자전거,여,13세,경상
2017040500100029,2017년 4월 5일 00시,수요일,인천광역시 부평구 갈산동,경상사고,0,0,1,0,차대차 - 기타,안전운전불이행,건조,맑음,교차로 - 교차로부근,승용,남,43세,상해없음,승용,남,53세,경상
2017040500100065,2017년 4월 5일 04시,수요일,인천광역시 부평구 갈산동,경상사고,0,0,1,0,차대사람 - 보도통행중,보행자보호의무위반,건조,맑음,교차로 - 교차로안,승용,여,45세,상해없음,보행자,남,39세,경상
2017040500100154,2017년 4월 5일 09시,수요일,인천광역시 남구 용현동,경상사고,0,0,1,0,차대사람 - 길가장자리구역통행중,안전운전불이행,건조,흐림,단일로 - 기타,승용,여,53세,상해없음,보행자,남,25세,경상
2017040500100155,2017년 4월 5일 09시,수요일,인천광역시 계양구 작전동,경상사고,0,0,1,0,차대사람 - 횡단중,신호위반,건조,맑음,교차로 - 교차로부근,승용,여,39세,상해없음,보행자,남,66세,경상
2017040500100200,2017년 4월 5일 11시,수요일,인천광역시 강화군 강화읍,중상사고,0,1,0,0,차대사람 - 횡단중,보행자보호의무위반,젖음/습기,비,단일로 - 기타,화물,남,67세,상해없음,보행자,여,79세,중상
2017040500100201,2017년 4월 5일 11시,수요일,인천광역시 강화군 화도면,중상사고,0,1,0,0,차대차 - 추돌,기타,건조,맑음,교차로 - 교차로안,화물,남,37세,상해없음,농기계,남,82세,중상
2017040500100224,2017년 4월 5일 12시,수요일,인천광역시 남구 주안동,경상사고,0,0,4,0,차대차 - 측면충돌,신호위반,젖음/습기,비,교차로 - 교차로안,승용,남,58세,상해없음,화물,남,55세,경상
2017040500100225,2017년 4월 5일 12시,수요일,인천광역시 남동구 간석동,경상사고,0,0,1,0,차대사람 - 기타,안전운전불이행,건조,맑음,기타 - 기타,승용,남,44세,상해없음,보행자,여,49세,경상
2017040500100252,2017년 4월 5일 13시,수요일,인천광역시 부평구 청천동,경상사고,0,0,1,0,차대차 - 측면충돌,신호위반,젖음/습기,비,단일로 - 기타,화물,남,48세,상해없음,자전거,남,58세,경상
2017040500100352,2017년 4월 5일 16시,수요일,인천광역시 남동구 장수동,경상사고,0,0,1,0,차대차 - 추돌,안전운전불이행,건조,맑음,교차로 - 교차로부근,승용,여,54세,상해없음,승용,남,35세,경상