사고번호,사고일시,요일,시군구,사고내용,사망자수,중상자수,경상자수,부상신고자수,사고유형,법규위반,노면상태,기상상태,도로형태,가해운전자 차종,가해운전자 성별,가해운전자 연령,가해운전자 상해정도,피해운전자 차종,피해운전자 성별,피해운전자 연령,피해운전자 상해정도
2017042700100529,2017년 4월 27일 19시,목요일,인천광역시 서구 마전동,경상사고,0,0,2,0,차대차 - 기타,안전운전불이행,건조,맑음,교차로 - 교차로부근,승합,남,55세,상해없음,이륜,남,45세,경상
2017042700100564,2017년 4월 27일 20시,목요일,인천광역시 남동구 논현동,경상사고,0,0,1,0,차대차 - 측면충돌,신호위반,건조,맑음,단일로 - 기타,이륜,남,46세,상해없음,승용,남,44세,경상
2017042700100565,2017년 4월 27일 20시,목요일,인천광역시 서구 원창동,중상사고,0,1,1,0,차대차 - 측면충돌,신호위반,건조,맑음,교차로 - 교차로안,승용,남,57세,상해없음,승용,남,60세,중상
2017042700100598,2017년 4월 27일 21시,목요일,인천광역시 연수구 청학동,경상사고,0,0,1,0,차대사람 - 횡단중,보행자보호의무위반,건조,맑음,단일로 - 지하차도(도로)내,승용,남,55세,상해없음,보행자,여,12세,경상
2017042700100628,2017년 4월 27일 22시,목요일,인천광역시 남동구 구월동,경상사고,0,0,5,0,차대차 - 추돌,안전운전불이행,건조,맑음,단일로 - 기타,승용,여,50세,상해없음,승합,남,50세,경상
2017042700100647,2017년 4월 27일 23시,목요일,인천광역시 남구 주안동,부상신고사고,0,0,0,1,차대차 - 추돌,안전운전불이행,건조,맑음,기타 - 기타,승용,남,30세,기타불명,승용,남,32세,부상신고
2017042700100648,2017년 4월 27일 23시,목요일,인천광역시 남동구 고잔동,경상사고,0,0,2,0,차대차 - 추돌,안전운전불이행,건조,맑음,단일로 - 기타,승용,남,30세,상해없음,화물,남,25세,경상
2017042700100649,2017년 4월 27일 23시,목요일,인천광역시 남동구 구월동,경상사고,0,0,2,0,차대차 - 측면충돌,교차로운행방법위반,건조,맑음,단일로 - 기타,승용,남,34세,상해없음,승용,남,26세,경상
2017042800100029,2017년 4월 28일 00시,금요일,인천광역시 강화군 내가면,경상사고,0,0,1,0,차대차 - 기타,중앙선침범,건조,맑음,단일로 - 기타,화물,남,64세,상해없음,승용,남,37세,상해없음
2017042800100030,2017년 4월 28일 00시,금요일,인천광역시 연수구 송도동,경상사고,0,0,2,0,차대차 - 측면충돌,안전운전불이행,건조,맑음,교차로 - 교차로안,승용,남,50세,상해없음,승용,여,27세,경상
2017042800100092,2017년 4월 28일 06시,금요일,인천광역시 서구 경서동,경상사고,0,0,1,0,차대차 - 측면충돌,신호위반,건조,맑음,교차로 - 교차로안,화물,남,54세,상해없음,승용,남,58세,경상
2017042800100114,2017년 4월 28일 07시,금요일,인천광역시 연수구 송도동,중상사고,0,1,0,0,차대차 - 측면충돌,신호위반,건조,맑음,교차로 - 교차로안,승합,남,58세,상해없음,승용,여,24세,중상
2017042800100164,2017년 4월 28일 08시,금요일,인천광역시 남구 도화동,경상사고,0,0,1,0,차대차 - 측면충돌,안전운전불이행,건조,맑음,교차로 - 교차로안,승용,남,28세,상해없음,승용,남,40세,경상
2017042800100237,2017년 4월 28일 10시,금요일,인천광역시 남구 주안동,경상사고,0,0,1,0,차대사람 - 길가장자리구역통행중,안전운전불이행,건조,맑음,기타 - 기타,승용,남,64세,상해없음,보행자,남,56세,경상
2017042800100269,2017년 4월 28일 11시,금요일,인천광역시 남동구 간석동,부상신고사고,0,0,0,1,차대차 - 기타,안전운전불이행,건조,맑음,교차로 - 교차로안,기타불명,기타불명,미분류,기타불명,원동기,남,40세,부상신고
2017042800100270,2017년 4월 28일 11시,금요일,인천광역시 서구 가좌동,경상사고,0,0,1,0,차대차 - 측면충돌,교차로운행방법위반,건조,맑음,교차로 - 교차로안,승용,남,23세,상해없음,화물,남,48세,경상
2017042800100303,2017년 4월 28일 12시,금요일,인천광역시 중구 운남동,경상사고,0,0,2,0,차대차 - 측면충돌,신호위반,건조,맑음,교차로 - 교차로안,승용,여,47세,상해없음,승용,여,27세,경상
2017042800100332,2017년 4월 28일 13시,금요일,인천광역시 남동구 간석동,경상사고,0,0,1,0,차대사람 - 횡단중,안전운전불이행,건조,맑음,단일로 - 기타,승용,남,54세,상해없음,보행자,남,64세,경상
2017042800100403,2017년 4월 28일 15시,금요일,인천광역시 동구 송림동,중상사고,0,1,0,0,차대차 - 측면충돌,안전운전불이행,건조,맑음,교차로 - 교차로부근,화물,남,74세,상해없음,승용,여,49세,중상
2017042800100404,2017년 4월 28일 15시,금요일,인천광역시 부평구 부평동,경상사고,0,0,1,0,차대차 - 후진중충돌,안전운전불이행,건조,맑음,단일로 - 기타,승용,남,44세,상해없음,자전거,여,80세,경상
2017042800100405,2017년 4월 28일 15시,금요일,인천광역시 서구 가정동,중상사고,0,1,0,0,차대차 - 측면충돌,안전운전불이행,건조,맑음,교차로 - 교차로부근,자전거,남,71세,중상,화물,남,46세,상해없음
2017042800100406,2017년 4월 28일 15시,금요일,인천광역시 부평구 청천동,경상사고,0,0,1,0,차대차 - 추돌,안전거리미확보,건조,맑음,단일로 - 교량,화물,남,47세,상해없음,승용,남,44세,경상
2017042800100442,2017년 4월 28일 16시,금요일,인천광역시 부평구 청천동,중상사고,0,1,0,0,차대사람 - 기타,안전운전불이행,건조,맑음,단일로 - 기타,기타불명,기타불명,미분류,기타불명,보행자,남,64세,중상
2017042800100443,2017년 4월 28일 16시,금요일,인천광역시 연수구 송도동,중상사고,0,1,0,0,차대사람 - 횡단중,안전운전불이행,건조,맑음,단일로 - 기타,승용,여,57세,상해없음,보행자,여,8세,중상
2017042800100444,2017년 4월 28일 16시,금요일,인천광역시 부평구 갈산동,경상사고,0,0,1,0,차대사람 - 보도통행중,기타,건조,맑음,단일로 - 기타,승용,여,57세,상해없음,보행자,여,74세,경상
2017042800100486,2017년 4월 28일 17시,금요일,인천광역시 동구 송현동,중상사고,0,1,0,0,차대차 - 측면충돌,안전거리미확보,건조,맑음,교차로 - 교차로부근,승용,남,55세,상해없음,승용,남,52세,중상
2017042800100571,2017년 4월 28일 19시,금요일,인천광역시 중구 중산동,경상사고,0,0,1,0,차대차 - 측면충돌,중앙선침범,건조,맑음,단일로 - 기타,이륜,남,17세,경상,승용,남,43세,상해없음
2017042800100572,2017년 4월 28일 19시,금요일,인천광역시 남구 도화동,중상사고,0,1,0,0,차대차 - 추돌,안전운전불이행,건조,맑음,단일로 - 기타,화물,남,35세,상해없음,승용,남,48세,중상
2017042800100573,2017년 4월 28일 19시,금요일,인천광역시 남동구 구월동,중상사고,0,1,0,0,차대차 - 측면충돌,신호위반,건조,맑음,교차로 - 교차로안,승용,남,22세,상해없음,승용,남,31세,중상
2017042800100574,2017년 4월 28일 19시,금요일,인천광역시 부평구 일신동,중상사고,0,1,0,0,차대사람 - 횡단중,안전운전불이행,건조,맑음,단일로 - 기타,화물,남,58세,상해없음,보행자,여,53세,중상
2017042800100611,2017년 4월 28일 20시,금요일,인천광역시 중구 운서동,중상사고,0,2,1,0,차대차 - 측면충돌,신호위반,건조,맑음,교차로 - 교차로안,승용,남,20세,기타불명,승용,남,53세,중상
2017042800100612,2017년 4월 28일 20시,금요일,인천광역시 부평구 부평동,경상사고,0,0,1,0,차대사람 - 횡단중,안전운전불이행,건조,맑음,단일로 - 기타,승용,남,63세,상해없음,보행자,남,41세,경상
2017042800100643,2017년 4월 28일 21시,금요일,인천광역시 남동구 논현동,중상사고,0,1,3,0,차대차 - 추돌,안전운전불이행,건조,맑음,교차로 - 교차로부근,승용,남,56세,상해없음,화물,남,48세,상해없음
2017042800100675,2017년 4월 28일 22시,금요일,인천광역시 남동구 고잔동,중상사고,0,2,0,0,차대차 - 측면충돌,안전운전불이행,건조,맑음,단일로 - 기타,승용,남,38세,상해없음,승용,남,24세,중상
2017042800100698,2017년 4월 28일 23시,금요일,인천광역시 남동구 장수동,사망사고,1,0,0,0,차대차 - 측면충돌,신호위반,건조,맑음,교차로 - 교차로안,이륜,남,49세,사망,승용,남,58세,상해없음
2017042900100033,2017년 4월 29일 00시,토요일,인천광역시 부평구 부평동,중상사고,0,1,0,0,차대사람 - 횡단중,안전운전불이행,건조,맑음,단일로 - 기타,승용,남,71세,상해없음,보행자,남,35세,중상
2017042900100034,2017년 4월 29일 00시,토요일,인천광역시 남동구 만수동,중상사고,0,1,0,0,차대사람 - 횡단중,보행자보호의무위반,건조,맑음,교차로 - 교차로안,승용,남,15세,상해없음,보행자,남,66세,중상
2017042900100035,2017년 4월 29일 00시,토요일,인천광역시 연수구 연수동,경상사고,0,0,1,0,차대차 - 추돌,안전운전불이행,건조,맑음,교차로 - 교차로부근,승용,남,30세,상해없음,승용,남,62세,경상
2017042900100093,2017년 4월 29일 04시,토요일,인천광역시 남동구 구월동,중상사고,0,2,0,0,차대차 - 추돌,안전운전불이행,건조,맑음,단일로 - 기타,승용,남,37세,상해없음,승용,여,48세,중상
2017042900100094,2017년 4월 29일 04시,토요일,인천광역시 서구 시천동,경상사고,0,0,1,0,차대차 - 추돌,안전운전불이행,건조,맑음,단일로 - 기타,승용,남,40세,상해없음,화물,남,51세,경상
2017042900100119,2017년 4월 29일 06시,토요일,인천광역시 남동구 구월동,중상사고,0,1,0,0,차대사람 - 횡단중,안전운전불이행,건조,맑음,단일로 - 기타,승합,남,46세,상해없음,보행자,남,31세,중상
2017042900100120,2017년 4월 29일 06시,토요일,인천광역시 부평구 삼산동,중상사고,0,1,1,0,차대차 - 추돌,안전운전불이행,건조,맑음,단일로 - 기타,승용,남,27세,상해없음,승용,남,42세,중상
2017042900100233,2017년 4월 29일 10시,토요일,인천광역시 연수구 송도동,중상사고,0,1,0,0,차대차 - 측면충돌,신호위반,건조,맑음,단일로 - 기타,승용,남,41세,상해없음,자전거,여,23세,중상
2017042900100265,2017년 4월 29일 11시,토요일,인천광역시 남구 용현동,경상사고,0,0,1,0,차대사람 - 기타,안전운전불이행,건조,맑음,기타 - 기타,승용,여,49세,상해없음,보행자,남,37세,경상
2017042900100266,2017년 4월 29일 11시,토요일,인천광역시 남구 용현동,부상신고사고,0,0,0,1,차대차 - 측면충돌,교차로운행방법위반,건조,맑음,교차로 - 교차로안,이륜,남,62세,부상신고,승용,여,58세,상해없음
2017042900100267,2017년 4월 29일 11시,토요일,인천광역시 남구 용현동,부상신고사고,0,0,0,1,차대차 - 측면충돌,불법유턴,건조,맑음,교차로 - 교차로안,승합,남,67세,상해없음,승합,남,60세,부상신고
2017042900100268,2017년 4월 29일 11시,토요일,인천광역시 남동구 고잔동,경상사고,0,0,1,0,차대차 - 측면충돌,교차로운행방법위반,건조,맑음,교차로 - 교차로안,승합,남,44세,상해없음,이륜,남,69세,경상
2017042900100298,2017년 4월 29일 12시,토요일,인천광역시 계양구 갈현동,중상사고,0,1,0,0,차량단독 - 기타,안전운전불이행,건조,맑음,기타 - 기타,승합,남,50세,상해없음,,,,
2017042900100299,2017년 4월 29일 12시,토요일,인천광역시 부평구 부평동,경상사고,0,0,1,0,차대차 - 기타,안전운전불이행,건조,맑음,단일로 - 기타,화물,남,56세,상해없음,자전거,남,78세,경상
2017042900100342,2017년 4월 29일 13시,토요일,인천광역시 서구 불로동,중상사고,0,1,0,0,차대사람 - 횡단중,보행자보호의무위반,건조,맑음,교차로 - 교차로안,승용,여,42세,상해없음,보행자,여,70세,중상
2017042900100417,2017년 4월 29일 15시,토요일,인천광역시 남구 주안동,중상사고,0,1,0,0,차대사람 - 기타,안전운전불이행,건조,맑음,단일로 - 기타,승합,남,53세,기타불명,보행자,여,84세,중상
2017042900100418,2017년 4월 29일 15시,토요일,인천광역시 서구 가좌동,중상사고,0,1,1,0,차대차 - 측면충돌,중앙선침범,건조,맑음,교차로 - 교차로부근,승용,남,35세,상해없음,승용,남,35세,중상
2017042900100419,2017년 4월 29일 15시,토요일,인천광역시 서구 당하동,중상사고,0,1,0,0,차대사람 - 횡단중,보행자보호의무위반,건조,맑음,교차로 - 교차로안,화물,남,44세,상해없음,보행자,여,64세,중상
2017042900100471,2017년 4월 29일 16시,토요일,인천광역시 남동구 남촌동,경상사고,0,0,1,0,차대차 - 측면충돌,신호위반,건조,맑음,교차로 - 교차로안,승용,남,48세,상해없음,승용,남,26세,경상
2017042900100472,2017년 4월 29일 16시,토요일,인천광역시 서구 마전동,중상사고,0,1,0,0,차대사람 - 횡단중,안전운전불이행,건조,맑음,단일로 - 기타,승용,남,37세,상해없음,보행자,여,6세,중상
2017042900100473,2017년 4월 29일 16시,토요일,인천광역시 강화군 길상면,경상사고,0,0,1,0,차대차 - 측면충돌,안전운전불이행,건조,맑음,단일로 - 기타,기타불명,기타불명,미분류,기타불명,자전거,남,12세,경상
2017042900100474,2017년 4월 29일 16시,토요일,인천광역시 부평구 부개동,경상사고,0,0,1,0,차대사람 - 기타,안전운전불이행,건조,맑음,단일로 - 기타,화물,남,44세,상해없음,보행자,남,41세,경상
2017042900100512,2017년 4월 29일 17시,토요일,인천광역시 남구 주안동,중상사고,0,5,2,0,차대사람 - 횡단중,신호위반,건조,맑음,교차로 - 교차로안,화물,남,73세,상해없음,보행자,여,56세,중상
2017042900100513,2017년 4월 29일 17시,토요일,인천광역시 부평구 부평동,경상사고,0,0,1,0,차대차 - 측면충돌,신호위반,건조,맑음,교차로 - 교차로안,승용,남,42세,상해없음,승용,남,61세,경상
2017042900100514,2017년 4월 29일 17시,토요일,인천광역시 남동구 장수동,경상사고,0,0,1,0,차대차 - 추돌,안전운전불이행,건조,맑음,교차로 - 교차로부근,승용,남,56세,상해없음,승용,남,44세,상해없음
2017042900100515,2017년 4월 29일 17시,토요일,인천광역시 서구 오류동,중상사고,0,1,0,0,차대사람 - 횡단중,안전운전불이행,건조,맑음,단일로 - 기타,건설기계,남,56세,상해없음,보행자,남,55세,중상
2017042900100551,2017년 4월 29일 18시,토요일,인천광역시 남구 숭의동,경상사고,0,0,1,0,차대차 - 추돌,안전운전불이행,건조,맑음,교차로 - 교차로부근,승용,남,59세,상해없음,승용,남,53세,경상
2017042900100581,2017년 4월 29일 19시,토요일,인천광역시 남구 주안동,경상사고,0,0,1,0,차대차 - 기타,안전운전불이행,건조,맑음,교차로 - 교차로안,승용,남,25세,기타불명,승용,남,38세,경상
2017042900100667,2017년 4월 29일 22시,토요일,인천광역시 남동구 구월동,부상신고사고,0,0,0,1,차대사람 - 횡단중,안전운전불이행,건조,맑음,단일로 - 지하차도(도로)내,기타불명,기타불명,미분류,기타불명,보행자,여,39세,부상신고
2017042900100692,2017년 4월 29일 23시,토요일,인천광역시 부평구 청천동,경상사고,0,0,2,0,차대차 - 측면충돌,신호위반,건조,맑음,교차로 - 교차로안,승용,남,66세,상해없음,승용,남,59세,경상
2017043000100056,2017년 4월 30일 02시,일요일,인천광역시 남동구 논현동,경상사고,0,0,2,0,차대차 - 측면충돌,신호위반,건조,맑음,교차로 - 교차로안,승용,남,63세,상해없음,승용,남,55세,상해없음
2017043000100065,2017년 4월 30일 03시,일요일,인천광역시 연수구 옥련동,중상사고,0,3,2,0,차대차 - 측면충돌,신호위반,건조,맑음,교차로 - 교차로안,승용,남,41세,상해없음,승합,남,54세,경상
2017043000100090,2017년 4월 30일 06시,일요일,인천광역시 동구 만석동,경상사고,0,0,1,1,차대차 - 측면충돌,안전운전불이행,건조,맑음,교차로 - 교차로안,화물,남,56세,부상신고,승용,남,55세,경상
2017043000100096,2017년 4월 30일 07시,일요일,인천광역시 계양구 작전동,경상사고,0,0,1,0,차대차 - 측면충돌,안전운전불이행,건조,맑음,단일로 - 기타,화물,남,40세,상해없음,자전거,남,56세,경상
2017043000100097,2017년 4월 30일 07시,일요일,인천광역시 연수구 송도동,경상사고,0,0,1,0,차대차 - 추돌,안전운전불이행,건조,맑음,교차로 - 교차로안,화물,남,60세,상해없음,승용,남,25세,경상
2017043000100157,2017년 4월 30일 10시,일요일,인천광역시 남구 주안동,경상사고,0,0,1,0,차대사람 - 횡단중,안전운전불이행,건조,맑음,단일로 - 기타,승합,남,61세,상해없음,보행자,남,69세,경상
2017043000100181,2017년 4월 30일 11시,일요일,인천광역시 남동구 만수동,경상사고,0,0,1,0,차대차 - 추돌,안전운전불이행,건조,맑음,교차로 - 교차로안,승용,남,22세,상해없음,승용,남,46세,경상
2017043000100208,2017년 4월 30일 12시,일요일,인천광역시 계양구 계산동,경상사고,0,0,3,0,차대차 - 추돌,안전운전불이행,건조,맑음,단일로 - 기타,승용,여,44세,상해없음,승용,남,36세,경상
2017043000100209,2017년 4월 30일 12시,일요일,인천광역시 연수구 송도동,중상사고,0,1,1,0,차대차 - 추돌,안전운전불이행,건조,맑음,단일로 - 기타,승용,남,40세,상해없음,승용,남,50세,중상
2017043000100234,2017년 4월 30일 13시,일요일,인천광역시 부평구 부평동,중상사고,0,1,0,0,차대차 - 측면충돌,중앙선침범,건조,맑음,단일로 - 기타,승용,여,50세,상해없음,승용,남,66세,중상
2017043000100299,2017년 4월 30일 15시,일요일,인천광역시 남동구 논현동,경상사고,0,0,1,0,차대차 - 측면충돌,안전운전불이행,건조,맑음,단일로 - 기타,승용,남,71세,상해없음,자전거,남,8세,경상
2017043000100340,2017년 4월 30일 16시,일요일,인천광역시 강화군 화도면,경상사고,0,0,2,0,차대차 - 측면충돌,안전운전불이행,건조,맑음,교차로 - 교차로부근,이륜,남,50세,경상,승용,여,31세,경상
2017043000100394,2017년 4월 30일 18시,일요일,인천광역시 남동구 간석동,경상사고,0,0,2,0,차대사람 - 기타,안전운전불이행,건조,맑음,교차로 - 교차로부근,승용,남,40세,상해없음,보행자,남,49세,경상
2017043000100473,2017년 4월 30일 21시,일요일,인천광역시 서구 원창동,경상사고,0,0,4,0,차대차 - 측면충돌,신호위반,건조,맑음,교차로 - 교차로안,승용,남,22세,상해없음,승용,남,44세,경상
2017043000100504,2017년 4월 30일 23시,일요일,인천광역시 서구 검암동,중상사고,0,1,1,0,차대차 - 측면충돌,안전운전불이행,건조,맑음,교차로 - 교차로안,승용,남,29세,상해없음,승용,여,51세,중상
2017050100100030,2017년 5월 1일 01시,월요일,인천광역시 계양구 작전동,경상사고,0,0,1,0,차대차 - 측면충돌,안전운전불이행,건조,맑음,단일로 - 기타,승용,남,59세,상해없음,승용,남,53세,경상
2017050100100047,2017년 5월 1일 03시,월요일,인천광역시 계양구 계산동,중상사고,0,1,3,0,차대차 - 기타,신호위반,건조,맑음,교차로 - 교차로안,승합,남,15세,상해없음,승용,남,47세,경상
2017050100100086,2017년 5월 1일 07시,월요일,인천광역시 남구 도화동,중상사고,0,1,0,0,차대차 - 기타,안전운전불이행,건조,맑음,단일로 - 기타,승용,남,53세,상해없음,이륜,남,21세,중상
2017050100100087,2017년 5월 1일 07시,월요일,인천광역시 계양구 작전동,경상사고,0,0,1,0,차대차 - 측면충돌,신호위반,건조,맑음,교차로 - 교차로안,승용,여,54세,상해없음,자전거,남,13세,경상
2017050100100088,2017년 5월 1일 07시,월요일,인천광역시 부평구 부평동,중상사고,0,1,0,0,차대차 - 측면충돌,안전운전불이행,건조,맑음,교차로 - 교차로안,승용,남,69세,상해없음,승용,남,60세,상해없음
2017050100100111,2017년 5월 1일 08시,월요일,인천광역시 부평구 갈산동,경상사고,0,0,1,0,차대사람 - 보도통행중,안전운전불이행,건조,맑음,단일로 - 기타,승용,여,42세,상해없음,보행자,남,29세,경상
2017050100100228,2017년 5월 1일 12시,월요일,인천광역시 서구 심곡동,경상사고,0,0,1,0,차대차 - 측면충돌,안전운전불이행,건조,맑음,교차로 - 교차로부근,승용,여,32세,상해없음,이륜,남,18세,경상
2017050100100229,2017년 5월 1일 12시,월요일,인천광역시 서구 가정동,경상사고,0,0,1,0,차대차 - 후진중충돌,안전운전불이행,건조,맑음,기타 - 기타,승용,남,36세,상해없음,승용,남,56세,경상
2017050100100264,2017년 5월 1일 13시,월요일,인천광역시 서구 경서동,중상사고,0,1,1,0,차대차 - 추돌,안전운전불이행,건조,맑음,단일로 - 기타,화물,남,64세,상해없음,승용,남,33세,경상
2017050100100265,2017년 5월 1일 13시,월요일,인천광역시 서구 왕길동,경상사고,0,0,1,0,차대차 - 추돌,중앙선침범,건조,맑음,단일로 - 기타,승용,남,65세,상해없음,승용,여,43세,경상
2017050100100341,2017년 5월 1일 15시,월요일,인천광역시 계양구 갈현동,중상사고,0,2,0,0,차대차 - 측면충돌,신호위반,건조,맑음,교차로 - 교차로안,승용,남,78세,기타불명,승용,남,52세,중상
2017050100100342,2017년 5월 1일 15시,월요일,인천광역시 연수구 동춘동,경상사고,0,0,1,0,차대사람 - 횡단중,안전운전불이행,건조,맑음,단일로 - 기타,기타불명,기타불명,미분류,기타불명,보행자,여,15세,경상
2017050100100343,2017년 5월 1일 15시,월요일,인천광역시 남동구 장수동,경상사고,0,0,1,0,차대차 - 추돌,안전운전불이행,건조,맑음,단일로 - 기타,화물,남,68세,상해없음,승용,남,30세,경상
2017050100100386,2017년 5월 1일 16시,월요일,인천광역시 서구 원창동,경상사고,0,0,1,0,차대차 - 측면충돌,안전운전불이행,건조,맑음,교차로 - 교차로안,승용,남,62세,상해없음,승용,남,45세,경상
2017050100100387,2017년 5월 1일 16시,월요일,인천광역시 서구 가좌동,경상사고,0,0,1,0,차량단독 - 기타,안전운전불이행,건조,맑음,단일로 - 기타,승합,남,56세,상해없음,,,,
2017050100100388,2017년 5월 1일 16시,월요일,인천광역시 계양구 효성동,경상사고,0,0,1,0,차대차 - 추돌,안전거리미확보,건조,맑음,단일로 - 기타,자전거,남,13세,경상,승용,남,25세,상해없음
2017050100100418,2017년 5월 1일 17시,월요일,인천광역시 남구 용현동,경상사고,0,0,1,0,차대차 - 기타,안전운전불이행,건조,맑음,단일로 - 기타,승용,남,54세,상해없음,승용,남,55세,경상
2017050100100448,2017년 5월 1일 18시,월요일,인천광역시 남구 주안동,경상사고,0,0,2,0,차대차 - 측면충돌,차로위반,건조,맑음,단일로 - 기타,승용,여,35세,상해없음,승용,남,41세,경상
2017050100100449,2017년 5월 1일 18시,월요일,인천광역시 강화군 강화읍,중상사고,0,1,0,0,차대차 - 정면충돌,안전운전불이행,건조,맑음,단일로 - 기타,자전거,남,15세,중상,승용,남,19세,상해없음
2017050100100493,2017년 5월 1일 19시,월요일,인천광역시 부평구 청천동,경상사고,0,0,2,0,차대차 - 추돌,안전운전불이행,건조,맑음,교차로 - 교차로부근,승용,남,47세,상해없음,승용,남,56세,경상
2017050100100494,2017년 5월 1일 19시,월요일,인천광역시 계양구 계산동,중상사고,0,1,1,0,차대차 - 추돌,안전운전불이행,건조,맑음,단일로 - 기타,승용,남,58세,상해없음,승용,여,55세,중상
2017050100100567,2017년 5월 1일 22시,월요일,인천광역시 남동구 간석동,경상사고,0,0,1,0,차대차 - 추돌,안전운전불이행,건조,맑음,단일로 - 기타,승용,남,27세,상해없음,승용,남,63세,경상
2017050100100568,2017년 5월 1일 22시,월요일,인천광역시 남동구 논현동,경상사고,0,0,1,0,차대차 - 추돌,안전운전불이행,건조,맑음,교차로 - 교차로부근,승용,남,54세,상해없음,승용,남,32세,경상
2017050200100045,2017년 5월 2일 02시,화요일,인천광역시 부평구 삼산동,경상사고,0,0,2,0,차대차 - 추돌,신호위반,건조,맑음,교차로 - 교차로안,승용,남,35세,상해없음,승용,남,64세,경상
2017050200100051,2017년 5월 2일 03시,화요일,인천광역시 남구 주안동,중상사고,0,1,1,0,차대차 - 측면충돌,신호위반,건조,맑음,교차로 - 교차로안,이륜,남,15세,경상,승용,남,57세,상해없음
2017050200100138,2017년 5월 2일 08시,화요일,인천광역시 남구 학익동,경상사고,0,0,2,0,차대차 - 추돌,안전운전불이행,건조,맑음,단일로 - 기타,승용,남,38세,상해없음,승합,남,52세,경상
2017050200100139,2017년 5월 2일 08시,화요일,인천광역시 부평구 산곡동,경상사고,0,0,1,0,차대차 - 측면충돌,안전운전불이행,건조,맑음,단일로 - 기타,승용,여,47세,상해없음,자전거,남,39세,경상
2017050200100179,2017년 5월 2일 09시,화요일,인천광역시 남동구 논현동,중상사고,0,1,0,0,차대사람 - 횡단중,안전운전불이행,건조,맑음,단일로 - 기타,승용,여,55세,상해없음,보행자,여,52세,중상
2017050200100287,2017년 5월 2일 13시,화요일,인천광역시 부평구 십정동,중상사고,0,1,0,0,차대사람 - 기타,안전운전불이행,건조,맑음,단일로 - 기타,승합,남,53세,상해없음,보행자,여,78세,중상
2017050200100288,2017년 5월 2일 13시,화요일,인천광역시 강화군 삼산면,경상사고,0,0,2,1,차대차 - 정면충돌,교차로운행방법위반,건조,맑음,교차로 - 교차로안,승용,남,31세,상해없음,승용,남,49세,경상
2017050200100344,2017년 5월 2일 15시,화요일,인천광역시 서구 신현동,경상사고,0,0,1,0,차대차 - 기타,안전운전불이행,건조,맑음,교차로 - 교차로안,승용,남,59세,상해없음,자전거,남,79세,경상
2017050200100386,2017년 5월 2일 16시,화요일,인천광역시 남동구 만수동,경상사고,0,0,1,0,차대차 - 측면충돌,안전운전불이행,건조,맑음,단일로 - 기타,승합,남,55세,상해없음,승용,여,52세,경상
2017050200100586,2017년 5월 2일 21시,화요일,인천광역시 부평구 삼산동,중상사고,0,1,0,0,차대사람 - 횡단중,안전운전불이행,건조,맑음,교차로 - 교차로부근,승용,남,62세,상해없음,보행자,여,39세,중상
2017050200100603,2017년 5월 2일 22시,화요일,인천광역시 남구 주안동,부상신고사고,0,0,0,1,차대사람 - 횡단중,보행자보호의무위반,건조,맑음,교차로 - 교차로횡단보도내,원동기,남,15세,상해없음,보행자,여,32세,부상신고
2017050200100604,2017년 5월 2일 22시,화요일,인천광역시 남구 학익동,경상사고,0,0,2,1,차대차 - 추돌,안전운전불이행,건조,기타,단일로 - 기타,화물,여,44세,상해없음,승합,남,52세,부상신고
2017050200100605,2017년 5월 2일 22시,화요일,인천광역시 부평구 부평동,경상사고,0,0,1,0,차대차 - 추돌,안전운전불이행,건조,맑음,교차로 - 교차로부근,승합,남,38세,상해없음,승용,여,40세,경상
2017050200100606,2017년 5월 2일 22시,화요일,인천광역시 연수구 옥련동,중상사고,0,1,1,0,차대차 - 측면충돌,안전거리미확보,건조,맑음,단일로 - 기타,화물,남,61세,상해없음,승용,남,47세,상해없음
2017050300100024,2017년 5월 3일 00시,수요일,인천광역시 중구 운서동,사망사고,1,0,0,0,차대사람 - 차도통행중,안전운전불이행,건조,맑음,단일로 - 기타,승용,남,55세,상해없음,보행자,여,43세,사망
2017050300100025,2017년 5월 3일 00시,수요일,인천광역시 남동구 구월동,경상사고,0,0,1,0,차대차 - 측면충돌,안전거리미확보,건조,맑음,단일로 - 기타,승용,남,26세,상해없음,이륜,남,21세,경상
2017050300100073,2017년 5월 3일 04시,수요일,인천광역시 남동구 간석동,중상사고,0,1,0,0,차대차 - 측면충돌,안전운전불이행,건조,맑음,교차로 - 교차로부근,승용,남,24세,상해없음,승용,남,52세,중상
2017050300100130,2017년 5월 3일 08시,수요일,인천광역시 계양구 효성동,경상사고,0,0,1,0,차대차 - 추돌,안전운전불이행,건조,맑음,교차로 - 교차로부근,승용,여,54세,상해없음,승용,남,56세,경상
2017050300100131,2017년 5월 3일 08시,수요일,인천광역시 계양구 박촌동,부상신고사고,0,0,0,1,차대차 - 기타,안전운전불이행,건조,맑음,단일로 - 기타,승용,남,54세,상해없음,자전거,남,17세,부상신고
2017050300100175,2017년 5월 3일 10시,수요일,인천광역시 남동구 구월동,경상사고,0,0,1,0,차대차 - 후진중충돌,안전운전불이행,건조,맑음,단일로 - 기타,승합,남,28세,상해없음,승용,남,45세,경상