사고번호,사고일시,요일,시군구,사고내용,사망자수,중상자수,경상자수,부상신고자수,사고유형,법규위반,노면상태,기상상태,도로형태,가해운전자 차종,가해운전자 성별,가해운전자 연령,가해운전자 상해정도,피해운전자 차종,피해운전자 성별,피해운전자 연령,피해운전자 상해정도
2017050300100270,2017년 5월 3일 13시,수요일,인천광역시 계양구 효성동,중상사고,0,1,0,0,차대사람 - 차도통행중,안전운전불이행,건조,맑음,단일로 - 기타,승용,남,59세,상해없음,보행자,여,67세,중상
2017050300100271,2017년 5월 3일 13시,수요일,인천광역시 연수구 동춘동,부상신고사고,0,0,0,2,차대사람 - 횡단중,신호위반,건조,맑음,단일로 - 기타,원동기,남,76세,상해없음,보행자,여,35세,부상신고
2017050300100340,2017년 5월 3일 15시,수요일,인천광역시 남동구 간석동,경상사고,0,0,1,0,차대차 - 정면충돌,교차로운행방법위반,건조,맑음,교차로 - 교차로안,화물,남,51세,상해없음,이륜,남,39세,경상
2017050300100341,2017년 5월 3일 15시,수요일,인천광역시 강화군 선원면,경상사고,0,0,1,0,차대차 - 측면충돌,중앙선침범,건조,맑음,기타 - 기타,건설기계,남,61세,상해없음,승용,여,51세,경상
2017050300100373,2017년 5월 3일 16시,수요일,인천광역시 남구 용현동,경상사고,0,0,1,0,차대차 - 측면충돌,교차로운행방법위반,건조,맑음,교차로 - 교차로안,화물,남,58세,상해없음,자전거,남,78세,경상
2017050300100374,2017년 5월 3일 16시,수요일,인천광역시 강화군 하점면,경상사고,0,0,5,0,차대차 - 정면충돌,안전운전불이행,건조,맑음,단일로 - 기타,화물,남,47세,경상,승용,남,66세,경상
2017050300100444,2017년 5월 3일 18시,수요일,인천광역시 남동구 간석동,중상사고,0,1,1,0,차대차 - 기타,안전거리미확보,건조,맑음,단일로 - 기타,화물,남,23세,상해없음,승합,남,57세,상해없음
2017050300100472,2017년 5월 3일 19시,수요일,인천광역시 서구 경서동,부상신고사고,0,0,0,2,차대차 - 측면충돌,안전운전불이행,건조,맑음,단일로 - 기타,자전거,남,35세,부상신고,자전거,남,25세,부상신고
2017050300100503,2017년 5월 3일 20시,수요일,인천광역시 남구 주안동,경상사고,0,0,4,0,차대차 - 추돌,안전운전불이행,건조,맑음,단일로 - 기타,승용,남,31세,상해없음,승용,여,46세,경상
2017050300100504,2017년 5월 3일 20시,수요일,인천광역시 서구 연희동,중상사고,0,1,0,0,차대차 - 측면충돌,신호위반,건조,맑음,단일로 - 기타,승용,남,43세,상해없음,자전거,남,11세,중상
2017050300100525,2017년 5월 3일 21시,수요일,인천광역시 동구 송림동,중상사고,0,1,0,0,차대차 - 추돌,안전운전불이행,건조,맑음,단일로 - 기타,승용,남,47세,상해없음,승용,남,42세,중상
2017050300100550,2017년 5월 3일 22시,수요일,인천광역시 연수구 연수동,경상사고,0,0,2,0,차대차 - 측면충돌,안전운전불이행,건조,맑음,단일로 - 기타,화물,남,44세,상해없음,승용,여,54세,경상
2017050400100045,2017년 5월 4일 02시,목요일,인천광역시 남구 주안동,중상사고,0,1,0,0,차대차 - 측면충돌,신호위반,건조,맑음,교차로 - 교차로안,승용,남,52세,상해없음,승용,남,55세,중상
2017050400100055,2017년 5월 4일 03시,목요일,인천광역시 중구 항동7가,경상사고,0,0,1,0,차대차 - 측면충돌,교차로운행방법위반,건조,맑음,교차로 - 교차로안,승용,여,35세,상해없음,승용,남,58세,경상
2017050400100137,2017년 5월 4일 08시,목요일,인천광역시 남구 주안동,경상사고,0,0,1,0,차대차 - 추돌,안전운전불이행,건조,맑음,단일로 - 기타,화물,남,67세,기타불명,승용,남,27세,경상
2017050400100138,2017년 5월 4일 08시,목요일,인천광역시 서구 마전동,중상사고,0,1,0,0,차대사람 - 횡단중,안전운전불이행,건조,맑음,교차로 - 교차로안,승용,여,62세,상해없음,보행자,여,79세,중상
2017050400100241,2017년 5월 4일 11시,목요일,인천광역시 남동구 장수동,경상사고,0,0,1,0,차대차 - 측면충돌,안전운전불이행,건조,맑음,단일로 - 기타,기타불명,기타불명,미분류,기타불명,승용,여,33세,경상
2017050400100282,2017년 5월 4일 12시,목요일,인천광역시 서구 마전동,경상사고,0,0,2,0,차대차 - 측면충돌,안전운전불이행,건조,맑음,단일로 - 기타,승용,여,39세,상해없음,화물,남,46세,경상
2017050400100305,2017년 5월 4일 13시,목요일,인천광역시 계양구 병방동,경상사고,0,0,3,0,차대차 - 측면충돌,안전운전불이행,건조,맑음,단일로 - 기타,승합,남,48세,상해없음,승용,여,34세,경상
2017050400100349,2017년 5월 4일 14시,목요일,인천광역시 계양구 효성동,중상사고,0,1,0,0,차대사람 - 횡단중,안전운전불이행,건조,맑음,교차로 - 교차로안,화물,남,30세,상해없음,보행자,남,58세,중상
2017050400100422,2017년 5월 4일 16시,목요일,인천광역시 남동구 구월동,경상사고,0,0,1,0,차대차 - 측면충돌,안전운전불이행,건조,맑음,교차로 - 교차로부근,승용,남,63세,기타불명,승용,여,32세,경상
2017050400100423,2017년 5월 4일 16시,목요일,인천광역시 남동구 장수동,중상사고,0,1,0,0,차대차 - 측면충돌,안전거리미확보,건조,맑음,단일로 - 기타,승용,여,39세,상해없음,이륜,남,77세,상해없음
2017050400100424,2017년 5월 4일 16시,목요일,인천광역시 서구 원창동,경상사고,0,0,1,0,차대차 - 측면충돌,안전운전불이행,건조,맑음,단일로 - 기타,승용,남,61세,상해없음,승용,남,26세,경상
2017050400100461,2017년 5월 4일 17시,목요일,인천광역시 서구 백석동,중상사고,0,1,0,0,차량단독 - 전도전복,안전운전불이행,건조,맑음,단일로 - 고가도로위,승합,남,60세,상해없음,미분류,미분류,미분류,미분류
2017050400100494,2017년 5월 4일 18시,목요일,인천광역시 연수구 선학동,중상사고,0,1,0,0,차대차 - 추돌,안전운전불이행,건조,맑음,교차로 - 교차로부근,승용,여,48세,상해없음,승용,남,53세,중상
2017050400100534,2017년 5월 4일 19시,목요일,인천광역시 서구 왕길동,경상사고,0,0,1,0,차대차 - 측면충돌,교차로운행방법위반,건조,맑음,교차로 - 교차로안,승용,여,59세,상해없음,승용,남,42세,경상
2017050400100564,2017년 5월 4일 20시,목요일,인천광역시 남동구 구월동,경상사고,0,0,2,0,차대차 - 측면충돌,신호위반,건조,맑음,교차로 - 교차로안,승용,남,68세,상해없음,승용,여,45세,경상
2017050400100594,2017년 5월 4일 21시,목요일,인천광역시 서구 당하동,경상사고,0,0,1,0,차대차 - 추돌,안전운전불이행,건조,맑음,단일로 - 기타,승용,남,26세,상해없음,승용,남,66세,경상
2017050500100026,2017년 5월 5일 00시,금요일,인천광역시 서구 원창동,경상사고,0,0,2,0,차대차 - 측면충돌,신호위반,건조,맑음,교차로 - 교차로안,승용,여,49세,상해없음,승용,남,47세,경상
2017050500100044,2017년 5월 5일 01시,금요일,인천광역시 부평구 부평동,경상사고,0,0,2,0,차대차 - 추돌,안전운전불이행,건조,맑음,교차로 - 교차로부근,승용,남,30세,상해없음,승용,남,42세,상해없음
2017050500100057,2017년 5월 5일 02시,금요일,인천광역시 부평구 청천동,중상사고,0,1,0,0,차대차 - 측면충돌,안전운전불이행,건조,맑음,단일로 - 기타,승용,남,42세,상해없음,승용,남,38세,중상
2017050500100063,2017년 5월 5일 03시,금요일,인천광역시 남구 학익동,경상사고,0,0,3,0,차대차 - 추돌,안전운전불이행,건조,맑음,기타 - 기타,승용,남,47세,경상,건설기계,남,34세,경상
2017050500100064,2017년 5월 5일 03시,금요일,인천광역시 연수구 연수동,중상사고,0,1,2,0,차대차 - 추돌,안전운전불이행,건조,맑음,단일로 - 기타,승용,여,18세,상해없음,승용,남,51세,중상
2017050500100071,2017년 5월 5일 04시,금요일,인천광역시 남동구 구월동,중상사고,0,1,1,0,차대차 - 측면충돌,신호위반,건조,맑음,교차로 - 교차로안,승용,남,45세,상해없음,승용,남,57세,중상
2017050500100072,2017년 5월 5일 04시,금요일,인천광역시 서구 석남동,중상사고,0,1,0,0,차대사람 - 횡단중,교차로운행방법위반,건조,맑음,교차로 - 교차로부근,승합,남,43세,상해없음,보행자,남,38세,중상
2017050500100171,2017년 5월 5일 10시,금요일,인천광역시 부평구 부평동,중상사고,0,1,0,0,차대사람 - 기타,기타,건조,맑음,단일로 - 기타,승합,남,53세,상해없음,보행자,여,79세,중상
2017050500100172,2017년 5월 5일 10시,금요일,인천광역시 서구 신현동,중상사고,0,1,0,0,차대사람 - 길가장자리구역통행중,안전운전불이행,건조,맑음,단일로 - 기타,승용,남,64세,상해없음,보행자,남,25세,중상
2017050500100198,2017년 5월 5일 11시,금요일,인천광역시 서구 경서동,경상사고,0,0,2,0,차대차 - 측면충돌,안전운전불이행,건조,맑음,교차로 - 교차로부근,승용,남,25세,상해없음,승용,남,34세,경상
2017050500100199,2017년 5월 5일 11시,금요일,인천광역시 계양구 병방동,중상사고,0,3,1,1,차대차 - 추돌,안전운전불이행,건조,맑음,단일로 - 기타,승용,남,39세,중상,승용,남,64세,경상
2017050500100228,2017년 5월 5일 12시,금요일,인천광역시 연수구 송도동,중상사고,0,1,0,0,차량단독 - 공작물충돌,안전운전불이행,건조,맑음,단일로 - 기타,승용,남,59세,상해없음,,,,
2017050500100229,2017년 5월 5일 12시,금요일,인천광역시 중구 중산동,중상사고,0,1,0,0,차대차 - 측면충돌,안전거리미확보,건조,맑음,단일로 - 기타,승용,남,52세,상해없음,승용,남,27세,상해없음
2017050500100257,2017년 5월 5일 13시,금요일,인천광역시 서구 연희동,중상사고,0,1,0,0,차대차 - 측면충돌,교차로운행방법위반,건조,맑음,교차로 - 교차로부근,승용,여,59세,상해없음,이륜,남,56세,중상
2017050500100287,2017년 5월 5일 14시,금요일,인천광역시 남동구 장수동,중상사고,0,1,4,0,차대차 - 측면충돌,안전운전불이행,건조,맑음,교차로 - 교차로부근,승용,남,46세,경상,승용,여,48세,경상
2017050500100288,2017년 5월 5일 14시,금요일,인천광역시 남동구 만수동,경상사고,0,0,1,0,차대차 - 측면충돌,안전거리미확보,건조,맑음,단일로 - 기타,이륜,남,22세,상해없음,승용,여,24세,상해없음
2017050500100289,2017년 5월 5일 14시,금요일,인천광역시 서구 경서동,경상사고,0,0,1,0,차대사람 - 기타,안전운전불이행,건조,맑음,기타 - 기타,개인형이동수단(PM),남,6세,상해없음,보행자,여,64세,경상
2017050500100324,2017년 5월 5일 15시,금요일,인천광역시 남동구 간석동,경상사고,0,0,1,0,차대차 - 추돌,안전운전불이행,건조,맑음,교차로 - 교차로안,승용,남,63세,상해없음,이륜,남,33세,경상
2017050500100398,2017년 5월 5일 17시,금요일,인천광역시 부평구 삼산동,경상사고,0,0,1,0,차대차 - 측면충돌,안전운전불이행,건조,맑음,단일로 - 기타,자전거,여,56세,경상,승용,여,34세,상해없음
2017050500100399,2017년 5월 5일 17시,금요일,인천광역시 부평구 부평동,경상사고,0,0,1,0,차대사람 - 횡단중,안전운전불이행,건조,맑음,단일로 - 기타,승용,남,22세,상해없음,보행자,여,19세,경상
2017050500100434,2017년 5월 5일 18시,금요일,인천광역시 부평구 산곡동,경상사고,0,0,4,0,차대차 - 추돌,안전운전불이행,건조,맑음,교차로 - 교차로안,승용,남,57세,상해없음,승용,남,39세,경상
2017050500100462,2017년 5월 5일 19시,금요일,인천광역시 남구 주안동,중상사고,0,1,0,0,차대사람 - 횡단중,안전운전불이행,건조,맑음,교차로 - 교차로부근,승용,남,50세,상해없음,보행자,남,10세,중상
2017050500100500,2017년 5월 5일 20시,금요일,인천광역시 남동구 구월동,경상사고,0,0,1,0,차대차 - 측면충돌,교차로운행방법위반,건조,맑음,교차로 - 교차로횡단보도내,승용,여,51세,상해없음,승용,여,42세,경상
2017050500100533,2017년 5월 5일 21시,금요일,인천광역시 남구 주안동,경상사고,0,0,1,0,차대차 - 측면충돌,중앙선침범,건조,맑음,교차로 - 교차로부근,승용,여,58세,상해없음,원동기,남,23세,경상
2017050500100550,2017년 5월 5일 22시,금요일,인천광역시 남동구 구월동,중상사고,0,1,1,0,차대차 - 추돌,안전운전불이행,건조,흐림,단일로 - 기타,승용,남,38세,상해없음,화물,남,54세,경상
2017050500100562,2017년 5월 5일 23시,금요일,인천광역시 서구 불로동,경상사고,0,0,1,0,차대사람 - 횡단중,안전운전불이행,건조,맑음,기타 - 기타,승합,남,54세,상해없음,보행자,여,48세,경상
2017050600100024,2017년 5월 6일 01시,토요일,인천광역시 부평구 부평동,경상사고,0,0,1,0,차대사람 - 횡단중,안전운전불이행,건조,맑음,교차로 - 교차로부근,승용,남,23세,상해없음,보행자,남,52세,경상
2017050600100073,2017년 5월 6일 06시,토요일,인천광역시 서구 가정동,경상사고,0,0,2,0,차량단독 - 전도전복,안전운전불이행,건조,맑음,교차로 - 교차로부근,승용,남,16세,상해없음,미분류,미분류,미분류,미분류
2017050600100111,2017년 5월 6일 08시,토요일,인천광역시 중구 항동7가,경상사고,0,0,1,0,차대차 - 측면충돌,안전운전불이행,건조,맑음,교차로 - 교차로부근,화물,남,64세,상해없음,승용,남,48세,경상
2017050600100112,2017년 5월 6일 08시,토요일,인천광역시 남동구 구월동,경상사고,0,0,4,0,차대차 - 측면충돌,신호위반,건조,맑음,교차로 - 교차로안,승용,남,69세,경상,승용,남,72세,경상
2017050600100139,2017년 5월 6일 09시,토요일,인천광역시 옹진군 덕적면,중상사고,0,1,0,0,차대차 - 기타,중앙선침범,건조,맑음,단일로 - 기타,승합,남,60세,상해없음,승합,남,62세,상해없음
2017050600100140,2017년 5월 6일 09시,토요일,인천광역시 계양구 동양동,경상사고,0,0,1,0,차대차 - 추돌,안전운전불이행,건조,맑음,단일로 - 기타,승용,남,25세,상해없음,화물,남,62세,경상
2017050600100165,2017년 5월 6일 10시,토요일,인천광역시 서구 공촌동,경상사고,0,0,1,0,차대차 - 측면충돌,안전운전불이행,건조,맑음,단일로 - 기타,승용,여,41세,상해없음,승용,여,56세,경상
2017050600100251,2017년 5월 6일 13시,토요일,인천광역시 중구 운남동,경상사고,0,0,3,0,차대차 - 추돌,안전운전불이행,건조,맑음,교차로 - 교차로부근,승합,남,34세,상해없음,승용,여,37세,경상
2017050600100297,2017년 5월 6일 14시,토요일,인천광역시 중구 운서동,중상사고,0,1,0,0,차량단독 - 기타,안전운전불이행,건조,맑음,교차로 - 교차로부근,개인형이동수단(PM),여,26세,중상,,,,
2017050600100332,2017년 5월 6일 15시,토요일,인천광역시 남구 용현동,중상사고,0,1,0,0,차량단독 - 기타,안전운전불이행,건조,맑음,단일로 - 기타,승합,남,57세,상해없음,,,,
2017050600100370,2017년 5월 6일 16시,토요일,인천광역시 남구 주안동,경상사고,0,0,3,0,차대차 - 추돌,안전운전불이행,건조,맑음,단일로 - 기타,승용,남,24세,상해없음,승용,남,19세,경상
2017050600100400,2017년 5월 6일 17시,토요일,인천광역시 남구 도화동,경상사고,0,0,4,0,차대차 - 추돌,안전운전불이행,건조,맑음,교차로 - 교차로부근,승용,남,26세,경상,승용,남,58세,상해없음
2017050600100401,2017년 5월 6일 17시,토요일,인천광역시 부평구 산곡동,사망사고,1,0,0,0,차대사람 - 횡단중,보행자보호의무위반,건조,맑음,교차로 - 교차로횡단보도내,건설기계,남,38세,상해없음,보행자,여,55세,사망
2017050600100402,2017년 5월 6일 17시,토요일,인천광역시 부평구 십정동,경상사고,0,0,1,0,차대사람 - 기타,안전운전불이행,건조,맑음,단일로 - 기타,승용,여,52세,상해없음,보행자,남,51세,경상
2017050600100491,2017년 5월 6일 20시,토요일,인천광역시 강화군 길상면,중상사고,0,2,0,0,차대차 - 정면충돌,중앙선침범,건조,맑음,단일로 - 기타,승용,여,52세,상해없음,승용,남,51세,중상
2017050600100520,2017년 5월 6일 21시,토요일,인천광역시 남동구 도림동,중상사고,0,1,0,0,차대사람 - 길가장자리구역통행중,안전운전불이행,건조,맑음,단일로 - 기타,승용,남,63세,상해없음,보행자,남,59세,중상
2017050600100539,2017년 5월 6일 22시,토요일,인천광역시 부평구 부평동,중상사고,0,1,0,0,차대차 - 측면충돌,안전운전불이행,건조,맑음,단일로 - 기타,승용,여,57세,상해없음,이륜,남,16세,중상
2017050700100044,2017년 5월 7일 02시,일요일,인천광역시 남구 학익동,경상사고,0,0,2,0,차대차 - 추돌,안전운전불이행,건조,맑음,교차로 - 교차로부근,승용,여,56세,기타불명,승용,남,62세,경상
2017050700100045,2017년 5월 7일 02시,일요일,인천광역시 남동구 운연동,중상사고,0,2,0,0,차대차 - 기타,안전운전불이행,건조,맑음,교차로 - 교차로부근,승용,남,24세,상해없음,승용,남,26세,중상
2017050700100046,2017년 5월 7일 02시,일요일,인천광역시 서구 가정동,경상사고,0,0,3,0,차대차 - 추돌,안전운전불이행,건조,맑음,교차로 - 교차로부근,승용,남,60세,상해없음,승용,남,42세,경상
2017050700100066,2017년 5월 7일 04시,일요일,인천광역시 계양구 용종동,중상사고,0,1,0,0,차대차 - 측면충돌,불법유턴,건조,맑음,교차로 - 교차로안,승용,남,25세,상해없음,승용,남,57세,중상
2017050700100068,2017년 5월 7일 05시,일요일,인천광역시 남동구 간석동,중상사고,0,1,0,0,차대사람 - 횡단중,안전운전불이행,건조,맑음,단일로 - 기타,승용,남,67세,상해없음,보행자,여,64세,중상
2017050700100069,2017년 5월 7일 05시,일요일,인천광역시 부평구 부평동,경상사고,0,0,1,0,차대사람 - 기타,안전운전불이행,건조,맑음,단일로 - 기타,승용,남,21세,기타불명,보행자,남,31세,경상
2017050700100078,2017년 5월 7일 06시,일요일,인천광역시 부평구 청천동,중상사고,0,1,0,0,차대차 - 정면충돌,신호위반,건조,맑음,교차로 - 교차로안,승용,남,61세,상해없음,이륜,남,66세,중상
2017050700100083,2017년 5월 7일 07시,일요일,인천광역시 부평구 부평동,경상사고,0,0,2,0,차대차 - 측면충돌,안전운전불이행,건조,맑음,교차로 - 교차로안,승용,남,25세,상해없음,승용,남,69세,경상
2017050700100099,2017년 5월 7일 08시,일요일,인천광역시 부평구 일신동,경상사고,0,0,1,0,차대차 - 측면충돌,안전거리미확보,건조,맑음,단일로 - 기타,승용,여,25세,상해없음,승용,남,39세,경상
2017050700100117,2017년 5월 7일 09시,일요일,인천광역시 서구 연희동,경상사고,0,0,1,0,차대차 - 기타,안전운전불이행,건조,맑음,단일로 - 기타,기타불명,기타불명,미분류,기타불명,자전거,남,17세,경상
2017050700100132,2017년 5월 7일 10시,일요일,인천광역시 서구 마전동,경상사고,0,0,1,0,차량단독 - 기타,안전운전불이행,건조,맑음,단일로 - 기타,승합,남,49세,상해없음,,,,
2017050700100174,2017년 5월 7일 12시,일요일,인천광역시 부평구 부평동,경상사고,0,0,3,0,차대차 - 측면충돌,중앙선침범,건조,맑음,교차로 - 교차로부근,승용,남,34세,상해없음,승용,남,36세,경상
2017050700100224,2017년 5월 7일 14시,일요일,인천광역시 중구 항동7가,경상사고,0,0,4,0,차대차 - 측면충돌,신호위반,건조,맑음,교차로 - 교차로안,승용,여,21세,경상,승합,남,50세,경상
2017050700100225,2017년 5월 7일 14시,일요일,인천광역시 남동구 논현동,부상신고사고,0,0,0,1,차대사람 - 횡단중,안전운전불이행,건조,맑음,단일로 - 기타,기타불명,기타불명,미분류,기타불명,보행자,여,46세,부상신고
2017050700100226,2017년 5월 7일 14시,일요일,인천광역시 서구 연희동,중상사고,0,1,0,0,차대사람 - 기타,안전운전불이행,건조,맑음,기타 - 기타,승용,남,24세,상해없음,보행자,남,42세,중상
2017050700100280,2017년 5월 7일 16시,일요일,인천광역시 부평구 삼산동,경상사고,0,0,1,0,차대차 - 기타,안전운전불이행,건조,맑음,단일로 - 기타,승용,남,31세,상해없음,승용,남,56세,경상
2017050700100413,2017년 5월 7일 21시,일요일,인천광역시 중구 신흥동2가,중상사고,0,1,1,0,차대차 - 측면충돌,신호위반,건조,맑음,교차로 - 교차로안,승용,남,30세,상해없음,승용,남,45세,경상
2017050700100437,2017년 5월 7일 22시,일요일,인천광역시 남구 관교동,부상신고사고,0,0,0,1,차대사람 - 횡단중,안전운전불이행,건조,맑음,기타 - 기타,승합,남,65세,상해없음,보행자,여,62세,부상신고
2017050700100438,2017년 5월 7일 22시,일요일,인천광역시 강화군 불은면,경상사고,0,0,2,0,차대차 - 측면충돌,중앙선침범,건조,맑음,단일로 - 기타,화물,남,25세,상해없음,승용,남,57세,경상
2017050700100451,2017년 5월 7일 23시,일요일,인천광역시 남동구 구월동,경상사고,0,0,1,0,차대차 - 추돌,안전운전불이행,건조,맑음,교차로 - 교차로부근,승용,남,36세,상해없음,승용,남,64세,경상
2017050800100030,2017년 5월 8일 00시,월요일,인천광역시 연수구 연수동,경상사고,0,0,1,0,차대차 - 측면충돌,신호위반,건조,맑음,교차로 - 교차로안,승용,기타불명,미분류,기타불명,승용,남,56세,상해없음
2017050800100039,2017년 5월 8일 02시,월요일,인천광역시 남동구 구월동,경상사고,0,0,2,0,차대차 - 추돌,중앙선침범,건조,맑음,교차로 - 교차로부근,승용,남,29세,상해없음,승용,여,21세,경상
2017050800100135,2017년 5월 8일 08시,월요일,인천광역시 남동구 구월동,중상사고,0,1,0,0,차대차 - 측면충돌,신호위반,건조,맑음,교차로 - 교차로안,승합,남,38세,상해없음,자전거,남,50세,중상
2017050800100213,2017년 5월 8일 10시,월요일,인천광역시 부평구 부평동,경상사고,0,0,1,0,차대차 - 측면충돌,안전운전불이행,건조,맑음,단일로 - 기타,승용,남,35세,상해없음,승용,남,27세,경상
2017050800100214,2017년 5월 8일 10시,월요일,인천광역시 부평구 부평동,중상사고,0,1,0,0,차대사람 - 횡단중,안전운전불이행,건조,맑음,교차로 - 교차로안,승용,남,63세,상해없음,보행자,여,77세,중상
2017050800100243,2017년 5월 8일 11시,월요일,인천광역시 남동구 구월동,경상사고,0,0,2,0,차대차 - 측면충돌,신호위반,건조,맑음,교차로 - 교차로안,승용,남,69세,상해없음,승용,남,64세,경상
2017050800100244,2017년 5월 8일 11시,월요일,인천광역시 서구 마전동,경상사고,0,0,1,0,차대사람 - 횡단중,안전운전불이행,건조,맑음,교차로 - 교차로안,승용,남,53세,상해없음,보행자,여,67세,경상
2017050800100268,2017년 5월 8일 12시,월요일,인천광역시 계양구 귤현동,경상사고,0,0,1,0,차대사람 - 기타,안전운전불이행,건조,맑음,단일로 - 기타,자전거,여,54세,경상,보행자,남,80세,상해없음
2017050800100287,2017년 5월 8일 13시,월요일,인천광역시 서구 석남동,경상사고,0,0,1,0,차대차 - 측면충돌,안전운전불이행,건조,맑음,단일로 - 기타,화물,남,53세,상해없음,승용,남,56세,경상
2017050800100326,2017년 5월 8일 14시,월요일,인천광역시 남동구 간석동,경상사고,0,0,1,0,차대차 - 측면충돌,신호위반,건조,맑음,교차로 - 교차로안,승용,남,28세,상해없음,승합,남,52세,경상
2017050800100327,2017년 5월 8일 14시,월요일,인천광역시 계양구 계산동,경상사고,0,0,1,0,차대사람 - 횡단중,기타,건조,맑음,단일로 - 기타,승용,여,55세,상해없음,보행자,남,6세,경상
2017050800100328,2017년 5월 8일 14시,월요일,인천광역시 계양구 갈현동,경상사고,0,0,1,0,차대차 - 측면충돌,안전운전불이행,건조,맑음,교차로 - 교차로부근,화물,남,57세,상해없음,승용,여,42세,경상
2017050800100371,2017년 5월 8일 15시,월요일,인천광역시 남구 관교동,경상사고,0,0,1,0,차대차 - 기타,안전거리미확보,건조,맑음,단일로 - 기타,승용,남,61세,상해없음,승합,남,40세,상해없음
2017050800100412,2017년 5월 8일 16시,월요일,인천광역시 연수구 연수동,경상사고,0,0,2,0,차량단독 - 기타,기타,건조,맑음,단일로 - 기타,승합,남,69세,상해없음,,,,
2017050800100453,2017년 5월 8일 17시,월요일,인천광역시 서구 공촌동,경상사고,0,0,1,0,차대차 - 측면충돌,안전운전불이행,건조,맑음,교차로 - 교차로부근,승용,남,49세,상해없음,승용,남,59세,경상
2017050800100454,2017년 5월 8일 17시,월요일,인천광역시 계양구 박촌동,경상사고,0,0,1,0,차대차 - 측면충돌,직진우회전진행방해,건조,맑음,교차로 - 교차로안,승용,남,37세,상해없음,승용,여,43세,경상
2017050800100493,2017년 5월 8일 18시,월요일,인천광역시 부평구 부평동,경상사고,0,0,1,1,차대차 - 정면충돌,교차로운행방법위반,건조,맑음,교차로 - 교차로안,승용,여,56세,상해없음,이륜,남,24세,경상
2017050800100494,2017년 5월 8일 18시,월요일,인천광역시 계양구 효성동,경상사고,0,0,1,0,차대차 - 측면충돌,신호위반,건조,맑음,교차로 - 교차로안,승용,남,48세,상해없음,승합,남,54세,경상
2017050800100531,2017년 5월 8일 19시,월요일,인천광역시 부평구 십정동,경상사고,0,0,2,0,차대차 - 기타,교차로운행방법위반,건조,맑음,교차로 - 교차로부근,승용,남,45세,상해없음,승용,남,61세,상해없음
2017050800100532,2017년 5월 8일 19시,월요일,인천광역시 부평구 부개동,경상사고,0,0,1,0,차대사람 - 기타,안전운전불이행,건조,맑음,단일로 - 기타,승합,남,50세,상해없음,보행자,여,67세,경상
2017050800100569,2017년 5월 8일 20시,월요일,인천광역시 계양구 계산동,부상신고사고,0,0,0,1,차대사람 - 기타,안전운전불이행,건조,맑음,단일로 - 기타,승용,여,34세,상해없음,보행자,남,51세,상해없음
2017050800100625,2017년 5월 8일 22시,월요일,인천광역시 서구 가정동,중상사고,0,1,0,0,차대차 - 추돌,안전운전불이행,건조,맑음,단일로 - 기타,승용,남,54세,상해없음,승용,남,43세,중상
2017050800100639,2017년 5월 8일 23시,월요일,인천광역시 서구 경서동,경상사고,0,0,1,0,차대사람 - 차도통행중,기타,건조,맑음,단일로 - 기타,승용,남,60세,상해없음,보행자,여,19세,경상
2017050900100063,2017년 5월 9일 03시,화요일,인천광역시 서구 마전동,경상사고,0,0,1,0,차대사람 - 횡단중,안전운전불이행,건조,맑음,교차로 - 교차로안,승용,남,41세,상해없음,보행자,남,55세,경상
2017050900100070,2017년 5월 9일 04시,화요일,인천광역시 서구 금곡동,사망사고,1,0,0,0,차대사람 - 횡단중,안전운전불이행,건조,맑음,교차로 - 교차로안,이륜,남,34세,상해없음,보행자,남,72세,사망
2017050900100176,2017년 5월 9일 10시,화요일,인천광역시 남동구 고잔동,경상사고,0,0,1,0,차대차 - 측면충돌,안전거리미확보,건조,맑음,교차로 - 교차로부근,승용,남,35세,상해없음,승용,여,39세,경상
2017050900100223,2017년 5월 9일 12시,화요일,인천광역시 서구 신현동,경상사고,0,0,2,0,차대차 - 측면충돌,신호위반,건조,맑음,교차로 - 교차로안,승용,여,48세,상해없음,승용,남,21세,경상
2017050900100224,2017년 5월 9일 12시,화요일,인천광역시 계양구 계산동,경상사고,0,0,1,0,차대차 - 측면충돌,차로위반,건조,맑음,단일로 - 기타,승용,여,26세,상해없음,승용,여,35세,상해없음
2017050900100225,2017년 5월 9일 12시,화요일,인천광역시 연수구 동춘동,경상사고,0,0,1,0,차대사람 - 횡단중,안전운전불이행,건조,흐림,교차로 - 교차로횡단보도내,화물,남,50세,상해없음,보행자,남,15세,경상
2017050900100256,2017년 5월 9일 13시,화요일,인천광역시 남동구 간석동,경상사고,0,0,1,0,차대차 - 추돌,안전운전불이행,건조,맑음,단일로 - 기타,승용,남,73세,상해없음,승용,남,26세,경상
2017050900100257,2017년 5월 9일 13시,화요일,인천광역시 연수구 송도동,경상사고,0,0,1,0,차대차 - 측면충돌,교차로운행방법위반,건조,맑음,단일로 - 기타,승합,남,57세,상해없음,자전거,남,15세,경상
2017050900100313,2017년 5월 9일 15시,화요일,인천광역시 중구 운남동,경상사고,0,0,1,0,차대차 - 기타,안전운전불이행,건조,맑음,단일로 - 기타,승용,여,30세,상해없음,화물,남,37세,경상