사고번호,사고일시,요일,시군구,사고내용,사망자수,중상자수,경상자수,부상신고자수,사고유형,법규위반,노면상태,기상상태,도로형태,가해운전자 차종,가해운전자 성별,가해운전자 연령,가해운전자 상해정도,피해운전자 차종,피해운전자 성별,피해운전자 연령,피해운전자 상해정도
2017052100100338,2017년 5월 21일 15시,일요일,인천광역시 계양구 작전동,중상사고,0,1,0,0,차대차 - 측면충돌,안전거리미확보,건조,맑음,교차로 - 교차로부근,승용,남,53세,상해없음,승합,남,45세,중상
2017052100100339,2017년 5월 21일 15시,일요일,인천광역시 계양구 작전동,중상사고,0,1,0,0,차대차 - 측면충돌,차로위반,건조,맑음,단일로 - 기타,승용,남,44세,상해없음,승용,여,57세,중상
2017052100100364,2017년 5월 21일 16시,일요일,인천광역시 중구 운서동,경상사고,0,0,1,0,차대사람 - 횡단중,안전운전불이행,건조,맑음,단일로 - 기타,승용,여,55세,상해없음,보행자,남,31세,경상
2017052100100365,2017년 5월 21일 16시,일요일,인천광역시 서구 왕길동,경상사고,0,0,2,0,차대차 - 측면충돌,중앙선침범,건조,맑음,교차로 - 교차로안,승용,여,42세,상해없음,승용,남,38세,경상
2017052100100366,2017년 5월 21일 16시,일요일,인천광역시 계양구 갈현동,경상사고,0,0,2,0,차대차 - 추돌,안전거리미확보,건조,맑음,교차로 - 교차로안,화물,남,53세,상해없음,승용,남,34세,경상
2017052100100396,2017년 5월 21일 17시,일요일,인천광역시 서구 왕길동,중상사고,0,2,0,0,차대차 - 측면충돌,신호위반,건조,맑음,교차로 - 교차로안,화물,남,25세,상해없음,승용,남,60세,중상
2017052100100425,2017년 5월 21일 18시,일요일,인천광역시 중구 운서동,경상사고,0,0,1,0,차대차 - 추돌,안전운전불이행,건조,맑음,단일로 - 기타,승용,남,43세,상해없음,승용,남,65세,경상
2017052100100426,2017년 5월 21일 18시,일요일,인천광역시 남동구 간석동,경상사고,0,0,2,0,차대차 - 추돌,안전운전불이행,건조,맑음,교차로 - 교차로부근,화물,남,48세,상해없음,승용,남,43세,경상
2017052100100427,2017년 5월 21일 18시,일요일,인천광역시 남동구 간석동,중상사고,0,1,4,0,차대차 - 측면충돌,안전운전불이행,건조,맑음,단일로 - 기타,승합,남,62세,상해없음,승용,남,29세,경상
2017052100100471,2017년 5월 21일 20시,일요일,인천광역시 남구 용현동,경상사고,0,0,1,0,차대차 - 추돌,안전운전불이행,건조,맑음,기타 - 기타,이륜,남,16세,상해없음,승용,남,54세,경상
2017052100100472,2017년 5월 21일 20시,일요일,인천광역시 부평구 삼산동,중상사고,0,1,0,0,차대차 - 기타,안전운전불이행,건조,맑음,교차로 - 교차로횡단보도내,승용,여,59세,상해없음,자전거,남,42세,중상
2017052100100497,2017년 5월 21일 21시,일요일,인천광역시 서구 검암동,경상사고,0,0,1,0,차대차 - 추돌,안전운전불이행,건조,맑음,단일로 - 기타,승용,남,50세,상해없음,승용,남,53세,경상
2017052100100516,2017년 5월 21일 22시,일요일,인천광역시 남동구 고잔동,중상사고,0,1,1,0,차대차 - 추돌,안전운전불이행,건조,맑음,단일로 - 기타,승용,남,32세,상해없음,승용,여,43세,중상
2017052100100539,2017년 5월 21일 23시,일요일,인천광역시 연수구 연수동,경상사고,0,0,1,0,차대차 - 추돌,안전운전불이행,건조,맑음,교차로 - 교차로부근,승용,남,56세,상해없음,승용,여,30세,경상
2017052200100075,2017년 5월 22일 06시,월요일,인천광역시 계양구 병방동,중상사고,0,1,0,0,차대차 - 기타,차로위반,건조,맑음,단일로 - 기타,승용,남,59세,상해없음,화물,남,61세,중상
2017052200100116,2017년 5월 22일 07시,월요일,인천광역시 남동구 장수동,경상사고,0,0,3,0,차대차 - 추돌,안전거리미확보,건조,맑음,단일로 - 기타,승용,남,53세,상해없음,승용,남,44세,경상
2017052200100117,2017년 5월 22일 07시,월요일,인천광역시 남동구 간석동,경상사고,0,0,1,0,차대차 - 기타,안전운전불이행,건조,맑음,단일로 - 기타,자전거,남,15세,경상,승용,남,39세,상해없음
2017052200100118,2017년 5월 22일 07시,월요일,인천광역시 계양구 귤현동,경상사고,0,0,1,0,차량단독 - 기타,기타,건조,맑음,단일로 - 기타,승합,남,53세,상해없음,,,,
2017052200100160,2017년 5월 22일 08시,월요일,인천광역시 남동구 논현동,중상사고,0,1,0,0,차대차 - 정면충돌,안전운전불이행,건조,맑음,교차로 - 교차로횡단보도내,화물,남,54세,상해없음,자전거,여,23세,중상
2017052200100197,2017년 5월 22일 09시,월요일,인천광역시 남동구 장수동,경상사고,0,0,2,0,차대차 - 추돌,안전운전불이행,건조,맑음,교차로 - 교차로부근,화물,남,42세,상해없음,승용,남,38세,경상
2017052200100198,2017년 5월 22일 09시,월요일,인천광역시 강화군 강화읍,사망사고,1,4,1,0,차대사람 - 보도통행중,기타,건조,맑음,교차로 - 교차로안,화물,남,52세,상해없음,보행자,여,59세,사망
2017052200100228,2017년 5월 22일 10시,월요일,인천광역시 남구 도화동,경상사고,0,0,1,0,차대차 - 측면충돌,교차로운행방법위반,건조,맑음,교차로 - 교차로안,승용,남,55세,상해없음,승용,여,52세,경상
2017052200100255,2017년 5월 22일 11시,월요일,인천광역시 서구 당하동,경상사고,0,0,1,0,차대차 - 추돌,안전거리미확보,건조,맑음,단일로 - 기타,건설기계,남,34세,상해없음,화물,남,52세,경상
2017052200100321,2017년 5월 22일 13시,월요일,인천광역시 남동구 구월동,중상사고,0,1,0,0,차대차 - 측면충돌,차로위반,건조,맑음,단일로 - 기타,자전거,남,74세,중상,승용,여,56세,상해없음
2017052200100396,2017년 5월 22일 15시,월요일,인천광역시 남동구 간석동,경상사고,0,0,1,0,차대사람 - 기타,안전운전불이행,건조,맑음,기타 - 기타,승용,여,43세,상해없음,보행자,남,36세,경상
2017052200100397,2017년 5월 22일 15시,월요일,인천광역시 서구 경서동,경상사고,0,0,1,0,차대차 - 측면충돌,안전운전불이행,건조,맑음,교차로 - 교차로부근,화물,남,38세,상해없음,승합,남,71세,경상
2017052200100423,2017년 5월 22일 16시,월요일,인천광역시 동구 송림동,중상사고,0,1,1,0,차대차 - 측면충돌,신호위반,건조,맑음,교차로 - 교차로안,승용,여,58세,상해없음,승용,남,63세,경상
2017052200100424,2017년 5월 22일 16시,월요일,인천광역시 남구 학익동,경상사고,0,0,1,0,차대차 - 추돌,안전운전불이행,건조,맑음,기타 - 기타,원동기,남,20세,상해없음,화물,남,23세,경상
2017052200100425,2017년 5월 22일 16시,월요일,인천광역시 계양구 작전동,경상사고,0,0,1,0,차대차 - 측면충돌,안전운전불이행,건조,맑음,교차로 - 교차로부근,승용,여,31세,상해없음,승용,여,40세,경상
2017052200100564,2017년 5월 22일 19시,월요일,인천광역시 남구 용현동,부상신고사고,0,0,0,1,차대사람 - 횡단중,안전운전불이행,건조,맑음,기타 - 기타,기타불명,기타불명,미분류,기타불명,보행자,남,62세,부상신고
2017052200100618,2017년 5월 22일 21시,월요일,인천광역시 연수구 송도동,경상사고,0,0,1,0,차대차 - 측면충돌,교차로운행방법위반,건조,맑음,교차로 - 교차로안,승용,여,68세,상해없음,이륜,남,28세,경상
2017052200100636,2017년 5월 22일 22시,월요일,인천광역시 남구 학익동,경상사고,0,0,2,0,차대차 - 추돌,안전운전불이행,건조,맑음,단일로 - 기타,승용,여,66세,상해없음,화물,남,55세,경상
2017052200100637,2017년 5월 22일 22시,월요일,인천광역시 서구 원창동,경상사고,0,0,1,0,차대사람 - 횡단중,안전운전불이행,건조,맑음,단일로 - 기타,승용,여,65세,상해없음,보행자,남,27세,경상
2017052200100638,2017년 5월 22일 22시,월요일,인천광역시 서구 마전동,부상신고사고,0,0,0,1,차대차 - 측면충돌,신호위반,건조,맑음,교차로 - 교차로안,이륜,남,47세,부상신고,승용,여,46세,상해없음
2017052200100639,2017년 5월 22일 22시,월요일,인천광역시 계양구 박촌동,중상사고,0,1,0,0,차대사람 - 횡단중,안전운전불이행,건조,맑음,단일로 - 기타,승용,남,54세,상해없음,보행자,남,45세,중상
2017052200100652,2017년 5월 22일 23시,월요일,인천광역시 중구 운서동,경상사고,0,0,1,0,차대사람 - 차도통행중,안전운전불이행,건조,맑음,단일로 - 기타,승용,남,43세,상해없음,보행자,여,52세,경상
2017052300100043,2017년 5월 23일 01시,화요일,인천광역시 남동구 구월동,경상사고,0,0,2,0,차대차 - 측면충돌,차로위반,건조,맑음,단일로 - 기타,승용,여,40세,상해없음,승용,남,45세,경상
2017052300100197,2017년 5월 23일 09시,화요일,인천광역시 부평구 구산동,경상사고,0,0,1,0,차대차 - 추돌,안전거리미확보,건조,맑음,단일로 - 기타,승용,남,20세,상해없음,승용,남,34세,경상
2017052300100225,2017년 5월 23일 10시,화요일,인천광역시 서구 심곡동,경상사고,0,0,1,0,차대차 - 추돌,안전운전불이행,건조,맑음,교차로 - 교차로부근,승용,남,63세,상해없음,승용,남,51세,경상
2017052300100340,2017년 5월 23일 14시,화요일,인천광역시 남구 주안동,경상사고,0,0,1,0,차대차 - 추돌,안전운전불이행,건조,맑음,기타 - 기타,승용,남,36세,상해없음,화물,남,33세,경상
2017052300100341,2017년 5월 23일 14시,화요일,인천광역시 부평구 산곡동,경상사고,0,0,1,0,차대차 - 후진중충돌,안전운전불이행,건조,맑음,교차로 - 교차로부근,건설기계,남,43세,상해없음,승용,남,29세,경상
2017052300100342,2017년 5월 23일 14시,화요일,인천광역시 남동구 만수동,경상사고,0,0,1,0,차대사람 - 횡단중,보행자보호의무위반,건조,맑음,교차로 - 교차로안,승합,남,44세,상해없음,보행자,여,65세,경상
2017052300100372,2017년 5월 23일 15시,화요일,인천광역시 부평구 삼산동,경상사고,0,0,1,0,차대사람 - 기타,안전운전불이행,건조,맑음,기타 - 기타,승용,여,41세,상해없음,보행자,남,55세,경상
2017052300100445,2017년 5월 23일 17시,화요일,인천광역시 동구 송현동,중상사고,0,1,0,0,차대차 - 측면충돌,신호위반,젖음/습기,흐림,교차로 - 교차로안,승용,남,60세,상해없음,이륜,남,33세,중상
2017052300100446,2017년 5월 23일 17시,화요일,인천광역시 남구 주안동,중상사고,0,1,0,0,차대사람 - 횡단중,안전운전불이행,젖음/습기,비,단일로 - 기타,승용,여,41세,상해없음,보행자,남,74세,중상
2017052300100447,2017년 5월 23일 17시,화요일,인천광역시 남구 주안동,경상사고,0,0,1,0,차대차 - 측면충돌,신호위반,건조,기타,교차로 - 교차로부근,승용,남,68세,기타불명,승용,여,35세,경상
2017052300100484,2017년 5월 23일 18시,화요일,인천광역시 서구 마전동,중상사고,0,1,0,0,차대사람 - 기타,안전운전불이행,건조,맑음,단일로 - 기타,승합,남,43세,상해없음,보행자,남,60세,중상
2017052300100516,2017년 5월 23일 19시,화요일,인천광역시 부평구 십정동,중상사고,0,1,0,0,차대차 - 측면충돌,중앙선침범,젖음/습기,비,교차로 - 교차로부근,승용,남,25세,상해없음,승용,남,46세,중상
2017052300100517,2017년 5월 23일 19시,화요일,인천광역시 계양구 서운동,경상사고,0,0,1,0,차대차 - 측면충돌,신호위반,젖음/습기,비,교차로 - 교차로안,승용,남,37세,상해없음,승용,여,45세,경상
2017052300100518,2017년 5월 23일 19시,화요일,인천광역시 연수구 청학동,경상사고,0,0,1,0,차대사람 - 기타,기타,건조,맑음,단일로 - 기타,승합,남,67세,상해없음,보행자,남,20세,경상
2017052300100615,2017년 5월 23일 22시,화요일,인천광역시 남구 주안동,경상사고,0,0,1,0,차대차 - 추돌,안전운전불이행,젖음/습기,비,단일로 - 교량,승용,남,80세,상해없음,승용,남,37세,경상
2017052300100641,2017년 5월 23일 23시,화요일,인천광역시 남동구 수산동,경상사고,0,0,1,0,차량단독 - 전도전복 - 전도,기타,건조,맑음,교차로 - 교차로안,이륜,남,44세,경상,,,,
2017052300100642,2017년 5월 23일 23시,화요일,인천광역시 연수구 송도동,경상사고,0,0,2,0,차대차 - 측면충돌,안전운전불이행,젖음/습기,비,단일로 - 기타,화물,남,26세,상해없음,승용,남,24세,경상
2017052400100038,2017년 5월 24일 00시,수요일,인천광역시 남동구 남촌동,경상사고,0,0,2,0,차대차 - 추돌,안전운전불이행,건조,맑음,단일로 - 기타,승용,여,42세,상해없음,승용,남,59세,경상
2017052400100039,2017년 5월 24일 00시,수요일,인천광역시 강화군 강화읍,경상사고,0,0,1,0,차대차 - 추돌,안전운전불이행,건조,맑음,단일로 - 기타,승용,남,48세,상해없음,승용,남,61세,경상
2017052400100124,2017년 5월 24일 07시,수요일,인천광역시 계양구 작전동,중상사고,0,1,0,0,차대차 - 추돌,안전운전불이행,건조,맑음,단일로 - 기타,화물,남,54세,상해없음,승용,남,47세,중상
2017052400100195,2017년 5월 24일 09시,수요일,인천광역시 남구 주안동,경상사고,0,0,2,0,차대차 - 추돌,안전운전불이행,건조,맑음,교차로 - 교차로안,승용,남,33세,상해없음,승용,남,61세,경상
2017052400100196,2017년 5월 24일 09시,수요일,인천광역시 남동구 구월동,중상사고,0,1,4,0,차대차 - 추돌,안전운전불이행,건조,맑음,단일로 - 기타,승용,남,59세,상해없음,승용,남,55세,경상
2017052400100284,2017년 5월 24일 12시,수요일,인천광역시 부평구 산곡동,경상사고,0,0,1,0,차대사람 - 횡단중,안전운전불이행,건조,맑음,교차로 - 교차로부근,승용,여,39세,상해없음,보행자,여,58세,경상
2017052400100346,2017년 5월 24일 14시,수요일,인천광역시 부평구 산곡동,중상사고,0,1,0,0,차대사람 - 횡단중,보행자보호의무위반,건조,맑음,단일로 - 기타,승용,남,30세,상해없음,보행자,남,8세,중상
2017052400100377,2017년 5월 24일 15시,수요일,인천광역시 남동구 논현동,중상사고,0,1,0,0,차대차 - 측면충돌,안전운전불이행,건조,맑음,단일로 - 기타,승용,남,29세,상해없음,승용,여,46세,중상
2017052400100415,2017년 5월 24일 16시,수요일,인천광역시 남동구 구월동,경상사고,0,0,4,0,차대차 - 추돌,안전운전불이행,건조,맑음,교차로 - 교차로부근,승용,남,33세,상해없음,승용,남,36세,경상
2017052400100416,2017년 5월 24일 16시,수요일,인천광역시 서구 마전동,중상사고,0,2,0,0,차대차 - 측면충돌,신호위반,건조,맑음,교차로 - 교차로안,화물,남,45세,중상,승합,남,51세,중상
2017052400100461,2017년 5월 24일 17시,수요일,인천광역시 남동구 논현동,중상사고,0,1,0,0,차대차 - 측면충돌,안전운전불이행,건조,맑음,단일로 - 기타,승용,남,59세,상해없음,자전거,남,59세,중상
2017052400100502,2017년 5월 24일 18시,수요일,인천광역시 중구 경동,경상사고,0,0,1,0,차대차 - 기타,안전거리미확보,건조,맑음,단일로 - 기타,승용,남,58세,상해없음,승합,남,56세,상해없음
2017052400100503,2017년 5월 24일 18시,수요일,인천광역시 부평구 부평동,경상사고,0,0,1,0,차대사람 - 기타,안전운전불이행,건조,맑음,단일로 - 기타,승용,남,35세,상해없음,보행자,남,6세,경상
2017052400100539,2017년 5월 24일 19시,수요일,인천광역시 남구 주안동,경상사고,0,0,1,0,차대차 - 추돌,안전운전불이행,건조,맑음,교차로 - 교차로안,승용,남,56세,상해없음,승용,여,42세,경상
2017052400100540,2017년 5월 24일 19시,수요일,인천광역시 부평구 부평동,경상사고,0,0,1,0,차대사람 - 길가장자리구역통행중,안전운전불이행,건조,맑음,단일로 - 기타,승용,남,23세,상해없음,보행자,여,24세,경상
2017052400100541,2017년 5월 24일 19시,수요일,인천광역시 부평구 부평동,경상사고,0,0,1,0,차대사람 - 길가장자리구역통행중,안전운전불이행,건조,맑음,단일로 - 기타,승용,남,23세,상해없음,보행자,여,24세,경상
2017052500100036,2017년 5월 25일 00시,목요일,인천광역시 중구 신흥동2가,중상사고,0,1,0,0,차대사람 - 횡단중,안전운전불이행,건조,맑음,단일로 - 기타,승용,남,47세,상해없음,보행자,남,39세,중상
2017052500100037,2017년 5월 25일 00시,목요일,인천광역시 남동구 구월동,경상사고,0,0,1,0,차대차 - 추돌,안전운전불이행,건조,맑음,교차로 - 교차로부근,승용,남,26세,상해없음,승용,남,37세,경상
2017052500100038,2017년 5월 25일 00시,목요일,인천광역시 서구 마전동,경상사고,0,0,1,0,차대차 - 추돌,안전운전불이행,건조,맑음,단일로 - 기타,승용,여,30세,상해없음,승용,남,21세,기타불명
2017052500100039,2017년 5월 25일 00시,목요일,인천광역시 계양구 계산동,경상사고,0,0,1,0,차대사람 - 횡단중,안전운전불이행,건조,맑음,단일로 - 기타,승용,남,25세,상해없음,보행자,남,51세,경상
2017052500100040,2017년 5월 25일 00시,목요일,인천광역시 부평구 일신동,경상사고,0,0,1,0,차대사람 - 횡단중,기타,건조,맑음,기타 - 기타,승용,여,36세,상해없음,보행자,남,62세,경상
2017052500100041,2017년 5월 25일 00시,목요일,인천광역시 부평구 부개동,중상사고,0,1,0,0,차대사람 - 횡단중,안전운전불이행,건조,맑음,단일로 - 기타,승용,남,23세,상해없음,보행자,남,47세,중상
2017052500100057,2017년 5월 25일 02시,목요일,인천광역시 남동구 고잔동,중상사고,0,1,0,0,차대차 - 추돌,안전운전불이행,건조,맑음,교차로 - 교차로부근,승용,남,42세,상해없음,승용,남,37세,중상
2017052500100063,2017년 5월 25일 03시,목요일,인천광역시 중구 운서동,중상사고,0,1,0,0,차량단독 - 공작물충돌,안전운전불이행,건조,맑음,단일로 - 기타,승용,남,35세,상해없음,,,,
2017052500100064,2017년 5월 25일 03시,목요일,인천광역시 남동구 만수동,중상사고,0,1,3,0,차대차 - 측면충돌,신호위반,건조,맑음,교차로 - 교차로안,승용,여,18세,상해없음,승용,남,54세,경상
2017052500100087,2017년 5월 25일 06시,목요일,인천광역시 서구 공촌동,경상사고,0,0,1,0,차대차 - 추돌,안전운전불이행,건조,맑음,교차로 - 교차로부근,승용,남,52세,상해없음,화물,남,50세,경상
2017052500100159,2017년 5월 25일 08시,목요일,인천광역시 서구 가좌동,경상사고,0,0,1,0,차대차 - 측면충돌,안전운전불이행,건조,맑음,교차로 - 교차로안,승용,여,63세,상해없음,승용,남,35세,경상
2017052500100160,2017년 5월 25일 08시,목요일,인천광역시 서구 가좌동,경상사고,0,0,1,0,차대차 - 추돌,안전운전불이행,건조,맑음,교차로 - 교차로안,승용,남,62세,상해없음,승용,여,52세,경상
2017052500100161,2017년 5월 25일 08시,목요일,인천광역시 서구 석남동,경상사고,0,0,1,0,차대차 - 측면충돌,안전운전불이행,건조,맑음,단일로 - 기타,화물,남,51세,상해없음,승용,여,57세,경상
2017052500100193,2017년 5월 25일 09시,목요일,인천광역시 연수구 동춘동,경상사고,0,0,1,0,차대차 - 추돌,안전운전불이행,건조,맑음,단일로 - 기타,건설기계,남,36세,상해없음,승용,여,54세,경상
2017052500100254,2017년 5월 25일 11시,목요일,인천광역시 남구 용현동,경상사고,0,0,1,0,차대차 - 추돌,안전운전불이행,건조,맑음,교차로 - 교차로안,승용,남,31세,상해없음,승합,남,68세,경상
2017052500100292,2017년 5월 25일 12시,목요일,인천광역시 서구 원창동,경상사고,0,0,1,0,차대차 - 측면충돌,안전운전불이행,건조,맑음,단일로 - 기타,승용,여,41세,경상,화물,남,62세,상해없음
2017052500100293,2017년 5월 25일 12시,목요일,인천광역시 연수구 선학동,중상사고,0,1,0,0,차대차 - 측면충돌,교차로운행방법위반,건조,맑음,교차로 - 교차로안,승용,여,33세,상해없음,자전거,여,26세,중상
2017052500100320,2017년 5월 25일 13시,목요일,인천광역시 중구 운서동,부상신고사고,0,0,0,1,차대차 - 추돌,안전거리미확보,건조,맑음,단일로 - 기타,사륜오토바이(ATV),남,84세,부상신고,화물,남,53세,상해없음
2017052500100353,2017년 5월 25일 14시,목요일,인천광역시 남동구 만수동,중상사고,0,1,0,0,차대차 - 측면충돌,신호위반,건조,맑음,교차로 - 교차로안,이륜,남,69세,중상,승용,남,54세,상해없음
2017052500100383,2017년 5월 25일 15시,목요일,인천광역시 남동구 논현동,중상사고,0,1,0,0,차대사람 - 횡단중,안전운전불이행,건조,맑음,단일로 - 기타,승합,남,44세,상해없음,보행자,남,14세,중상
2017052500100384,2017년 5월 25일 15시,목요일,인천광역시 계양구 작전동,경상사고,0,0,1,0,차대차 - 기타,차로위반,건조,맑음,단일로 - 기타,승용,여,31세,상해없음,승용,남,75세,경상
2017052500100471,2017년 5월 25일 17시,목요일,인천광역시 서구 왕길동,경상사고,0,0,1,0,차대차 - 추돌,안전운전불이행,건조,맑음,교차로 - 교차로부근,화물,남,57세,상해없음,승용,남,41세,경상
2017052500100472,2017년 5월 25일 17시,목요일,인천광역시 계양구 계산동,경상사고,0,0,1,0,차대차 - 측면충돌,안전운전불이행,건조,맑음,교차로 - 교차로부근,이륜,남,31세,경상,승용,남,52세,상해없음
2017052500100508,2017년 5월 25일 18시,목요일,인천광역시 남동구 서창동,경상사고,0,0,3,0,차대차 - 측면충돌,안전운전불이행,건조,맑음,교차로 - 교차로안,승용,남,59세,상해없음,승용,여,34세,경상
2017052500100509,2017년 5월 25일 18시,목요일,인천광역시 계양구 작전동,경상사고,0,0,2,0,차대사람 - 기타,안전운전불이행,건조,맑음,단일로 - 기타,승용,남,60세,상해없음,보행자,여,61세,경상
2017052500100535,2017년 5월 25일 19시,목요일,인천광역시 중구 운서동,경상사고,0,0,1,0,차대차 - 측면충돌,안전운전불이행,건조,맑음,단일로 - 기타,승용,남,27세,상해없음,자전거,남,11세,경상
2017052500100536,2017년 5월 25일 19시,목요일,인천광역시 남구 학익동,경상사고,0,0,1,0,차대사람 - 기타,안전운전불이행,건조,맑음,교차로 - 교차로안,승용,남,28세,상해없음,보행자,남,21세,경상
2017052500100537,2017년 5월 25일 19시,목요일,인천광역시 서구 가정동,경상사고,0,0,1,0,차대차 - 측면충돌,안전거리미확보,건조,맑음,단일로 - 기타,화물,남,23세,상해없음,승용,남,68세,경상
2017052500100538,2017년 5월 25일 19시,목요일,인천광역시 부평구 일신동,중상사고,0,1,0,0,차대사람 - 횡단중,신호위반,건조,맑음,단일로 - 기타,승용,남,27세,상해없음,보행자,남,68세,중상
2017052500100618,2017년 5월 25일 22시,목요일,인천광역시 부평구 청천동,중상사고,0,1,0,0,차대차 - 측면충돌,안전운전불이행,건조,맑음,단일로 - 기타,승용,여,38세,상해없음,원동기,남,17세,중상
2017052500100619,2017년 5월 25일 22시,목요일,인천광역시 연수구 연수동,중상사고,0,1,0,0,차대사람 - 차도통행중,안전운전불이행,건조,맑음,단일로 - 기타,승용,여,49세,상해없음,보행자,남,14세,중상
2017052500100638,2017년 5월 25일 23시,목요일,인천광역시 중구 운서동,경상사고,0,0,1,0,차대차 - 추돌,안전운전불이행,건조,맑음,교차로 - 교차로부근,화물,남,37세,상해없음,승용,남,25세,상해없음
2017052500100639,2017년 5월 25일 23시,목요일,인천광역시 남동구 간석동,중상사고,0,1,0,0,차대차 - 기타,교차로운행방법위반,건조,맑음,교차로 - 교차로부근,승용,남,28세,상해없음,이륜,남,31세,중상
2017052500100640,2017년 5월 25일 23시,목요일,인천광역시 연수구 선학동,경상사고,0,0,1,0,차대차 - 측면충돌,교차로운행방법위반,건조,맑음,교차로 - 교차로부근,승용,여,30세,상해없음,승용,남,38세,경상
2017052600100127,2017년 5월 26일 07시,금요일,인천광역시 서구 가좌동,중상사고,0,1,0,0,차대사람 - 횡단중,안전운전불이행,건조,맑음,단일로 - 기타,화물,남,58세,상해없음,보행자,여,57세,중상
2017052600100128,2017년 5월 26일 07시,금요일,인천광역시 서구 가정동,중상사고,0,1,0,0,차대사람 - 횡단중,안전운전불이행,건조,맑음,단일로 - 기타,기타불명,기타불명,미분류,기타불명,보행자,여,60세,중상
2017052600100129,2017년 5월 26일 07시,금요일,인천광역시 계양구 동양동,경상사고,0,0,1,0,차대차 - 정면충돌,기타,건조,맑음,교차로 - 교차로부근,자전거,남,38세,경상,화물,남,65세,상해없음
2017052600100130,2017년 5월 26일 07시,금요일,인천광역시 계양구 서운동,경상사고,0,0,1,0,차량단독 - 기타,기타,건조,맑음,교차로 - 교차로부근,이륜,남,56세,상해없음,,,,
2017052600100181,2017년 5월 26일 08시,금요일,인천광역시 계양구 효성동,경상사고,0,0,1,0,차대사람 - 횡단중,보행자보호의무위반,건조,맑음,교차로 - 교차로횡단보도내,승용,남,54세,상해없음,보행자,여,8세,경상
2017052600100226,2017년 5월 26일 09시,금요일,인천광역시 남구 학익동,경상사고,0,0,2,0,차대차 - 측면충돌,신호위반,건조,맑음,단일로 - 기타,승용,남,51세,상해없음,승용,남,64세,경상
2017052600100361,2017년 5월 26일 13시,금요일,인천광역시 부평구 부평동,경상사고,0,0,1,0,차대차 - 기타,안전운전불이행,건조,맑음,단일로 - 기타,승합,남,50세,상해없음,승용,여,51세,상해없음
2017052600100362,2017년 5월 26일 13시,금요일,인천광역시 남동구 장수동,경상사고,0,0,1,0,차대차 - 추돌,안전운전불이행,건조,맑음,교차로 - 교차로안,원동기,남,27세,상해없음,승용,남,55세,경상
2017052600100390,2017년 5월 26일 14시,금요일,인천광역시 남구 도화동,경상사고,0,0,1,0,차대차 - 측면충돌,안전운전불이행,건조,맑음,기타 - 기타,승용,여,42세,상해없음,승용,남,56세,경상
2017052600100425,2017년 5월 26일 15시,금요일,인천광역시 서구 가정동,중상사고,0,1,0,0,차대사람 - 횡단중,안전운전불이행,건조,맑음,교차로 - 교차로안,승용,여,38세,상해없음,보행자,여,79세,중상
2017052600100426,2017년 5월 26일 15시,금요일,인천광역시 연수구 연수동,중상사고,0,1,0,0,차대사람 - 횡단중,보행자보호의무위반,건조,맑음,교차로 - 교차로횡단보도내,원동기,남,26세,상해없음,보행자,여,60세,중상
2017052600100462,2017년 5월 26일 16시,금요일,인천광역시 부평구 청천동,중상사고,0,6,13,2,차대차 - 측면충돌,안전운전불이행,건조,맑음,단일로 - 교량,승용,남,69세,상해없음,승용,남,24세,상해없음
2017052600100505,2017년 5월 26일 17시,금요일,인천광역시 남구 용현동,경상사고,0,0,1,0,차대차 - 측면충돌,안전운전불이행,건조,맑음,교차로 - 교차로안,화물,남,54세,상해없음,화물,남,36세,경상
2017052600100506,2017년 5월 26일 17시,금요일,인천광역시 연수구 옥련동,경상사고,0,0,1,0,차대사람 - 기타,안전운전불이행,건조,맑음,단일로 - 기타,이륜,남,23세,상해없음,보행자,여,69세,경상
2017052600100559,2017년 5월 26일 18시,금요일,인천광역시 중구 항동7가,중상사고,0,1,0,0,차대차 - 측면충돌,신호위반,건조,맑음,교차로 - 교차로안,특수,남,48세,상해없음,승용,여,54세,중상
2017052600100560,2017년 5월 26일 18시,금요일,인천광역시 계양구 작전동,경상사고,0,0,1,0,차대사람 - 기타,안전운전불이행,건조,맑음,기타 - 기타,화물,남,38세,상해없음,보행자,남,38세,경상
2017052600100600,2017년 5월 26일 19시,금요일,인천광역시 남동구 간석동,부상신고사고,0,0,0,1,차대사람 - 횡단중,기타,건조,맑음,단일로 - 기타,승합,남,60세,상해없음,보행자,여,21세,부상신고
2017052600100601,2017년 5월 26일 19시,금요일,인천광역시 남동구 논현동,중상사고,0,1,0,0,차대사람 - 횡단중,보행자보호의무위반,건조,맑음,단일로 - 기타,승용,남,43세,상해없음,보행자,여,16세,중상
2017052600100645,2017년 5월 26일 20시,금요일,인천광역시 남동구 구월동,경상사고,0,0,1,0,차대차 - 측면충돌,안전운전불이행,건조,맑음,교차로 - 교차로안,승합,남,63세,상해없음,승용,남,45세,상해없음
2017052600100646,2017년 5월 26일 20시,금요일,인천광역시 연수구 선학동,중상사고,0,1,0,0,차대차 - 측면충돌,안전운전불이행,건조,맑음,교차로 - 교차로안,승용,남,57세,상해없음,이륜,남,62세,중상