사고번호,사고일시,요일,시군구,사고내용,사망자수,중상자수,경상자수,부상신고자수,사고유형,법규위반,노면상태,기상상태,도로형태,가해운전자 차종,가해운전자 성별,가해운전자 연령,가해운전자 상해정도,피해운전자 차종,피해운전자 성별,피해운전자 연령,피해운전자 상해정도
2017052600100709,2017년 5월 26일 22시,금요일,인천광역시 서구 심곡동,경상사고,0,0,2,0,차대차 - 추돌,안전운전불이행,건조,맑음,교차로 - 교차로부근,승용,여,44세,상해없음,승용,여,45세,경상
2017052700100042,2017년 5월 27일 00시,토요일,인천광역시 서구 원당동,경상사고,0,0,2,0,차대차 - 추돌,안전운전불이행,건조,맑음,단일로 - 기타,승용,남,38세,상해없음,승용,남,48세,경상
2017052700100076,2017년 5월 27일 02시,토요일,인천광역시 부평구 십정동,경상사고,0,0,1,0,차대차 - 측면충돌,안전운전불이행,건조,맑음,단일로 - 기타,화물,남,27세,상해없음,화물,남,49세,경상
2017052700100110,2017년 5월 27일 05시,토요일,인천광역시 계양구 효성동,경상사고,0,0,2,0,차대차 - 추돌,안전운전불이행,건조,맑음,교차로 - 교차로부근,승용,남,37세,상해없음,승용,남,62세,경상
2017052700100127,2017년 5월 27일 06시,토요일,인천광역시 서구 석남동,중상사고,0,1,1,0,차대차 - 측면충돌,신호위반,건조,맑음,교차로 - 교차로안,화물,남,45세,상해없음,승용,남,62세,중상
2017052700100166,2017년 5월 27일 08시,토요일,인천광역시 부평구 부평동,경상사고,0,0,1,0,차대사람 - 기타,안전운전불이행,건조,맑음,교차로 - 교차로안,승용,남,29세,상해없음,보행자,남,26세,경상
2017052700100238,2017년 5월 27일 10시,토요일,인천광역시 부평구 부평동,경상사고,0,0,1,0,차대사람 - 차도통행중,안전운전불이행,건조,맑음,교차로 - 교차로부근,승용,남,59세,상해없음,보행자,여,70세,경상
2017052700100274,2017년 5월 27일 11시,토요일,인천광역시 서구 가정동,경상사고,0,0,1,0,차대차 - 추돌,안전운전불이행,건조,맑음,교차로 - 교차로부근,승용,남,26세,상해없음,화물,남,61세,경상
2017052700100275,2017년 5월 27일 11시,토요일,인천광역시 연수구 송도동,경상사고,0,0,1,0,차대차 - 측면충돌,안전운전불이행,건조,맑음,단일로 - 기타,승용,남,32세,상해없음,자전거,남,11세,경상
2017052700100308,2017년 5월 27일 12시,토요일,인천광역시 남구 숭의동,경상사고,0,0,1,0,차대사람 - 보도통행중,기타,건조,맑음,단일로 - 기타,화물,남,45세,상해없음,보행자,여,51세,경상
2017052700100392,2017년 5월 27일 14시,토요일,인천광역시 연수구 송도동,경상사고,0,0,1,0,차대차 - 측면충돌,기타,건조,맑음,단일로 - 기타,승용,여,65세,상해없음,자전거,남,10세,경상
2017052700100427,2017년 5월 27일 15시,토요일,인천광역시 중구 을왕동,경상사고,0,0,3,0,차대차 - 추돌,안전운전불이행,건조,맑음,단일로 - 기타,화물,남,54세,상해없음,승용,남,31세,경상
2017052700100428,2017년 5월 27일 15시,토요일,인천광역시 연수구 선학동,경상사고,0,0,2,0,차대차 - 측면충돌,안전운전불이행,건조,맑음,단일로 - 기타,승용,남,65세,상해없음,승용,남,25세,경상
2017052700100479,2017년 5월 27일 16시,토요일,인천광역시 남구 숭의동,경상사고,0,0,1,0,차대사람 - 횡단중,보행자보호의무위반,건조,맑음,교차로 - 교차로부근,기타불명,기타불명,미분류,기타불명,보행자,남,71세,경상
2017052700100480,2017년 5월 27일 16시,토요일,인천광역시 남구 문학동,부상신고사고,0,0,0,1,차대사람 - 길가장자리구역통행중,안전운전불이행,건조,맑음,단일로 - 기타,기타불명,기타불명,미분류,기타불명,보행자,남,37세,부상신고
2017052700100481,2017년 5월 27일 16시,토요일,인천광역시 남구 주안동,경상사고,0,0,1,0,차대사람 - 횡단중,안전운전불이행,건조,맑음,교차로 - 교차로부근,승용,남,31세,상해없음,보행자,남,56세,경상
2017052700100482,2017년 5월 27일 16시,토요일,인천광역시 계양구 작전동,경상사고,0,0,1,0,차대차 - 추돌,안전운전불이행,건조,맑음,단일로 - 기타,승용,남,23세,상해없음,승용,남,32세,경상
2017052700100483,2017년 5월 27일 16시,토요일,인천광역시 연수구 연수동,중상사고,0,1,0,0,차대차 - 측면충돌,안전운전불이행,건조,맑음,단일로 - 기타,승용,여,49세,상해없음,자전거,남,44세,중상
2017052700100532,2017년 5월 27일 17시,토요일,인천광역시 부평구 부평동,중상사고,0,1,0,0,차대사람 - 차도통행중,안전운전불이행,건조,맑음,단일로 - 기타,승용,여,23세,상해없음,보행자,여,9세,중상
2017052700100570,2017년 5월 27일 18시,토요일,인천광역시 남동구 논현동,경상사고,0,0,2,1,차대차 - 추돌,안전거리미확보,건조,맑음,단일로 - 고가도로위,승용,남,28세,상해없음,승용,여,52세,상해없음
2017052700100571,2017년 5월 27일 18시,토요일,인천광역시 남동구 도림동,중상사고,0,1,0,0,차대차 - 측면충돌,안전운전불이행,건조,맑음,기타 - 기타,승용,남,53세,기타불명,자전거,남,70세,중상
2017052700100598,2017년 5월 27일 19시,토요일,인천광역시 연수구 송도동,중상사고,0,1,3,1,차대차 - 측면충돌,안전운전불이행,건조,맑음,단일로 - 기타,승용,여,47세,부상신고,승합,남,56세,중상
2017052700100651,2017년 5월 27일 21시,토요일,인천광역시 남구 도화동,사망사고,1,0,0,0,차대사람 - 차도통행중,안전운전불이행,건조,맑음,교차로 - 교차로부근,승용,남,58세,상해없음,보행자,남,61세,사망
2017052700100700,2017년 5월 27일 23시,토요일,인천광역시 남구 주안동,부상신고사고,0,0,0,1,차대사람 - 횡단중,안전운전불이행,건조,맑음,교차로 - 교차로안,승용,남,55세,상해없음,보행자,여,52세,부상신고
2017052700100701,2017년 5월 27일 23시,토요일,인천광역시 남구 학익동,경상사고,0,0,2,0,차대차 - 측면충돌,신호위반,건조,맑음,교차로 - 교차로안,승용,남,23세,상해없음,승용,남,48세,경상
2017052700100702,2017년 5월 27일 23시,토요일,인천광역시 부평구 부평동,경상사고,0,0,1,0,차대차 - 추돌,안전운전불이행,건조,맑음,단일로 - 기타,화물,남,63세,기타불명,자전거,여,57세,경상
2017052800100031,2017년 5월 28일 00시,일요일,인천광역시 서구 연희동,중상사고,0,1,0,0,차대차 - 정면충돌,안전운전불이행,건조,맑음,교차로 - 교차로안,승용,남,46세,상해없음,이륜,남,37세,중상
2017052800100032,2017년 5월 28일 00시,일요일,인천광역시 서구 마전동,경상사고,0,0,1,0,차대차 - 정면충돌,교차로운행방법위반,건조,기타,교차로 - 교차로안,승용,남,51세,상해없음,이륜,남,27세,경상
2017052800100102,2017년 5월 28일 06시,일요일,인천광역시 남구 주안동,경상사고,0,0,1,0,차대차 - 추돌,안전운전불이행,건조,맑음,교차로 - 교차로부근,승용,남,23세,상해없음,화물,남,32세,경상
2017052800100103,2017년 5월 28일 06시,일요일,인천광역시 서구 석남동,경상사고,0,0,2,0,차대차 - 측면충돌,교차로운행방법위반,건조,맑음,교차로 - 교차로부근,승용,남,20세,상해없음,승용,남,62세,상해없음
2017052800100237,2017년 5월 28일 13시,일요일,인천광역시 남구 주안동,경상사고,0,0,1,0,차대차 - 추돌,안전거리미확보,건조,맑음,단일로 - 기타,승용,남,45세,상해없음,승용,남,30세,경상
2017052800100377,2017년 5월 28일 17시,일요일,인천광역시 남구 용현동,경상사고,0,0,1,0,차대차 - 측면충돌,신호위반,건조,맑음,교차로 - 교차로안,승용,남,28세,상해없음,이륜,남,39세,경상
2017052800100407,2017년 5월 28일 18시,일요일,인천광역시 강화군 길상면,중상사고,0,1,0,0,차대차 - 추돌,안전거리미확보,건조,맑음,교차로 - 교차로부근,화물,남,58세,상해없음,자전거,남,26세,중상
2017052800100433,2017년 5월 28일 19시,일요일,인천광역시 연수구 송도동,경상사고,0,0,1,0,차대차 - 측면충돌,안전운전불이행,건조,맑음,단일로 - 기타,승용,남,55세,상해없음,승용,여,27세,경상
2017052800100462,2017년 5월 28일 20시,일요일,인천광역시 계양구 귤현동,중상사고,0,1,0,0,차대차 - 측면충돌,안전운전불이행,건조,맑음,단일로 - 기타,승용,남,49세,상해없음,화물,여,51세,기타불명
2017052800100463,2017년 5월 28일 20시,일요일,인천광역시 부평구 일신동,경상사고,0,0,1,0,차대사람 - 횡단중,안전운전불이행,건조,맑음,단일로 - 기타,화물,남,53세,상해없음,보행자,여,67세,경상
2017052800100485,2017년 5월 28일 21시,일요일,인천광역시 남구 도화동,중상사고,0,1,0,0,차대사람 - 횡단중,안전운전불이행,건조,맑음,단일로 - 기타,승용,남,43세,상해없음,보행자,남,58세,중상
2017052800100514,2017년 5월 28일 22시,일요일,인천광역시 연수구 선학동,경상사고,0,0,2,0,차대차 - 측면충돌,안전운전불이행,건조,맑음,단일로 - 기타,승용,남,61세,상해없음,승용,남,51세,상해없음
2017052900100035,2017년 5월 29일 00시,월요일,인천광역시 부평구 부개동,경상사고,0,0,2,0,차대차 - 측면충돌,안전거리미확보,건조,맑음,교차로 - 교차로부근,기타불명,기타불명,미분류,기타불명,승용,여,30세,경상
2017052900100041,2017년 5월 29일 01시,월요일,인천광역시 서구 경서동,중상사고,0,1,1,0,차량단독 - 공작물충돌,안전운전불이행,건조,맑음,단일로 - 기타,승용,남,19세,상해없음,,,,
2017052900100054,2017년 5월 29일 03시,월요일,인천광역시 중구 운남동,부상신고사고,0,0,0,1,차대사람 - 횡단중,안전운전불이행,건조,맑음,단일로 - 기타,기타불명,기타불명,미분류,기타불명,보행자,여,25세,부상신고
2017052900100068,2017년 5월 29일 05시,월요일,인천광역시 서구 원창동,경상사고,0,0,1,0,차대차 - 측면충돌,신호위반,건조,맑음,교차로 - 교차로안,승합,남,64세,상해없음,승합,남,53세,경상
2017052900100105,2017년 5월 29일 07시,월요일,인천광역시 남동구 만수동,경상사고,0,0,1,0,차대차 - 측면충돌,교차로운행방법위반,건조,맑음,교차로 - 교차로안,이륜,남,15세,상해없음,승용,남,37세,경상
2017052900100149,2017년 5월 29일 08시,월요일,인천광역시 서구 검암동,경상사고,0,0,1,0,차대사람 - 횡단중,안전운전불이행,건조,맑음,교차로 - 교차로부근,승용,남,30세,상해없음,보행자,여,9세,경상
2017052900100150,2017년 5월 29일 08시,월요일,인천광역시 연수구 연수동,부상신고사고,0,0,0,1,차대차 - 정면충돌,교차로운행방법위반,건조,맑음,교차로 - 교차로안,승용,여,47세,상해없음,이륜,남,33세,부상신고
2017052900100180,2017년 5월 29일 09시,월요일,인천광역시 서구 석남동,경상사고,0,0,1,0,차대차 - 측면충돌,안전운전불이행,건조,맑음,단일로 - 기타,이륜,남,77세,상해없음,승용,여,38세,경상
2017052900100213,2017년 5월 29일 10시,월요일,인천광역시 서구 마전동,경상사고,0,0,1,0,차대차 - 측면충돌,안전운전불이행,건조,맑음,교차로 - 교차로안,승용,남,58세,상해없음,승용,남,29세,경상
2017052900100277,2017년 5월 29일 12시,월요일,인천광역시 남동구 구월동,중상사고,0,1,1,0,차대차 - 추돌,신호위반,건조,맑음,교차로 - 교차로안,승용,남,24세,상해없음,승용,남,41세,경상
2017052900100278,2017년 5월 29일 12시,월요일,인천광역시 남동구 구월동,경상사고,0,0,5,0,차대차 - 후진중충돌,안전운전불이행,건조,맑음,기타 - 기타,승용,남,65세,경상,승용,남,61세,경상
2017052900100279,2017년 5월 29일 12시,월요일,인천광역시 계양구 계산동,경상사고,0,0,1,0,차량단독 - 기타,기타,건조,맑음,단일로 - 기타,승합,남,52세,상해없음,,,,
2017052900100308,2017년 5월 29일 13시,월요일,인천광역시 남동구 논현동,경상사고,0,0,2,0,차대차 - 측면충돌,신호위반,건조,맑음,교차로 - 교차로안,승용,남,26세,상해없음,승용,여,56세,경상
2017052900100309,2017년 5월 29일 13시,월요일,인천광역시 부평구 삼산동,중상사고,0,1,0,0,차대사람 - 기타,안전운전불이행,건조,맑음,단일로 - 기타,화물,남,29세,상해없음,보행자,여,17세,중상
2017052900100310,2017년 5월 29일 13시,월요일,인천광역시 부평구 청천동,경상사고,0,0,1,0,차대차 - 기타,차로위반,건조,맑음,단일로 - 기타,기타불명,기타불명,미분류,기타불명,화물,남,26세,상해없음
2017052900100447,2017년 5월 29일 17시,월요일,인천광역시 부평구 부평동,중상사고,0,1,0,0,차대사람 - 횡단중,보행자보호의무위반,건조,맑음,단일로 - 기타,승용,여,70세,상해없음,보행자,남,8세,중상
2017052900100480,2017년 5월 29일 18시,월요일,인천광역시 서구 가좌동,경상사고,0,0,3,0,차대차 - 측면충돌,안전운전불이행,건조,맑음,단일로 - 기타,승용,남,51세,상해없음,화물,남,33세,상해없음
2017052900100536,2017년 5월 29일 20시,월요일,인천광역시 남구 용현동,경상사고,0,0,1,0,차대차 - 측면충돌,안전운전불이행,건조,맑음,단일로 - 기타,승합,남,59세,상해없음,승용,남,36세,경상
2017052900100537,2017년 5월 29일 20시,월요일,인천광역시 부평구 산곡동,중상사고,0,1,0,0,차대사람 - 횡단중,안전운전불이행,건조,맑음,단일로 - 기타,화물,남,23세,상해없음,보행자,여,65세,중상
2017052900100538,2017년 5월 29일 20시,월요일,인천광역시 계양구 계산동,중상사고,0,1,0,0,차대차 - 정면충돌,안전운전불이행,건조,맑음,교차로 - 교차로부근,승용,남,55세,상해없음,이륜,남,47세,중상
2017052900100539,2017년 5월 29일 20시,월요일,인천광역시 계양구 계산동,경상사고,0,0,2,0,차대차 - 측면충돌,안전운전불이행,건조,맑음,교차로 - 교차로부근,승용,여,43세,상해없음,승합,남,40세,상해없음
2017052900100565,2017년 5월 29일 21시,월요일,인천광역시 남구 주안동,경상사고,0,0,2,0,차대차 - 측면충돌,안전운전불이행,건조,맑음,교차로 - 교차로안,이륜,남,19세,경상,승용,남,67세,경상
2017052900100566,2017년 5월 29일 21시,월요일,인천광역시 계양구 계산동,중상사고,0,1,0,0,차량단독 - 기타,안전운전불이행,건조,맑음,단일로 - 기타,승합,남,48세,상해없음,,,,
2017052900100567,2017년 5월 29일 21시,월요일,인천광역시 연수구 동춘동,경상사고,0,0,2,0,차대차 - 추돌,안전운전불이행,건조,맑음,교차로 - 교차로부근,화물,남,60세,상해없음,승용,여,53세,경상
2017052900100613,2017년 5월 29일 23시,월요일,인천광역시 계양구 작전동,경상사고,0,0,1,0,차대차 - 추돌,안전운전불이행,건조,맑음,단일로 - 기타,승용,남,36세,상해없음,승합,남,55세,경상
2017053000100051,2017년 5월 30일 03시,화요일,인천광역시 남구 주안동,경상사고,0,0,3,0,차대차 - 기타,안전운전불이행,건조,맑음,교차로 - 교차로안,승용,남,66세,상해없음,승용,남,49세,상해없음
2017053000100067,2017년 5월 30일 05시,화요일,인천광역시 부평구 산곡동,경상사고,0,0,1,0,차대차 - 추돌,교차로운행방법위반,건조,맑음,교차로 - 교차로안,승용,남,40세,상해없음,승용,여,55세,경상
2017053000100068,2017년 5월 30일 05시,화요일,인천광역시 서구 심곡동,경상사고,0,0,5,0,차대차 - 측면충돌,신호위반,건조,맑음,교차로 - 교차로안,화물,남,19세,경상,승용,남,62세,경상
2017053000100149,2017년 5월 30일 08시,화요일,인천광역시 남구 주안동,중상사고,0,1,0,0,차대사람 - 횡단중,안전운전불이행,건조,맑음,교차로 - 교차로부근,승용,남,53세,상해없음,보행자,남,27세,중상
2017053000100150,2017년 5월 30일 08시,화요일,인천광역시 남구 용현동,경상사고,0,0,1,0,차대차 - 추돌,안전운전불이행,건조,맑음,교차로 - 교차로부근,승용,여,37세,상해없음,승용,남,42세,기타불명
2017053000100184,2017년 5월 30일 09시,화요일,인천광역시 부평구 청천동,경상사고,0,0,1,0,차대차 - 측면충돌,차로위반,건조,맑음,단일로 - 기타,특수,남,23세,상해없음,승용,여,42세,경상
2017053000100185,2017년 5월 30일 09시,화요일,인천광역시 서구 가좌동,경상사고,0,0,1,0,차대차 - 추돌,안전운전불이행,건조,맑음,교차로 - 교차로부근,승용,남,77세,상해없음,화물,남,46세,경상
2017053000100303,2017년 5월 30일 13시,화요일,인천광역시 부평구 구산동,중상사고,0,1,0,0,차대차 - 기타,안전운전불이행,건조,맑음,단일로 - 기타,승용,남,42세,상해없음,자전거,남,54세,중상
2017053000100335,2017년 5월 30일 14시,화요일,인천광역시 남구 숭의동,중상사고,0,1,0,0,차대사람 - 횡단중,안전운전불이행,건조,맑음,단일로 - 기타,승용,남,65세,상해없음,보행자,여,10세,중상
2017053000100391,2017년 5월 30일 16시,화요일,인천광역시 중구 항동7가,경상사고,0,0,3,0,차대차 - 추돌,안전운전불이행,건조,맑음,교차로 - 교차로부근,승용,남,46세,상해없음,화물,남,34세,경상
2017053000100466,2017년 5월 30일 18시,화요일,인천광역시 부평구 산곡동,중상사고,0,1,0,0,차대사람 - 횡단중,안전운전불이행,건조,맑음,교차로 - 교차로안,승용,남,36세,상해없음,보행자,여,18세,중상
2017053000100467,2017년 5월 30일 18시,화요일,인천광역시 부평구 청천동,경상사고,0,0,1,0,차대사람 - 횡단중,보행자보호의무위반,건조,맑음,교차로 - 교차로횡단보도내,화물,남,25세,상해없음,보행자,여,46세,경상
2017053000100468,2017년 5월 30일 18시,화요일,인천광역시 부평구 십정동,경상사고,0,0,2,0,차대차 - 추돌,안전운전불이행,건조,맑음,교차로 - 교차로부근,승용,남,36세,상해없음,승용,남,66세,경상
2017053000100494,2017년 5월 30일 19시,화요일,인천광역시 서구 가좌동,경상사고,0,0,1,0,차대사람 - 횡단중,안전운전불이행,건조,맑음,기타 - 기타,승합,남,68세,상해없음,보행자,남,54세,경상
2017053000100535,2017년 5월 30일 20시,화요일,인천광역시 계양구 계산동,중상사고,0,1,0,0,차대차 - 기타,안전운전불이행,건조,맑음,단일로 - 기타,기타불명,기타불명,미분류,기타불명,자전거,남,60세,중상
2017053000100536,2017년 5월 30일 20시,화요일,인천광역시 부평구 갈산동,중상사고,0,1,0,0,차대사람 - 횡단중,안전운전불이행,건조,맑음,단일로 - 기타,승용,여,62세,상해없음,보행자,남,55세,중상
2017053000100558,2017년 5월 30일 21시,화요일,인천광역시 옹진군 영흥면,중상사고,0,1,0,0,차대차 - 측면충돌,중앙선침범,건조,맑음,단일로 - 기타,승용,여,35세,상해없음,승용,남,51세,중상
2017053000100559,2017년 5월 30일 21시,화요일,인천광역시 부평구 부개동,경상사고,0,0,1,0,차대사람 - 횡단중,신호위반,건조,맑음,단일로 - 기타,승용,남,32세,상해없음,보행자,여,16세,경상
2017053000100583,2017년 5월 30일 22시,화요일,인천광역시 서구 경서동,경상사고,0,0,1,0,차대사람 - 횡단중,안전운전불이행,건조,맑음,기타 - 기타,승용,남,38세,상해없음,보행자,여,38세,경상
2017053000100604,2017년 5월 30일 23시,화요일,인천광역시 서구 심곡동,부상신고사고,0,0,0,1,차대사람 - 횡단중,안전운전불이행,건조,맑음,단일로 - 기타,승용,남,22세,상해없음,보행자,남,24세,부상신고
2017053100100039,2017년 5월 31일 01시,수요일,인천광역시 남구 주안동,중상사고,0,1,0,0,차대사람 - 횡단중,안전운전불이행,건조,기타,교차로 - 교차로횡단보도내,승용,남,21세,상해없음,보행자,남,36세,중상
2017053100100040,2017년 5월 31일 01시,수요일,인천광역시 남구 학익동,경상사고,0,0,1,0,차대차 - 측면충돌,안전운전불이행,건조,맑음,단일로 - 기타,승용,남,23세,상해없음,이륜,남,21세,경상
2017053100100041,2017년 5월 31일 01시,수요일,인천광역시 계양구 계산동,중상사고,0,1,0,0,차대사람 - 기타,안전운전불이행,건조,맑음,교차로 - 교차로부근,승용,남,49세,상해없음,보행자,남,22세,중상
2017053100100052,2017년 5월 31일 03시,수요일,인천광역시 남구 주안동,사망사고,1,0,0,0,차대사람 - 횡단중,안전운전불이행,건조,맑음,교차로 - 교차로안,승용,남,43세,상해없음,보행자,남,37세,사망
2017053100100060,2017년 5월 31일 04시,수요일,인천광역시 남동구 도림동,중상사고,0,1,1,1,차량단독 - 공작물충돌,안전운전불이행,건조,맑음,단일로 - 기타,승용,여,47세,부상신고,,,,
2017053100100068,2017년 5월 31일 05시,수요일,인천광역시 남구 주안동,중상사고,0,1,1,0,차대차 - 측면충돌,신호위반,건조,맑음,교차로 - 교차로안,승용,남,64세,상해없음,승용,남,58세,중상
2017053100100138,2017년 5월 31일 08시,수요일,인천광역시 강화군 강화읍,경상사고,0,0,1,0,차대차 - 측면충돌,차로위반,건조,맑음,단일로 - 기타,이륜,남,78세,상해없음,화물,남,42세,상해없음
2017053100100203,2017년 5월 31일 10시,수요일,인천광역시 남구 숭의동,부상신고사고,0,0,0,1,차대차 - 기타,안전운전불이행,건조,맑음,기타 - 기타,기타불명,기타불명,미분류,기타불명,자전거,남,68세,부상신고
2017053100100242,2017년 5월 31일 12시,수요일,인천광역시 남동구 만수동,경상사고,0,0,1,0,차대차 - 기타,신호위반,건조,맑음,교차로 - 교차로부근,승용,남,56세,상해없음,승용,여,29세,경상
2017053100100296,2017년 5월 31일 14시,수요일,인천광역시 남구 주안동,경상사고,0,0,1,0,차대차 - 측면충돌,신호위반,건조,맑음,교차로 - 교차로안,승용,남,32세,상해없음,승용,남,60세,경상
2017053100100297,2017년 5월 31일 14시,수요일,인천광역시 서구 경서동,경상사고,0,0,2,0,차대차 - 측면충돌,신호위반,건조,맑음,교차로 - 교차로안,이륜,남,32세,경상,승용,여,38세,경상
2017053100100336,2017년 5월 31일 15시,수요일,인천광역시 남동구 구월동,경상사고,0,0,1,0,차대사람 - 횡단중,안전운전불이행,건조,맑음,기타 - 기타,승용,남,66세,상해없음,보행자,남,54세,경상
2017053100100337,2017년 5월 31일 15시,수요일,인천광역시 서구 왕길동,경상사고,0,0,1,0,차대차 - 측면충돌,안전거리미확보,건조,맑음,단일로 - 기타,화물,남,63세,상해없음,승용,여,23세,경상
2017053100100373,2017년 5월 31일 16시,수요일,인천광역시 서구 가정동,경상사고,0,0,1,1,차대차 - 추돌,안전운전불이행,건조,맑음,단일로 - 기타,화물,남,27세,상해없음,승용,남,47세,경상
2017053100100374,2017년 5월 31일 16시,수요일,인천광역시 부평구 갈산동,중상사고,0,1,2,0,차대차 - 추돌,안전운전불이행,건조,맑음,교차로 - 교차로부근,승용,여,63세,상해없음,승용,남,50세,경상
2017053100100476,2017년 5월 31일 19시,수요일,인천광역시 서구 연희동,경상사고,0,0,1,0,차대사람 - 횡단중,안전운전불이행,건조,맑음,단일로 - 기타,승용,남,22세,상해없음,보행자,여,24세,경상
2017053100100477,2017년 5월 31일 19시,수요일,인천광역시 서구 불로동,경상사고,0,0,1,0,차대차 - 정면충돌,안전운전불이행,건조,맑음,교차로 - 교차로부근,자전거,남,12세,경상,화물,남,43세,상해없음
2017053100100478,2017년 5월 31일 19시,수요일,인천광역시 계양구 작전동,경상사고,0,0,1,0,차대차 - 추돌,안전운전불이행,건조,맑음,단일로 - 고가도로위,화물,남,37세,기타불명,특수,남,50세,경상
2017053100100510,2017년 5월 31일 20시,수요일,인천광역시 서구 가좌동,경상사고,0,0,1,0,차대차 - 측면충돌,안전운전불이행,건조,맑음,단일로 - 기타,승합,남,53세,상해없음,승용,남,34세,상해없음
2017053100100511,2017년 5월 31일 20시,수요일,인천광역시 서구 경서동,경상사고,0,0,1,0,차대사람 - 기타,안전운전불이행,건조,맑음,기타 - 기타,승용,여,36세,상해없음,보행자,남,64세,경상
2017053100100543,2017년 5월 31일 21시,수요일,인천광역시 서구 석남동,중상사고,0,1,1,0,차대차 - 정면충돌,안전운전불이행,건조,기타,교차로 - 교차로안,승용,남,29세,상해없음,승합,남,46세,중상
2017053100100544,2017년 5월 31일 21시,수요일,인천광역시 계양구 계산동,경상사고,0,0,1,0,차대차 - 후진중충돌,안전운전불이행,건조,맑음,단일로 - 기타,화물,남,53세,상해없음,승용,여,43세,경상
2017053100100587,2017년 5월 31일 23시,수요일,인천광역시 중구 신흥동1가,경상사고,0,0,1,0,차대사람 - 횡단중,안전운전불이행,건조,맑음,단일로 - 기타,승용,남,67세,상해없음,보행자,남,35세,경상
2017053100100588,2017년 5월 31일 23시,수요일,인천광역시 남구 주안동,중상사고,0,1,0,0,차대사람 - 횡단중,안전운전불이행,건조,맑음,단일로 - 기타,승용,여,44세,상해없음,보행자,남,62세,중상
2017053100100589,2017년 5월 31일 23시,수요일,인천광역시 남동구 논현동,경상사고,0,0,1,0,차대차 - 측면충돌,신호위반,건조,맑음,교차로 - 교차로안,승용,여,47세,상해없음,승용,여,41세,경상
2017060100100061,2017년 6월 1일 03시,목요일,인천광역시 남동구 남촌동,중상사고,0,1,0,1,차대차 - 측면충돌,신호위반,건조,맑음,교차로 - 교차로안,화물,남,67세,상해없음,승용,남,65세,중상
2017060100100109,2017년 6월 1일 07시,목요일,인천광역시 부평구 산곡동,경상사고,0,0,1,0,차대차 - 측면충돌,안전거리미확보,건조,맑음,단일로 - 기타,승용,남,25세,상해없음,승용,남,78세,경상
2017060100100110,2017년 6월 1일 07시,목요일,인천광역시 서구 경서동,부상신고사고,0,0,0,1,차대차 - 측면충돌,안전운전불이행,건조,맑음,단일로 - 기타,건설기계,남,50세,상해없음,승용,남,35세,부상신고
2017060100100177,2017년 6월 1일 09시,목요일,인천광역시 계양구 용종동,중상사고,0,1,0,0,차대사람 - 횡단중,안전운전불이행,건조,맑음,단일로 - 기타,승용,남,43세,상해없음,보행자,여,82세,중상
2017060100100255,2017년 6월 1일 12시,목요일,인천광역시 남동구 장수동,중상사고,0,2,0,0,차대차 - 측면충돌,안전운전불이행,건조,맑음,단일로 - 기타,승용,여,43세,상해없음,화물,남,48세,중상
2017060100100256,2017년 6월 1일 12시,목요일,인천광역시 남동구 고잔동,중상사고,0,1,1,0,차대차 - 측면충돌,중앙선침범,건조,맑음,교차로 - 교차로안,이륜,남,68세,상해없음,승용,여,37세,경상
2017060100100286,2017년 6월 1일 13시,목요일,인천광역시 계양구 계산동,중상사고,0,1,0,0,차대차 - 측면충돌,안전운전불이행,건조,맑음,단일로 - 기타,화물,여,45세,상해없음,화물,남,35세,중상
2017060100100318,2017년 6월 1일 14시,목요일,인천광역시 부평구 청천동,부상신고사고,0,0,0,1,차대사람 - 기타,안전운전불이행,건조,맑음,기타 - 기타,승용,여,56세,상해없음,보행자,남,56세,부상신고
2017060100100319,2017년 6월 1일 14시,목요일,인천광역시 남동구 논현동,경상사고,0,0,1,0,차대차 - 측면충돌,안전거리미확보,건조,맑음,교차로 - 교차로부근,화물,남,59세,상해없음,승용,남,36세,경상
2017060100100351,2017년 6월 1일 15시,목요일,인천광역시 부평구 부개동,경상사고,0,0,1,0,차대사람 - 보도통행중,안전운전불이행,건조,맑음,기타 - 기타,승용,여,31세,상해없음,보행자,여,69세,경상
2017060100100385,2017년 6월 1일 16시,목요일,인천광역시 남구 주안동,부상신고사고,0,0,0,1,차대차 - 추돌,안전거리미확보,건조,맑음,기타 - 기타,화물,남,53세,상해없음,화물,남,40세,부상신고
2017060100100441,2017년 6월 1일 17시,목요일,인천광역시 남구 용현동,경상사고,0,0,1,0,차대차 - 정면충돌,중앙선침범,건조,맑음,교차로 - 교차로부근,승용,남,26세,상해없음,승용,여,37세,경상
2017060100100442,2017년 6월 1일 17시,목요일,인천광역시 남구 관교동,경상사고,0,0,1,0,차량단독 - 기타,안전운전불이행,건조,맑음,단일로 - 기타,승합,남,55세,상해없음,,,,
2017060100100443,2017년 6월 1일 17시,목요일,인천광역시 연수구 연수동,경상사고,0,0,1,0,차대사람 - 횡단중,신호위반,건조,맑음,교차로 - 교차로안,승용,여,59세,상해없음,보행자,남,5세,경상
2017060100100490,2017년 6월 1일 18시,목요일,인천광역시 남구 학익동,경상사고,0,0,2,0,차대차 - 정면충돌,신호위반,건조,맑음,교차로 - 교차로안,이륜,남,24세,상해없음,승용,남,52세,경상