사고번호,사고일시,요일,시군구,사고내용,사망자수,중상자수,경상자수,부상신고자수,사고유형,법규위반,노면상태,기상상태,도로형태,가해운전자 차종,가해운전자 성별,가해운전자 연령,가해운전자 상해정도,피해운전자 차종,피해운전자 성별,피해운전자 연령,피해운전자 상해정도
2017060100100491,2017년 6월 1일 18시,목요일,인천광역시 남구 주안동,경상사고,0,0,1,0,차대차 - 기타,안전운전불이행,건조,맑음,교차로 - 교차로부근,승용,남,53세,상해없음,승용,여,35세,경상
2017060100100492,2017년 6월 1일 18시,목요일,인천광역시 남동구 고잔동,경상사고,0,0,1,0,차대차 - 추돌,안전운전불이행,건조,맑음,단일로 - 지하차도(도로)내,승용,남,47세,상해없음,승용,여,36세,경상
2017060100100493,2017년 6월 1일 18시,목요일,인천광역시 연수구 송도동,경상사고,0,0,2,0,차대차 - 측면충돌,신호위반,건조,맑음,단일로 - 기타,화물,남,66세,상해없음,승용,남,32세,경상
2017060100100494,2017년 6월 1일 18시,목요일,인천광역시 부평구 부평동,중상사고,0,1,0,0,차대차 - 기타,기타,건조,맑음,단일로 - 기타,화물,남,62세,상해없음,이륜,남,42세,중상
2017060100100495,2017년 6월 1일 18시,목요일,인천광역시 중구 운남동,경상사고,0,0,3,0,차대차 - 기타,안전운전불이행,건조,맑음,단일로 - 기타,승용,남,26세,경상,승용,남,25세,경상
2017060100100555,2017년 6월 1일 20시,목요일,인천광역시 남구 학익동,중상사고,0,1,0,0,차대사람 - 차도통행중,안전운전불이행,건조,맑음,기타 - 기타,승합,남,75세,상해없음,보행자,여,51세,중상
2017060100100600,2017년 6월 1일 22시,목요일,인천광역시 남동구 논현동,경상사고,0,0,1,0,차대사람 - 횡단중,안전운전불이행,건조,맑음,단일로 - 기타,기타불명,기타불명,미분류,기타불명,보행자,남,58세,경상
2017060200100045,2017년 6월 2일 00시,금요일,인천광역시 서구 가정동,경상사고,0,0,2,1,차대차 - 추돌,안전거리미확보,건조,맑음,단일로 - 교량,승합,남,37세,상해없음,승용,남,36세,상해없음
2017060200100062,2017년 6월 2일 02시,금요일,인천광역시 남동구 구월동,경상사고,0,0,9,0,차대차 - 측면충돌,안전운전불이행,건조,맑음,교차로 - 교차로부근,승용,남,63세,상해없음,승합,남,29세,경상
2017060200100067,2017년 6월 2일 03시,금요일,인천광역시 부평구 부평동,경상사고,0,0,1,0,차대차 - 측면충돌,교차로운행방법위반,건조,흐림,교차로 - 교차로안,승용,남,56세,상해없음,이륜,남,33세,경상
2017060200100079,2017년 6월 2일 04시,금요일,인천광역시 부평구 부평동,경상사고,0,0,1,0,차량단독 - 기타,기타,건조,맑음,단일로 - 기타,승합,남,59세,상해없음,,,,
2017060200100143,2017년 6월 2일 07시,금요일,인천광역시 부평구 일신동,중상사고,0,1,0,0,차대차 - 측면충돌,교차로운행방법위반,건조,맑음,교차로 - 교차로부근,승용,남,70세,상해없음,자전거,남,31세,중상
2017060200100198,2017년 6월 2일 08시,금요일,인천광역시 서구 석남동,경상사고,0,0,1,0,차대차 - 측면충돌,안전운전불이행,건조,맑음,교차로 - 교차로부근,자전거,남,84세,경상,승용,남,49세,상해없음
2017060200100199,2017년 6월 2일 08시,금요일,인천광역시 부평구 삼산동,경상사고,0,0,1,1,차대사람 - 기타,안전운전불이행,건조,맑음,단일로 - 교량,자전거,남,12세,부상신고,보행자,여,54세,경상
2017060200100229,2017년 6월 2일 09시,금요일,인천광역시 서구 원창동,경상사고,0,0,1,0,차대차 - 기타,신호위반,건조,맑음,교차로 - 교차로안,승용,남,63세,상해없음,건설기계,남,47세,경상
2017060200100230,2017년 6월 2일 09시,금요일,인천광역시 강화군 강화읍,경상사고,0,0,3,0,차대차 - 측면충돌,신호위반,건조,맑음,교차로 - 교차로안,승용,남,70세,상해없음,승용,여,51세,경상
2017060200100296,2017년 6월 2일 12시,금요일,인천광역시 부평구 삼산동,경상사고,0,0,1,0,차대차 - 기타,신호위반,건조,맑음,교차로 - 교차로안,승용,남,41세,상해없음,자전거,여,69세,경상
2017060200100326,2017년 6월 2일 13시,금요일,인천광역시 계양구 서운동,경상사고,0,0,2,0,차대차 - 추돌,안전운전불이행,건조,맑음,교차로 - 교차로부근,승용,남,49세,상해없음,화물,남,52세,경상
2017060200100388,2017년 6월 2일 15시,금요일,인천광역시 부평구 산곡동,중상사고,0,1,0,0,차대사람 - 횡단중,안전운전불이행,건조,맑음,교차로 - 교차로횡단보도내,승합,남,58세,상해없음,보행자,여,75세,중상
2017060200100468,2017년 6월 2일 17시,금요일,인천광역시 서구 원당동,경상사고,0,0,1,0,차대사람 - 횡단중,보행자보호의무위반,건조,맑음,단일로 - 기타,승용,여,37세,상해없음,보행자,남,13세,경상
2017060200100469,2017년 6월 2일 17시,금요일,인천광역시 서구 가좌동,경상사고,0,0,1,0,차대차 - 측면충돌,안전운전불이행,건조,맑음,단일로 - 기타,승용,남,45세,상해없음,승용,남,24세,경상
2017060200100470,2017년 6월 2일 17시,금요일,인천광역시 강화군 선원면,경상사고,0,0,1,0,차대차 - 정면충돌,안전운전불이행,건조,맑음,단일로 - 기타,승용,남,61세,상해없음,자전거,남,6세,경상
2017060200100519,2017년 6월 2일 18시,금요일,인천광역시 부평구 청천동,경상사고,0,0,3,0,차대차 - 기타,교차로운행방법위반,건조,맑음,교차로 - 교차로부근,승용,여,46세,상해없음,승합,남,54세,상해없음
2017060200100557,2017년 6월 2일 19시,금요일,인천광역시 부평구 부평동,경상사고,0,0,1,0,차대차 - 측면충돌,교차로운행방법위반,건조,맑음,교차로 - 교차로안,승용,남,59세,상해없음,원동기,남,32세,경상
2017060200100657,2017년 6월 2일 22시,금요일,인천광역시 중구 항동7가,경상사고,0,0,2,0,차대차 - 추돌,안전거리미확보,건조,맑음,교차로 - 교차로부근,승용,남,36세,상해없음,승용,남,33세,경상
2017060200100658,2017년 6월 2일 22시,금요일,인천광역시 연수구 연수동,경상사고,0,0,1,0,차대차 - 측면충돌,안전거리미확보,건조,맑음,교차로 - 교차로부근,승합,남,41세,상해없음,승용,여,50세,경상
2017060200100659,2017년 6월 2일 22시,금요일,인천광역시 부평구 삼산동,경상사고,0,0,1,0,차대사람 - 횡단중,안전거리미확보,건조,맑음,단일로 - 기타,승용,여,45세,상해없음,보행자,남,58세,경상
2017060200100691,2017년 6월 2일 23시,금요일,인천광역시 남구 문학동,부상신고사고,0,0,0,1,차대사람 - 횡단중,안전운전불이행,기타,기타,교차로 - 교차로안,기타불명,기타불명,미분류,기타불명,보행자,남,26세,부상신고
2017060300100075,2017년 6월 3일 02시,토요일,인천광역시 부평구 청천동,중상사고,0,1,4,0,차대차 - 추돌,안전거리미확보,건조,맑음,단일로 - 기타,승용,남,24세,상해없음,승용,남,64세,중상
2017060300100076,2017년 6월 3일 02시,토요일,인천광역시 연수구 선학동,중상사고,0,2,2,0,차대차 - 추돌,안전운전불이행,건조,맑음,기타 - 기타,화물,남,63세,상해없음,승용,남,52세,중상
2017060300100125,2017년 6월 3일 06시,토요일,인천광역시 중구 운서동,경상사고,0,0,1,0,차대차 - 추돌,안전운전불이행,건조,맑음,단일로 - 기타,승용,남,43세,상해없음,승용,남,31세,경상
2017060300100191,2017년 6월 3일 09시,토요일,인천광역시 남동구 구월동,중상사고,0,1,0,0,차대사람 - 보도통행중,기타,건조,맑음,단일로 - 기타,화물,남,34세,상해없음,보행자,여,59세,중상
2017060300100212,2017년 6월 3일 10시,토요일,인천광역시 남구 주안동,경상사고,0,0,1,0,차대차 - 측면충돌,신호위반,건조,맑음,단일로 - 기타,승용,남,36세,상해없음,원동기,남,44세,경상
2017060300100213,2017년 6월 3일 10시,토요일,인천광역시 서구 검암동,경상사고,0,0,1,0,차대차 - 추돌,안전운전불이행,건조,맑음,단일로 - 기타,승용,여,26세,상해없음,승용,여,53세,경상
2017060300100257,2017년 6월 3일 11시,토요일,인천광역시 남동구 구월동,경상사고,0,0,2,0,차대차 - 추돌,안전거리미확보,건조,맑음,단일로 - 기타,승용,남,24세,상해없음,승용,남,67세,경상
2017060300100258,2017년 6월 3일 11시,토요일,인천광역시 강화군 양도면,경상사고,0,0,1,0,차대차 - 측면충돌,안전운전불이행,건조,맑음,교차로 - 교차로부근,승용,여,59세,상해없음,승용,여,54세,경상
2017060300100291,2017년 6월 3일 12시,토요일,인천광역시 동구 송림동,경상사고,0,0,2,0,차대차 - 측면충돌,교차로운행방법위반,건조,맑음,교차로 - 교차로부근,승용,남,57세,상해없음,승용,남,40세,경상
2017060300100328,2017년 6월 3일 13시,토요일,인천광역시 서구 오류동,부상신고사고,0,0,0,1,차대차 - 측면충돌,신호위반,건조,맑음,교차로 - 교차로안,승용,남,31세,상해없음,승용,남,42세,부상신고
2017060300100329,2017년 6월 3일 13시,토요일,인천광역시 연수구 동춘동,경상사고,0,0,1,0,차대차 - 추돌,안전거리미확보,건조,맑음,단일로 - 기타,승용,남,41세,상해없음,승용,여,22세,경상
2017060300100330,2017년 6월 3일 13시,토요일,인천광역시 부평구 갈산동,경상사고,0,0,1,0,차대차 - 측면충돌,안전운전불이행,건조,맑음,단일로 - 기타,승용,남,29세,상해없음,승용,남,30세,경상
2017060300100503,2017년 6월 3일 17시,토요일,인천광역시 남동구 운연동,중상사고,0,1,0,0,차대차 - 측면충돌,차로위반,건조,맑음,단일로 - 기타,승용,남,66세,상해없음,이륜,남,35세,중상
2017060300100504,2017년 6월 3일 17시,토요일,인천광역시 남동구 논현동,중상사고,0,1,0,0,차대차 - 기타,안전운전불이행,기타,맑음,기타 - 기타,이륜,남,58세,상해없음,자전거,남,9세,중상
2017060300100548,2017년 6월 3일 18시,토요일,인천광역시 중구 도원동,경상사고,0,0,1,0,차대차 - 측면충돌,안전운전불이행,건조,맑음,교차로 - 교차로안,화물,남,28세,상해없음,이륜,남,27세,상해없음
2017060300100549,2017년 6월 3일 18시,토요일,인천광역시 남구 용현동,경상사고,0,0,2,0,차대차 - 추돌,안전운전불이행,건조,맑음,단일로 - 기타,승용,남,59세,상해없음,승용,남,39세,경상
2017060300100600,2017년 6월 3일 20시,토요일,인천광역시 부평구 부평동,경상사고,0,0,1,0,차대차 - 측면충돌,안전운전불이행,건조,맑음,교차로 - 교차로부근,승합,남,55세,상해없음,승용,남,34세,경상
2017060300100632,2017년 6월 3일 21시,토요일,인천광역시 중구 답동,경상사고,0,0,1,0,차대사람 - 횡단중,안전운전불이행,건조,맑음,교차로 - 교차로안,승합,남,54세,상해없음,보행자,남,60세,경상
2017060300100633,2017년 6월 3일 21시,토요일,인천광역시 남동구 만수동,중상사고,0,1,0,0,차대사람 - 길가장자리구역통행중,안전운전불이행,건조,맑음,단일로 - 기타,화물,남,68세,상해없음,보행자,여,59세,중상
2017060300100634,2017년 6월 3일 21시,토요일,인천광역시 계양구 작전동,경상사고,0,0,1,0,차대차 - 후진중충돌,안전운전불이행,건조,맑음,단일로 - 기타,승용,여,45세,상해없음,승용,여,50세,경상
2017060300100677,2017년 6월 3일 23시,토요일,인천광역시 서구 경서동,중상사고,0,1,1,0,차대차 - 측면충돌,안전운전불이행,건조,맑음,교차로 - 교차로안,이륜,남,16세,중상,승용,남,47세,경상
2017060400100027,2017년 6월 4일 00시,일요일,인천광역시 남구 학익동,중상사고,0,1,0,0,차대차 - 측면충돌,신호위반,건조,맑음,교차로 - 교차로부근,승용,여,30세,상해없음,이륜,남,37세,중상
2017060400100028,2017년 6월 4일 00시,일요일,인천광역시 남동구 간석동,중상사고,0,1,0,0,차대사람 - 횡단중,보행자보호의무위반,건조,맑음,교차로 - 교차로안,승용,남,62세,상해없음,보행자,남,71세,중상
2017060400100029,2017년 6월 4일 00시,일요일,인천광역시 계양구 서운동,경상사고,0,0,1,0,차대차 - 정면충돌,신호위반,건조,맑음,교차로 - 교차로안,이륜,남,19세,상해없음,승용,남,51세,경상
2017060400100098,2017년 6월 4일 06시,일요일,인천광역시 남동구 구월동,경상사고,0,0,1,0,차대차 - 추돌,안전운전불이행,건조,맑음,교차로 - 교차로부근,승용,남,27세,상해없음,승용,남,37세,경상
2017060400100223,2017년 6월 4일 12시,일요일,인천광역시 계양구 효성동,부상신고사고,0,0,0,1,차대차 - 정면충돌,안전운전불이행,건조,맑음,교차로 - 교차로안,승용,남,24세,상해없음,기타불명,남,37세,부상신고
2017060400100251,2017년 6월 4일 13시,일요일,인천광역시 남동구 간석동,중상사고,0,1,1,0,차대차 - 측면충돌,교차로운행방법위반,건조,맑음,교차로 - 교차로안,승용,남,26세,경상,이륜,남,41세,중상
2017060400100277,2017년 6월 4일 14시,일요일,인천광역시 연수구 송도동,중상사고,0,1,2,0,차대차 - 측면충돌,안전운전불이행,건조,맑음,단일로 - 기타,승용,여,47세,상해없음,승용,여,57세,중상
2017060400100338,2017년 6월 4일 16시,일요일,인천광역시 남구 주안동,중상사고,0,1,1,0,차대차 - 정면충돌,중앙선침범,건조,맑음,교차로 - 교차로부근,승용,남,31세,상해없음,화물,남,64세,상해없음
2017060400100426,2017년 6월 4일 19시,일요일,인천광역시 서구 석남동,경상사고,0,0,1,0,차대차 - 측면충돌,안전운전불이행,건조,맑음,교차로 - 교차로안,이륜,여,46세,경상,승용,여,42세,상해없음
2017060400100427,2017년 6월 4일 19시,일요일,인천광역시 서구 연희동,중상사고,0,1,3,0,차대차 - 측면충돌,안전운전불이행,건조,맑음,교차로 - 교차로부근,승용,남,54세,상해없음,승용,남,28세,경상
2017060400100449,2017년 6월 4일 20시,일요일,인천광역시 중구 운서동,부상신고사고,0,0,0,1,차대차 - 측면충돌,안전운전불이행,건조,맑음,교차로 - 교차로횡단보도내,승합,여,50세,상해없음,자전거,남,23세,부상신고
2017060400100475,2017년 6월 4일 21시,일요일,인천광역시 서구 경서동,경상사고,0,0,4,0,차대차 - 측면충돌,신호위반,건조,맑음,교차로 - 교차로안,승용,남,41세,상해없음,승용,남,42세,경상
2017060400100494,2017년 6월 4일 22시,일요일,인천광역시 서구 신현동,경상사고,0,0,1,0,차대차 - 측면충돌,중앙선침범,건조,맑음,단일로 - 기타,승용,남,22세,상해없음,이륜,남,23세,경상
2017060500100063,2017년 6월 5일 05시,월요일,인천광역시 남구 도화동,경상사고,0,0,4,0,차대차 - 추돌,안전운전불이행,건조,맑음,단일로 - 기타,승용,남,43세,상해없음,승합,남,61세,경상
2017060500100073,2017년 6월 5일 06시,월요일,인천광역시 남구 숭의동,중상사고,0,1,0,0,차대사람 - 횡단중,안전운전불이행,건조,맑음,단일로 - 기타,승용,여,54세,상해없음,보행자,여,23세,중상
2017060500100074,2017년 6월 5일 06시,월요일,인천광역시 강화군 양도면,경상사고,0,0,1,0,차대차 - 정면충돌,중앙선침범,건조,맑음,교차로 - 교차로안,이륜,남,60세,경상,화물,남,58세,상해없음
2017060500100131,2017년 6월 5일 08시,월요일,인천광역시 부평구 청천동,경상사고,0,0,1,0,차대사람 - 기타,안전운전불이행,건조,맑음,단일로 - 기타,자전거,남,17세,기타불명,보행자,여,42세,경상
2017060500100231,2017년 6월 5일 11시,월요일,인천광역시 서구 검암동,중상사고,0,1,1,0,차대차 - 추돌,안전운전불이행,건조,맑음,교차로 - 교차로부근,승용,여,32세,상해없음,승용,여,56세,중상
2017060500100232,2017년 6월 5일 11시,월요일,인천광역시 서구 연희동,경상사고,0,0,1,0,차대차 - 측면충돌,신호위반,건조,맑음,단일로 - 기타,승용,여,37세,상해없음,자전거,남,9세,경상
2017060500100286,2017년 6월 5일 13시,월요일,인천광역시 남동구 간석동,경상사고,0,0,1,0,차대사람 - 길가장자리구역통행중,안전운전불이행,건조,맑음,단일로 - 기타,승용,여,27세,상해없음,보행자,여,56세,경상
2017060500100287,2017년 6월 5일 13시,월요일,인천광역시 연수구 청학동,중상사고,0,1,1,0,차대차 - 측면충돌,신호위반,건조,맑음,교차로 - 교차로부근,승용,여,28세,상해없음,승용,남,39세,중상
2017060500100348,2017년 6월 5일 15시,월요일,인천광역시 서구 가좌동,경상사고,0,0,1,0,차대차 - 측면충돌,신호위반,건조,맑음,교차로 - 교차로안,승용,여,51세,상해없음,승용,남,53세,경상
2017060500100349,2017년 6월 5일 15시,월요일,인천광역시 서구 왕길동,중상사고,0,1,1,0,차대차 - 측면충돌,신호위반,건조,맑음,교차로 - 교차로안,이륜,남,17세,중상,화물,남,23세,경상
2017060500100350,2017년 6월 5일 15시,월요일,인천광역시 연수구 송도동,경상사고,0,0,1,0,차대차 - 기타,안전운전불이행,건조,맑음,단일로 - 기타,승용,여,58세,상해없음,승용,남,53세,경상
2017060500100403,2017년 6월 5일 16시,월요일,인천광역시 남구 주안동,중상사고,0,1,0,0,차대차 - 기타,안전운전불이행,건조,맑음,교차로 - 교차로부근,승용,남,57세,상해없음,이륜,남,23세,중상
2017060500100404,2017년 6월 5일 16시,월요일,인천광역시 강화군 양도면,경상사고,0,0,1,0,차대차 - 측면충돌,교차로운행방법위반,건조,맑음,교차로 - 교차로안,승용,남,56세,상해없음,승용,남,44세,경상
2017060500100441,2017년 6월 5일 17시,월요일,인천광역시 중구 경동,경상사고,0,0,3,0,차대차 - 측면충돌,신호위반,건조,맑음,교차로 - 교차로안,승용,여,59세,경상,승용,남,41세,경상
2017060500100442,2017년 6월 5일 17시,월요일,인천광역시 계양구 서운동,경상사고,0,0,2,0,차대차 - 측면충돌,안전거리미확보,건조,맑음,단일로 - 기타,승용,남,43세,경상,승용,남,44세,경상
2017060500100525,2017년 6월 5일 19시,월요일,인천광역시 연수구 청학동,경상사고,0,0,1,0,차대차 - 측면충돌,중앙선침범,건조,맑음,단일로 - 기타,승용,남,31세,상해없음,승용,남,52세,경상
2017060500100597,2017년 6월 5일 21시,월요일,인천광역시 부평구 산곡동,경상사고,0,0,2,0,차대차 - 기타,신호위반,건조,맑음,단일로 - 기타,이륜,남,31세,경상,승용,여,39세,경상
2017060500100598,2017년 6월 5일 21시,월요일,인천광역시 서구 석남동,경상사고,0,0,1,0,차대차 - 측면충돌,안전운전불이행,건조,맑음,교차로 - 교차로부근,승합,남,65세,상해없음,승용,여,29세,경상
2017060500100622,2017년 6월 5일 22시,월요일,인천광역시 부평구 부평동,부상신고사고,0,0,0,1,차대차 - 측면충돌,신호위반,건조,맑음,단일로 - 기타,승용,남,41세,상해없음,이륜,남,18세,부상신고
2017060500100657,2017년 6월 5일 23시,월요일,인천광역시 남동구 구월동,경상사고,0,0,1,0,차대사람 - 횡단중,안전운전불이행,건조,맑음,단일로 - 기타,승용,남,70세,상해없음,보행자,남,53세,경상
2017060600100051,2017년 6월 6일 02시,화요일,인천광역시 서구 경서동,경상사고,0,0,1,0,차대차 - 측면충돌,과속,건조,맑음,단일로 - 기타,승용,남,25세,경상,화물,남,53세,상해없음
2017060600100058,2017년 6월 6일 03시,화요일,인천광역시 서구 가좌동,경상사고,0,0,1,0,차대차 - 측면충돌,안전운전불이행,건조,맑음,단일로 - 기타,기타불명,기타불명,미분류,기타불명,승용,남,48세,경상
2017060600100088,2017년 6월 6일 06시,화요일,인천광역시 옹진군 영흥면,경상사고,0,0,1,0,차대차 - 추돌,안전운전불이행,건조,맑음,단일로 - 기타,승용,남,60세,상해없음,농기계,남,70세,경상
2017060600100089,2017년 6월 6일 06시,화요일,인천광역시 서구 마전동,중상사고,0,3,0,0,차대차 - 측면충돌,안전거리미확보,건조,맑음,단일로 - 기타,건설기계,남,47세,상해없음,승용,남,37세,중상
2017060600100232,2017년 6월 6일 13시,화요일,인천광역시 중구 운북동,중상사고,0,2,0,0,차대차 - 측면충돌,신호위반,건조,맑음,교차로 - 교차로안,건설기계,남,44세,상해없음,승용,남,50세,중상
2017060600100233,2017년 6월 6일 13시,화요일,인천광역시 남동구 구월동,경상사고,0,0,1,0,차대사람 - 기타,안전운전불이행,건조,맑음,기타 - 기타,승용,남,25세,상해없음,보행자,남,29세,경상
2017060600100234,2017년 6월 6일 13시,화요일,인천광역시 남동구 구월동,경상사고,0,0,3,0,차대차 - 측면충돌,안전운전불이행,건조,맑음,교차로 - 교차로안,원동기,남,30세,상해없음,승용,남,33세,경상
2017060600100259,2017년 6월 6일 14시,화요일,인천광역시 남구 주안동,경상사고,0,0,2,0,차대차 - 측면충돌,안전운전불이행,건조,맑음,교차로 - 교차로안,승용,남,56세,상해없음,승용,여,35세,경상
2017060600100260,2017년 6월 6일 14시,화요일,인천광역시 부평구 부평동,중상사고,0,1,0,0,차대차 - 측면충돌,교차로운행방법위반,건조,맑음,교차로 - 교차로안,이륜,남,40세,상해없음,이륜,남,29세,중상
2017060600100261,2017년 6월 6일 14시,화요일,인천광역시 부평구 부평동,경상사고,0,0,1,0,차대차 - 측면충돌,교차로운행방법위반,건조,흐림,교차로 - 교차로안,이륜,남,27세,상해없음,승용,여,34세,경상
2017060600100299,2017년 6월 6일 15시,화요일,인천광역시 남구 학익동,경상사고,0,0,1,0,차대차 - 추돌,안전운전불이행,젖음/습기,비,주차장 - 주차장,승용,남,49세,상해없음,승용,여,37세,경상
2017060600100321,2017년 6월 6일 16시,화요일,인천광역시 부평구 삼산동,경상사고,0,0,1,0,차대차 - 기타,안전운전불이행,젖음/습기,비,단일로 - 기타,승합,남,49세,상해없음,이륜,남,54세,경상
2017060600100357,2017년 6월 6일 17시,화요일,인천광역시 남구 용현동,중상사고,0,1,4,0,차대차 - 추돌,안전운전불이행,젖음/습기,비,단일로 - 기타,화물,남,43세,상해없음,승용,남,34세,경상
2017060600100388,2017년 6월 6일 18시,화요일,인천광역시 남구 도화동,경상사고,0,0,1,0,차대사람 - 횡단중,안전운전불이행,젖음/습기,비,단일로 - 기타,승용,남,30세,상해없음,보행자,남,8세,경상
2017060600100420,2017년 6월 6일 19시,화요일,인천광역시 부평구 청천동,경상사고,0,0,1,0,차대차 - 정면충돌,신호위반,젖음/습기,비,교차로 - 교차로안,승용,여,66세,상해없음,이륜,남,36세,경상
2017060600100421,2017년 6월 6일 19시,화요일,인천광역시 서구 마전동,경상사고,0,0,1,0,차대차 - 기타,안전운전불이행,젖음/습기,비,단일로 - 기타,승용,여,41세,상해없음,이륜,남,44세,경상
2017060600100422,2017년 6월 6일 19시,화요일,인천광역시 연수구 연수동,경상사고,0,0,1,0,차량단독 - 기타,기타,젖음/습기,비,단일로 - 기타,승합,남,43세,상해없음,,,,
2017060600100456,2017년 6월 6일 20시,화요일,인천광역시 남구 주안동,경상사고,0,0,2,0,차대차 - 기타,신호위반,젖음/습기,비,교차로 - 교차로안,승용,남,61세,상해없음,승용,남,61세,경상
2017060600100457,2017년 6월 6일 20시,화요일,인천광역시 계양구 병방동,경상사고,0,0,2,0,차대사람 - 횡단중,신호위반,젖음/습기,비,교차로 - 교차로부근,승용,남,34세,상해없음,보행자,여,14세,경상
2017060600100458,2017년 6월 6일 20시,화요일,인천광역시 연수구 동춘동,중상사고,0,3,4,1,차대차 - 측면충돌,안전운전불이행,젖음/습기,비,단일로 - 기타,화물,남,36세,상해없음,승용,남,51세,중상
2017060600100493,2017년 6월 6일 21시,화요일,인천광역시 서구 시천동,중상사고,0,1,0,0,차대사람 - 횡단중,안전운전불이행,젖음/습기,비,단일로 - 고가도로위,승용,남,21세,상해없음,보행자,남,53세,중상
2017060600100531,2017년 6월 6일 22시,화요일,인천광역시 부평구 청천동,경상사고,0,0,1,0,차대차 - 측면충돌,중앙선침범,젖음/습기,비,단일로 - 기타,승용,남,54세,상해없음,승용,남,49세,경상
2017060600100559,2017년 6월 6일 23시,화요일,인천광역시 남동구 간석동,중상사고,0,1,0,0,차대사람 - 횡단중,안전운전불이행,젖음/습기,비,교차로 - 교차로횡단보도내,승용,남,72세,상해없음,보행자,남,36세,중상
2017060600100560,2017년 6월 6일 23시,화요일,인천광역시 계양구 귤현동,중상사고,0,2,1,0,차대차 - 추돌,안전거리미확보,젖음/습기,비,단일로 - 교량,승용,남,59세,중상,승용,남,32세,중상
2017060700100027,2017년 6월 7일 00시,수요일,인천광역시 연수구 옥련동,경상사고,0,0,2,0,차대차 - 측면충돌,안전운전불이행,젖음/습기,비,단일로 - 기타,승용,남,57세,상해없음,승용,남,29세,경상
2017060700100043,2017년 6월 7일 01시,수요일,인천광역시 남구 주안동,중상사고,0,1,0,0,차대사람 - 횡단중,안전운전불이행,젖음/습기,비,교차로 - 교차로부근,승용,여,65세,상해없음,보행자,남,67세,중상
2017060700100056,2017년 6월 7일 02시,수요일,인천광역시 서구 가정동,중상사고,0,1,2,0,차대차 - 측면충돌,신호위반,젖음/습기,비,교차로 - 교차로안,승용,여,29세,중상,승용,남,57세,경상
2017060700100082,2017년 6월 7일 04시,수요일,인천광역시 남동구 서창동,경상사고,0,0,3,0,차대차 - 정면충돌,안전운전불이행,젖음/습기,비,교차로 - 교차로안,승용,남,33세,상해없음,승용,남,57세,경상
2017060700100083,2017년 6월 7일 04시,수요일,인천광역시 연수구 선학동,중상사고,0,1,0,0,차대차 - 측면충돌,중앙선침범,젖음/습기,비,교차로 - 교차로부근,승용,남,34세,상해없음,승용,남,29세,중상
2017060700100091,2017년 6월 7일 05시,수요일,인천광역시 부평구 부평동,중상사고,0,1,0,0,차대차 - 측면충돌,안전운전불이행,건조,맑음,단일로 - 기타,승합,남,61세,상해없음,자전거,남,72세,중상
2017060700100123,2017년 6월 7일 07시,수요일,인천광역시 서구 가좌동,경상사고,0,0,1,0,차대차 - 측면충돌,안전운전불이행,건조,맑음,기타 - 기타,화물,남,59세,상해없음,승합,남,44세,경상
2017060700100186,2017년 6월 7일 09시,수요일,인천광역시 계양구 계산동,경상사고,0,0,1,0,차대차 - 측면충돌,안전운전불이행,젖음/습기,비,교차로 - 교차로안,승용,여,42세,상해없음,승용,여,28세,경상
2017060700100208,2017년 6월 7일 10시,수요일,인천광역시 서구 당하동,경상사고,0,0,2,0,차대차 - 추돌,안전운전불이행,건조,맑음,주차장 - 주차장,승용,남,45세,기타불명,승용,남,24세,경상
2017060700100238,2017년 6월 7일 11시,수요일,인천광역시 남동구 서창동,경상사고,0,0,1,0,차대차 - 추돌,안전운전불이행,젖음/습기,흐림,단일로 - 기타,승용,남,37세,상해없음,이륜,남,56세,경상
2017060700100332,2017년 6월 7일 14시,수요일,인천광역시 계양구 효성동,경상사고,0,0,1,0,차대차 - 기타,안전운전불이행,건조,맑음,단일로 - 기타,승용,남,22세,상해없음,자전거,남,16세,경상
2017060700100394,2017년 6월 7일 16시,수요일,인천광역시 부평구 산곡동,중상사고,0,1,0,0,차대사람 - 횡단중,안전운전불이행,건조,맑음,단일로 - 기타,이륜,남,19세,상해없음,보행자,여,67세,중상
2017060700100423,2017년 6월 7일 17시,수요일,인천광역시 연수구 송도동,경상사고,0,0,1,0,차대차 - 측면충돌,안전운전불이행,건조,맑음,단일로 - 기타,승합,남,50세,상해없음,승용,남,38세,경상
2017060700100459,2017년 6월 7일 18시,수요일,인천광역시 부평구 산곡동,중상사고,0,1,0,0,차대사람 - 횡단중,안전운전불이행,건조,맑음,단일로 - 기타,승용,여,48세,상해없음,보행자,여,50세,중상
2017060700100460,2017년 6월 7일 18시,수요일,인천광역시 연수구 송도동,경상사고,0,0,1,0,차대차 - 추돌,안전운전불이행,건조,맑음,교차로 - 교차로부근,승용,남,57세,상해없음,승용,여,44세,경상
2017060700100488,2017년 6월 7일 19시,수요일,인천광역시 부평구 구산동,경상사고,0,0,1,0,차대차 - 측면충돌,안전운전불이행,건조,맑음,단일로 - 기타,승용,남,60세,상해없음,원동기,남,28세,경상
2017060700100509,2017년 6월 7일 20시,수요일,인천광역시 서구 마전동,경상사고,0,0,2,0,차대차 - 측면충돌,신호위반,건조,흐림,교차로 - 교차로안,이륜,남,28세,경상,승용,남,57세,경상