사고번호,사고일시,요일,시군구,사고내용,사망자수,중상자수,경상자수,부상신고자수,사고유형,법규위반,노면상태,기상상태,도로형태,가해운전자 차종,가해운전자 성별,가해운전자 연령,가해운전자 상해정도,피해운전자 차종,피해운전자 성별,피해운전자 연령,피해운전자 상해정도
2017061300100501,2017년 6월 13일 19시,화요일,인천광역시 서구 원당동,경상사고,0,0,1,0,차대차 - 측면충돌,안전운전불이행,건조,맑음,단일로 - 기타,자전거,남,20세,상해없음,이륜,남,42세,경상
2017061300100567,2017년 6월 13일 21시,화요일,인천광역시 남동구 서창동,경상사고,0,0,1,0,차대차 - 측면충돌,교차로운행방법위반,건조,맑음,교차로 - 교차로안,승용,여,40세,상해없음,승합,남,46세,경상
2017061300100592,2017년 6월 13일 22시,화요일,인천광역시 계양구 계산동,중상사고,0,1,0,0,차대차 - 추돌,안전운전불이행,건조,맑음,단일로 - 기타,승용,여,24세,상해없음,승용,여,54세,중상
2017061300100593,2017년 6월 13일 22시,화요일,인천광역시 연수구 선학동,경상사고,0,0,1,0,차대차 - 기타,교차로운행방법위반,건조,맑음,교차로 - 교차로안,화물,남,39세,상해없음,승용,남,30세,상해없음
2017061400100098,2017년 6월 14일 06시,수요일,인천광역시 남동구 고잔동,경상사고,0,0,1,0,차대차 - 기타,안전운전불이행,건조,맑음,단일로 - 기타,승용,남,47세,상해없음,승용,남,50세,경상
2017061400100162,2017년 6월 14일 08시,수요일,인천광역시 서구 신현동,경상사고,0,0,1,0,차대사람 - 차도통행중,안전운전불이행,건조,맑음,단일로 - 기타,승용,남,67세,상해없음,보행자,여,27세,경상
2017061400100163,2017년 6월 14일 08시,수요일,인천광역시 연수구 연수동,경상사고,0,0,2,0,차대차 - 추돌,안전운전불이행,건조,맑음,교차로 - 교차로부근,승용,남,26세,상해없음,승용,남,62세,경상
2017061400100195,2017년 6월 14일 09시,수요일,인천광역시 남동구 구월동,경상사고,0,0,1,0,차대사람 - 횡단중,안전운전불이행,건조,맑음,단일로 - 기타,승용,여,26세,상해없음,보행자,여,86세,경상
2017061400100224,2017년 6월 14일 10시,수요일,인천광역시 남동구 만수동,경상사고,0,0,1,0,차대차 - 측면충돌,중앙선침범,건조,맑음,단일로 - 기타,승용,여,57세,상해없음,승용,남,64세,경상
2017061400100287,2017년 6월 14일 12시,수요일,인천광역시 서구 마전동,경상사고,0,0,1,0,차대차 - 추돌,안전운전불이행,건조,맑음,교차로 - 교차로안,승용,남,62세,상해없음,화물,남,45세,경상
2017061400100288,2017년 6월 14일 12시,수요일,인천광역시 부평구 일신동,사망사고,1,0,0,0,차대사람 - 기타,안전운전불이행,건조,맑음,교차로 - 교차로안,승합,남,49세,상해없음,보행자,여,50세,사망
2017061400100319,2017년 6월 14일 13시,수요일,인천광역시 남구 주안동,중상사고,0,1,0,0,차대차 - 기타,중앙선침범,건조,맑음,교차로 - 교차로부근,화물,남,54세,상해없음,원동기,남,30세,중상
2017061400100351,2017년 6월 14일 14시,수요일,인천광역시 부평구 산곡동,경상사고,0,0,1,0,차대사람 - 횡단중,안전운전불이행,건조,맑음,교차로 - 교차로부근,승합,남,69세,상해없음,보행자,남,59세,경상
2017061400100352,2017년 6월 14일 14시,수요일,인천광역시 서구 오류동,경상사고,0,0,1,0,차대차 - 측면충돌,안전운전불이행,건조,맑음,교차로 - 교차로안,화물,남,47세,상해없음,승용,여,29세,경상
2017061400100389,2017년 6월 14일 15시,수요일,인천광역시 부평구 청천동,중상사고,0,1,0,0,차대사람 - 횡단중,신호위반,건조,맑음,교차로 - 교차로부근,화물,남,68세,상해없음,보행자,남,8세,중상
2017061400100390,2017년 6월 14일 15시,수요일,인천광역시 남동구 만수동,중상사고,0,1,0,0,차대사람 - 횡단중,안전운전불이행,건조,맑음,단일로 - 기타,승합,남,63세,상해없음,보행자,여,84세,중상
2017061400100438,2017년 6월 14일 16시,수요일,인천광역시 서구 가좌동,경상사고,0,0,2,0,차대차 - 후진중충돌,안전운전불이행,건조,맑음,단일로 - 기타,화물,남,43세,상해없음,승용,남,19세,경상
2017061400100485,2017년 6월 14일 17시,수요일,인천광역시 부평구 부평동,경상사고,0,0,2,0,차대사람 - 횡단중,안전운전불이행,건조,맑음,단일로 - 기타,이륜,남,16세,기타불명,보행자,남,52세,경상
2017061400100563,2017년 6월 14일 19시,수요일,인천광역시 부평구 부평동,중상사고,0,1,0,0,차대사람 - 기타,안전운전불이행,건조,맑음,교차로 - 교차로안,승용,남,52세,상해없음,보행자,남,4세,중상
2017061400100602,2017년 6월 14일 20시,수요일,인천광역시 서구 마전동,경상사고,0,0,1,0,차대차 - 측면충돌,안전운전불이행,건조,맑음,단일로 - 기타,승용,남,39세,상해없음,이륜,남,18세,경상
2017061400100603,2017년 6월 14일 20시,수요일,인천광역시 서구 가좌동,경상사고,0,0,2,0,차대차 - 측면충돌,안전운전불이행,건조,맑음,단일로 - 기타,승용,남,51세,상해없음,승용,남,31세,경상
2017061400100638,2017년 6월 14일 21시,수요일,인천광역시 부평구 부평동,중상사고,0,1,0,0,차대사람 - 차도통행중,안전운전불이행,건조,맑음,단일로 - 기타,승용,여,26세,상해없음,보행자,남,57세,중상
2017061400100639,2017년 6월 14일 21시,수요일,인천광역시 남동구 간석동,중상사고,0,1,0,0,차대차 - 측면충돌,안전운전불이행,건조,맑음,교차로 - 교차로안,승합,남,46세,상해없음,자전거,남,24세,중상
2017061400100663,2017년 6월 14일 22시,수요일,인천광역시 중구 북성동1가,경상사고,0,0,1,0,차대사람 - 차도통행중,안전운전불이행,건조,맑음,단일로 - 기타,승용,남,25세,상해없음,보행자,남,36세,경상
2017061400100664,2017년 6월 14일 22시,수요일,인천광역시 연수구 연수동,중상사고,0,2,2,0,차대차 - 추돌,안전운전불이행,건조,맑음,교차로 - 교차로부근,승용,남,45세,상해없음,승용,여,36세,중상
2017061400100685,2017년 6월 14일 23시,수요일,인천광역시 남동구 만수동,경상사고,0,0,3,0,차대차 - 측면충돌,중앙선침범,건조,맑음,단일로 - 기타,승용,남,26세,상해없음,승용,남,55세,경상
2017061500100030,2017년 6월 15일 00시,목요일,인천광역시 중구 을왕동,중상사고,0,1,0,0,차대차 - 추돌,안전운전불이행,건조,맑음,교차로 - 교차로부근,화물,남,24세,상해없음,승용,남,30세,중상
2017061500100031,2017년 6월 15일 00시,목요일,인천광역시 서구 연희동,중상사고,0,1,0,0,차대차 - 기타,안전운전불이행,건조,맑음,단일로 - 기타,승용,남,35세,상해없음,자전거,남,47세,중상
2017061500100044,2017년 6월 15일 01시,목요일,인천광역시 남동구 구월동,중상사고,0,2,0,0,차대차 - 추돌,안전운전불이행,건조,맑음,단일로 - 기타,승용,남,77세,중상,특수,남,52세,기타불명
2017061500100045,2017년 6월 15일 01시,목요일,인천광역시 남동구 구월동,경상사고,0,0,1,0,차대차 - 측면충돌,안전운전불이행,건조,맑음,단일로 - 기타,승용,남,24세,기타불명,승용,남,53세,경상
2017061500100056,2017년 6월 15일 03시,목요일,인천광역시 강화군 화도면,사망사고,1,0,0,0,차량단독 - 도로외이탈 - 기타,안전운전불이행,건조,맑음,단일로 - 기타,이륜,남,35세,사망,,,,
2017061500100078,2017년 6월 15일 06시,목요일,인천광역시 서구 가좌동,경상사고,0,0,1,0,차대사람 - 길가장자리구역통행중,안전운전불이행,건조,맑음,단일로 - 기타,기타불명,기타불명,미분류,기타불명,보행자,남,62세,경상
2017061500100106,2017년 6월 15일 07시,목요일,인천광역시 계양구 병방동,중상사고,0,1,0,0,차대차 - 측면충돌,안전거리미확보,건조,맑음,단일로 - 기타,특수,남,42세,상해없음,승용,남,54세,중상
2017061500100148,2017년 6월 15일 08시,목요일,인천광역시 부평구 일신동,경상사고,0,0,3,0,차대차 - 추돌,안전거리미확보,건조,맑음,단일로 - 기타,승용,남,45세,상해없음,승용,남,72세,경상
2017061500100181,2017년 6월 15일 09시,목요일,인천광역시 중구 운서동,경상사고,0,0,2,0,차대차 - 측면충돌,신호위반,건조,맑음,교차로 - 교차로안,승용,남,36세,경상,승용,여,49세,경상
2017061500100182,2017년 6월 15일 09시,목요일,인천광역시 서구 대곡동,경상사고,0,0,1,0,차대차 - 추돌,안전운전불이행,건조,맑음,단일로 - 기타,화물,남,55세,상해없음,화물,남,56세,경상
2017061500100226,2017년 6월 15일 10시,목요일,인천광역시 남동구 서창동,중상사고,0,1,0,0,차대사람 - 횡단중,안전운전불이행,건조,맑음,단일로 - 기타,건설기계,남,58세,상해없음,보행자,남,65세,중상
2017061500100227,2017년 6월 15일 10시,목요일,인천광역시 서구 가정동,경상사고,0,0,1,0,차대차 - 추돌,교차로운행방법위반,건조,맑음,교차로 - 교차로안,건설기계,남,58세,상해없음,화물,남,67세,경상
2017061500100255,2017년 6월 15일 11시,목요일,인천광역시 서구 마전동,중상사고,0,1,1,0,차대차 - 추돌,안전운전불이행,건조,맑음,교차로 - 교차로부근,승용,여,29세,상해없음,승용,여,39세,경상
2017061500100292,2017년 6월 15일 12시,목요일,인천광역시 남구 숭의동,중상사고,0,1,0,0,차대차 - 추돌,안전운전불이행,건조,맑음,교차로 - 교차로안,승용,남,50세,상해없음,승용,남,68세,중상
2017061500100293,2017년 6월 15일 12시,목요일,인천광역시 부평구 부평동,경상사고,0,0,1,0,차대차 - 기타,교차로운행방법위반,건조,맑음,교차로 - 교차로안,승용,남,65세,상해없음,승용,여,54세,상해없음
2017061500100434,2017년 6월 15일 16시,목요일,인천광역시 옹진군 백령면,중상사고,0,1,0,0,차대사람 - 보도통행중,안전운전불이행,건조,맑음,단일로 - 기타,승용,남,65세,상해없음,보행자,남,8세,중상
2017061500100435,2017년 6월 15일 16시,목요일,인천광역시 서구 가정동,경상사고,0,0,1,0,차대차 - 측면충돌,교차로운행방법위반,건조,맑음,교차로 - 교차로안,건설기계,남,46세,상해없음,승용,여,26세,상해없음
2017061500100513,2017년 6월 15일 18시,목요일,인천광역시 부평구 산곡동,경상사고,0,0,3,0,차대차 - 측면충돌,안전운전불이행,건조,맑음,교차로 - 교차로부근,승용,남,59세,상해없음,승용,여,28세,경상
2017061500100514,2017년 6월 15일 18시,목요일,인천광역시 남동구 구월동,경상사고,0,0,1,0,차대차 - 추돌,안전운전불이행,건조,맑음,단일로 - 기타,승용,여,49세,상해없음,승합,남,45세,경상
2017061500100544,2017년 6월 15일 19시,목요일,인천광역시 중구 운서동,경상사고,0,0,5,1,차대차 - 추돌,교차로운행방법위반,건조,맑음,교차로 - 교차로안,화물,남,36세,상해없음,승합,남,39세,경상
2017061500100584,2017년 6월 15일 20시,목요일,인천광역시 서구 불로동,중상사고,0,1,0,0,차대사람 - 횡단중,안전운전불이행,건조,맑음,단일로 - 기타,자전거,남,50세,상해없음,보행자,여,70세,중상
2017061500100585,2017년 6월 15일 20시,목요일,인천광역시 서구 석남동,경상사고,0,0,2,0,차대사람 - 횡단중,안전운전불이행,건조,맑음,교차로 - 교차로횡단보도내,승용,남,59세,상해없음,보행자,남,53세,경상
2017061500100611,2017년 6월 15일 21시,목요일,인천광역시 부평구 부개동,중상사고,0,1,0,0,차대사람 - 기타,교차로운행방법위반,건조,맑음,교차로 - 교차로안,화물,여,47세,상해없음,보행자,남,64세,중상
2017061600100143,2017년 6월 16일 08시,금요일,인천광역시 서구 당하동,경상사고,0,0,2,0,차대차 - 측면충돌,중앙선침범,건조,맑음,교차로 - 교차로부근,승용,여,32세,상해없음,승용,남,52세,경상
2017061600100144,2017년 6월 16일 08시,금요일,인천광역시 서구 가정동,경상사고,0,0,2,0,차대차 - 측면충돌,안전운전불이행,건조,맑음,단일로 - 기타,승용,여,32세,경상,승용,여,44세,경상
2017061600100145,2017년 6월 16일 08시,금요일,인천광역시 계양구 작전동,경상사고,0,0,1,0,차대사람 - 기타,안전운전불이행,건조,맑음,교차로 - 교차로횡단보도내,기타불명,기타불명,미분류,기타불명,보행자,여,18세,경상
2017061600100259,2017년 6월 16일 12시,금요일,인천광역시 계양구 박촌동,사망사고,1,0,0,0,차대차 - 측면충돌,중앙선침범,건조,맑음,교차로 - 교차로부근,자전거,남,74세,사망,승용,남,57세,상해없음
2017061600100402,2017년 6월 16일 16시,금요일,인천광역시 서구 경서동,경상사고,0,0,1,0,차대사람 - 횡단중,기타,건조,맑음,단일로 - 기타,승합,여,41세,상해없음,보행자,남,9세,경상
2017061600100403,2017년 6월 16일 16시,금요일,인천광역시 계양구 계산동,중상사고,0,1,0,0,차대사람 - 횡단중,안전운전불이행,건조,맑음,단일로 - 기타,승용,여,64세,상해없음,보행자,남,57세,중상
2017061600100404,2017년 6월 16일 16시,금요일,인천광역시 계양구 효성동,경상사고,0,0,1,0,차대사람 - 길가장자리구역통행중,안전운전불이행,건조,맑음,단일로 - 기타,이륜,남,58세,상해없음,보행자,남,6세,경상
2017061600100444,2017년 6월 16일 17시,금요일,인천광역시 계양구 서운동,중상사고,0,1,0,0,차대사람 - 기타,안전운전불이행,건조,맑음,단일로 - 기타,승용,여,52세,상해없음,보행자,여,미분류,중상
2017061600100445,2017년 6월 16일 17시,금요일,인천광역시 부평구 부평동,경상사고,0,0,1,0,차대차 - 측면충돌,중앙선침범,건조,맑음,단일로 - 기타,자전거,남,13세,경상,승용,남,60세,상해없음
2017061600100491,2017년 6월 16일 18시,금요일,인천광역시 계양구 계산동,중상사고,0,1,0,0,차대사람 - 횡단중,안전운전불이행,건조,맑음,단일로 - 기타,승용,남,61세,상해없음,보행자,남,15세,중상
2017061600100540,2017년 6월 16일 20시,금요일,인천광역시 남구 주안동,경상사고,0,0,1,0,차대차 - 기타,중앙선침범,건조,맑음,단일로 - 기타,승용,여,57세,상해없음,이륜,남,27세,경상
2017061600100541,2017년 6월 16일 20시,금요일,인천광역시 부평구 삼산동,중상사고,0,1,0,0,차대사람 - 횡단중,안전운전불이행,건조,맑음,단일로 - 기타,이륜,남,16세,상해없음,보행자,여,31세,중상
2017061600100575,2017년 6월 16일 21시,금요일,인천광역시 중구 운남동,경상사고,0,0,1,0,차대차 - 측면충돌,안전거리미확보,건조,맑음,교차로 - 교차로부근,승용,여,43세,상해없음,승용,남,49세,경상
2017061600100576,2017년 6월 16일 21시,금요일,인천광역시 부평구 십정동,부상신고사고,0,0,0,1,차대사람 - 기타,안전운전불이행,건조,맑음,교차로 - 교차로횡단보도내,이륜,남,21세,상해없음,보행자,여,30세,부상신고
2017061600100606,2017년 6월 16일 22시,금요일,인천광역시 중구 운서동,중상사고,0,1,0,0,차대차 - 측면충돌,안전거리미확보,건조,맑음,단일로 - 기타,승용,여,23세,상해없음,승용,남,55세,상해없음
2017061600100607,2017년 6월 16일 22시,금요일,인천광역시 부평구 갈산동,경상사고,0,0,1,0,차대차 - 추돌,불법유턴,건조,맑음,교차로 - 교차로안,이륜,남,55세,상해없음,승용,남,30세,경상
2017061600100608,2017년 6월 16일 22시,금요일,인천광역시 남동구 구월동,중상사고,0,1,0,0,차대사람 - 횡단중,안전운전불이행,건조,맑음,단일로 - 기타,화물,남,73세,상해없음,보행자,여,52세,중상
2017061700100036,2017년 6월 17일 00시,토요일,인천광역시 연수구 연수동,경상사고,0,0,1,0,차대사람 - 보도통행중,안전운전불이행,건조,맑음,단일로 - 기타,승용,남,38세,상해없음,보행자,남,26세,경상
2017061700100060,2017년 6월 17일 01시,토요일,인천광역시 연수구 연수동,중상사고,0,1,0,0,차량단독 - 전도전복 - 전도,안전운전불이행,건조,맑음,단일로 - 기타,승용,남,60세,상해없음,,,,
2017061700100081,2017년 6월 17일 03시,토요일,인천광역시 중구 운남동,중상사고,0,5,1,1,차대차 - 측면충돌,신호위반,젖음/습기,맑음,교차로 - 교차로안,승용,남,57세,중상,승용,남,41세,부상신고
2017061700100090,2017년 6월 17일 04시,토요일,인천광역시 서구 가정동,경상사고,0,0,1,0,차대차 - 측면충돌,신호위반,건조,맑음,교차로 - 교차로안,승용,남,70세,상해없음,승용,남,57세,경상
2017061700100105,2017년 6월 17일 05시,토요일,인천광역시 부평구 십정동,중상사고,0,1,0,0,차대차 - 측면충돌,차로위반,건조,맑음,단일로 - 기타,승용,남,59세,상해없음,이륜,남,54세,중상
2017061700100116,2017년 6월 17일 06시,토요일,인천광역시 남동구 구월동,중상사고,0,1,1,0,차대차 - 측면충돌,신호위반,건조,맑음,교차로 - 교차로안,승용,남,52세,경상,승용,남,45세,중상
2017061700100188,2017년 6월 17일 09시,토요일,인천광역시 계양구 다남동,중상사고,0,1,0,0,차대차 - 기타,안전운전불이행,건조,맑음,단일로 - 기타,승용,남,56세,상해없음,자전거,남,47세,중상
2017061700100189,2017년 6월 17일 09시,토요일,인천광역시 계양구 작전동,경상사고,0,0,2,0,차대차 - 기타,안전거리미확보,건조,맑음,단일로 - 기타,승용,여,60세,경상,승용,남,29세,경상
2017061700100231,2017년 6월 17일 10시,토요일,인천광역시 남동구 구월동,중상사고,0,2,0,0,차대차 - 측면충돌,교차로운행방법위반,건조,맑음,교차로 - 교차로안,승용,남,66세,중상,승용,남,49세,중상
2017061700100232,2017년 6월 17일 10시,토요일,인천광역시 계양구 갈현동,중상사고,0,1,0,0,차대차 - 측면충돌,안전운전불이행,건조,맑음,교차로 - 교차로안,승용,남,39세,상해없음,건설기계,남,40세,상해없음
2017061700100313,2017년 6월 17일 12시,토요일,인천광역시 남구 주안동,부상신고사고,0,0,0,1,차대사람 - 횡단중,안전운전불이행,건조,맑음,단일로 - 기타,기타불명,기타불명,미분류,기타불명,보행자,여,25세,부상신고
2017061700100314,2017년 6월 17일 12시,토요일,인천광역시 부평구 부평동,경상사고,0,0,1,0,차대차 - 기타,교차로운행방법위반,건조,맑음,교차로 - 교차로안,승합,남,55세,상해없음,승용,남,29세,상해없음
2017061700100374,2017년 6월 17일 14시,토요일,인천광역시 남동구 간석동,경상사고,0,0,3,0,차대차 - 측면충돌,안전운전불이행,건조,맑음,교차로 - 교차로안,승용,남,55세,상해없음,승용,남,39세,경상
2017061700100438,2017년 6월 17일 16시,토요일,인천광역시 연수구 연수동,경상사고,0,0,4,0,차대차 - 추돌,중앙선침범,건조,맑음,단일로 - 기타,승용,남,54세,경상,승용,남,32세,경상
2017061700100480,2017년 6월 17일 17시,토요일,인천광역시 남동구 남촌동,경상사고,0,0,1,0,차대차 - 추돌,안전운전불이행,건조,맑음,단일로 - 기타,화물,남,57세,상해없음,승용,남,39세,경상
2017061700100565,2017년 6월 17일 19시,토요일,인천광역시 남구 학익동,경상사고,0,0,1,0,차대차 - 측면충돌,안전운전불이행,건조,맑음,교차로 - 교차로부근,이륜,남,30세,상해없음,승용,남,57세,경상
2017061700100600,2017년 6월 17일 20시,토요일,인천광역시 남동구 간석동,경상사고,0,0,1,0,차대사람 - 길가장자리구역통행중,안전운전불이행,건조,맑음,단일로 - 기타,승용,남,56세,상해없음,보행자,여,62세,경상
2017061700100660,2017년 6월 17일 22시,토요일,인천광역시 부평구 산곡동,중상사고,0,1,0,0,차대사람 - 기타,신호위반,건조,맑음,단일로 - 기타,승용,남,57세,상해없음,보행자,여,20세,중상
2017061700100680,2017년 6월 17일 23시,토요일,인천광역시 남구 주안동,경상사고,0,0,1,0,차대차 - 추돌,안전운전불이행,건조,맑음,기타 - 기타,승용,남,26세,상해없음,승용,남,25세,경상
2017061800100052,2017년 6월 18일 02시,일요일,인천광역시 남동구 논현동,경상사고,0,0,1,0,차대사람 - 횡단중,안전운전불이행,건조,맑음,교차로 - 교차로횡단보도내,승용,여,51세,상해없음,보행자,남,41세,경상
2017061800100053,2017년 6월 18일 02시,일요일,인천광역시 남동구 도림동,경상사고,0,0,1,0,차대차 - 기타,안전거리미확보,건조,맑음,교차로 - 교차로부근,승용,남,31세,상해없음,승용,남,62세,경상
2017061800100061,2017년 6월 18일 03시,일요일,인천광역시 서구 가정동,중상사고,0,1,0,0,차대사람 - 횡단중,안전운전불이행,건조,맑음,교차로 - 교차로부근,승용,남,58세,상해없음,보행자,남,19세,중상
2017061800100186,2017년 6월 18일 12시,일요일,인천광역시 남동구 남촌동,경상사고,0,0,3,0,차대차 - 측면충돌,신호위반,건조,맑음,교차로 - 교차로안,승용,여,53세,상해없음,승용,남,36세,경상
2017061800100187,2017년 6월 18일 12시,일요일,인천광역시 강화군 양사면,경상사고,0,0,1,0,차대사람 - 횡단중,안전운전불이행,건조,맑음,단일로 - 기타,승합,남,37세,상해없음,보행자,남,5세,경상
2017061800100219,2017년 6월 18일 13시,일요일,인천광역시 남동구 논현동,중상사고,0,1,0,0,차대차 - 측면충돌,안전운전불이행,건조,맑음,단일로 - 기타,승용,여,24세,상해없음,이륜,남,37세,중상
2017061800100220,2017년 6월 18일 13시,일요일,인천광역시 남동구 남촌동,중상사고,0,1,0,3,차대차 - 측면충돌,안전거리미확보,건조,맑음,단일로 - 기타,승용,여,57세,상해없음,승용,여,49세,중상
2017061800100248,2017년 6월 18일 14시,일요일,인천광역시 남동구 간석동,경상사고,0,0,1,0,차대차 - 후진중충돌,안전운전불이행,건조,맑음,단일로 - 기타,승용,남,63세,상해없음,승용,여,60세,경상
2017061800100249,2017년 6월 18일 14시,일요일,인천광역시 서구 마전동,경상사고,0,0,1,0,차대차 - 측면충돌,기타,건조,맑음,교차로 - 교차로안,이륜,남,43세,상해없음,이륜,남,62세,경상
2017061800100278,2017년 6월 18일 15시,일요일,인천광역시 서구 석남동,경상사고,0,0,2,0,차대차 - 측면충돌,안전운전불이행,건조,맑음,단일로 - 기타,승용,남,25세,상해없음,승합,남,61세,경상
2017061800100313,2017년 6월 18일 16시,일요일,인천광역시 옹진군 백령면,경상사고,0,0,1,0,차대차 - 측면충돌,안전운전불이행,건조,맑음,교차로 - 교차로안,승용,남,59세,상해없음,화물,남,41세,상해없음
2017061800100342,2017년 6월 18일 17시,일요일,인천광역시 연수구 옥련동,중상사고,0,1,0,0,차대차 - 측면충돌,신호위반,건조,맑음,교차로 - 교차로횡단보도내,이륜,남,18세,상해없음,자전거,남,41세,중상
2017061800100371,2017년 6월 18일 18시,일요일,인천광역시 부평구 십정동,경상사고,0,0,1,1,차대차 - 측면충돌,안전거리미확보,건조,맑음,교차로 - 교차로부근,승용,기타불명,미분류,기타불명,승용,남,57세,경상
2017061800100372,2017년 6월 18일 18시,일요일,인천광역시 남동구 간석동,경상사고,0,0,1,0,차대차 - 측면충돌,교차로운행방법위반,건조,맑음,교차로 - 교차로안,승용,여,45세,상해없음,승용,남,45세,경상
2017061800100455,2017년 6월 18일 21시,일요일,인천광역시 남구 용현동,경상사고,0,0,1,0,차대차 - 측면충돌,안전운전불이행,건조,맑음,교차로 - 교차로안,승합,남,56세,상해없음,승용,여,54세,경상
2017061800100476,2017년 6월 18일 22시,일요일,인천광역시 중구 북성동1가,경상사고,0,0,2,0,차대차 - 측면충돌,안전운전불이행,건조,맑음,단일로 - 기타,승용,남,28세,상해없음,승용,남,24세,경상
2017061800100477,2017년 6월 18일 22시,일요일,인천광역시 연수구 동춘동,경상사고,0,0,4,0,차대차 - 측면충돌,안전운전불이행,건조,맑음,교차로 - 교차로안,승용,남,40세,상해없음,승합,남,47세,경상
2017061800100478,2017년 6월 18일 22시,일요일,인천광역시 부평구 부평동,중상사고,0,1,0,0,차대차 - 측면충돌,안전운전불이행,건조,맑음,단일로 - 기타,승용,남,40세,상해없음,이륜,남,30세,중상
2017061800100491,2017년 6월 18일 23시,일요일,인천광역시 서구 금곡동,중상사고,0,1,0,0,차대사람 - 횡단중,안전운전불이행,건조,맑음,교차로 - 교차로안,승용,남,71세,상해없음,보행자,남,67세,중상
2017061900100031,2017년 6월 19일 00시,월요일,인천광역시 부평구 청천동,경상사고,0,0,1,0,차대차 - 측면충돌,안전운전불이행,건조,맑음,단일로 - 기타,승용,남,21세,상해없음,승용,남,51세,경상
2017061900100125,2017년 6월 19일 07시,월요일,인천광역시 계양구 서운동,중상사고,0,1,0,0,차대차 - 측면충돌,교차로운행방법위반,건조,맑음,교차로 - 교차로안,승합,남,52세,상해없음,자전거,남,72세,중상
2017061900100179,2017년 6월 19일 08시,월요일,인천광역시 남동구 간석동,경상사고,0,0,1,0,차대사람 - 길가장자리구역통행중,안전운전불이행,건조,맑음,단일로 - 기타,기타불명,기타불명,미분류,기타불명,보행자,남,35세,경상
2017061900100210,2017년 6월 19일 09시,월요일,인천광역시 계양구 효성동,중상사고,0,1,0,0,차대사람 - 횡단중,안전운전불이행,건조,맑음,교차로 - 교차로안,승용,남,37세,상해없음,보행자,남,65세,중상
2017061900100241,2017년 6월 19일 10시,월요일,인천광역시 중구 중산동,중상사고,0,1,1,0,차대차 - 측면충돌,신호위반,건조,맑음,교차로 - 교차로안,승용,여,25세,경상,승용,남,42세,중상
2017061900100295,2017년 6월 19일 12시,월요일,인천광역시 계양구 박촌동,경상사고,0,0,1,0,차대차 - 측면충돌,신호위반,건조,맑음,교차로 - 교차로안,승용,여,50세,상해없음,화물,남,30세,경상
2017061900100406,2017년 6월 19일 15시,월요일,인천광역시 중구 운북동,중상사고,0,1,0,0,차량단독 - 전도전복,안전운전불이행,건조,맑음,단일로 - 기타,원동기,여,83세,중상,미분류,미분류,미분류,미분류
2017061900100407,2017년 6월 19일 15시,월요일,인천광역시 남동구 구월동,중상사고,0,1,0,0,차대차 - 추돌,안전운전불이행,건조,맑음,단일로 - 기타,승용,남,34세,상해없음,승용,남,36세,중상
2017061900100408,2017년 6월 19일 15시,월요일,인천광역시 서구 연희동,중상사고,0,1,2,0,차대차 - 측면충돌,신호위반,건조,맑음,교차로 - 교차로안,승용,여,53세,중상,승용,남,38세,경상
2017061900100531,2017년 6월 19일 18시,월요일,인천광역시 남구 학익동,경상사고,0,0,1,0,차대차 - 측면충돌,안전운전불이행,건조,맑음,단일로 - 기타,화물,남,36세,상해없음,승용,여,39세,경상
2017061900100532,2017년 6월 19일 18시,월요일,인천광역시 남동구 간석동,경상사고,0,0,1,0,차대사람 - 횡단중,안전운전불이행,건조,맑음,단일로 - 기타,승합,남,31세,상해없음,보행자,여,26세,경상
2017061900100533,2017년 6월 19일 18시,월요일,인천광역시 서구 검암동,부상신고사고,0,0,0,1,차대사람 - 횡단중,안전운전불이행,건조,맑음,단일로 - 기타,승용,남,24세,상해없음,보행자,여,41세,부상신고
2017061900100534,2017년 6월 19일 18시,월요일,인천광역시 부평구 삼산동,중상사고,0,1,0,0,차대차 - 추돌,안전거리미확보,건조,맑음,단일로 - 교량,승용,남,28세,상해없음,승용,여,38세,중상
2017061900100589,2017년 6월 19일 20시,월요일,인천광역시 강화군 강화읍,중상사고,0,1,0,0,차량단독 - 전도전복 - 전도,안전운전불이행,건조,맑음,단일로 - 기타,자전거,남,83세,중상,,,,
2017061900100617,2017년 6월 19일 21시,월요일,인천광역시 남동구 만수동,경상사고,0,0,1,0,차대차 - 측면충돌,안전운전불이행,건조,맑음,단일로 - 기타,이륜,여,25세,경상,승용,남,35세,상해없음
2017061900100648,2017년 6월 19일 22시,월요일,인천광역시 중구 북성동1가,경상사고,0,0,1,0,차대사람 - 횡단중,중앙선침범,건조,맑음,단일로 - 기타,승용,남,23세,상해없음,보행자,남,51세,경상
2017061900100649,2017년 6월 19일 22시,월요일,인천광역시 동구 화수동,중상사고,0,1,0,1,차량단독 - 공작물충돌,안전운전불이행,건조,맑음,단일로 - 기타,승용,남,19세,부상신고,,,,
2017061900100666,2017년 6월 19일 23시,월요일,인천광역시 남구 주안동,경상사고,0,0,1,0,차대차 - 기타,신호위반,건조,맑음,단일로 - 기타,이륜,남,24세,상해없음,승용,남,31세,경상