사고번호,사고일시,요일,시군구,사고내용,사망자수,중상자수,경상자수,부상신고자수,사고유형,법규위반,노면상태,기상상태,도로형태,가해운전자 차종,가해운전자 성별,가해운전자 연령,가해운전자 상해정도,피해운전자 차종,피해운전자 성별,피해운전자 연령,피해운전자 상해정도
2017062400100611,2017년 6월 24일 23시,토요일,인천광역시 계양구 작전동,사망사고,1,1,0,0,차대사람 - 기타,안전운전불이행,젖음/습기,비,단일로 - 기타,승용,여,44세,상해없음,보행자,남,50세,중상
2017062400100612,2017년 6월 24일 23시,토요일,인천광역시 계양구 작전동,중상사고,0,2,0,0,차대사람 - 기타,안전운전불이행,젖음/습기,비,단일로 - 기타,승용,남,50세,중상,보행자,남,48세,중상
2017062500100031,2017년 6월 25일 00시,일요일,인천광역시 계양구 임학동,경상사고,0,0,1,0,차대차 - 추돌,안전운전불이행,젖음/습기,비,단일로 - 기타,승용,여,50세,상해없음,승용,여,48세,경상
2017062500100032,2017년 6월 25일 00시,일요일,인천광역시 계양구 작전동,중상사고,0,1,0,0,차대차 - 측면충돌,안전운전불이행,건조,맑음,단일로 - 기타,이륜,남,18세,중상,승합,남,55세,상해없음
2017062500100061,2017년 6월 25일 02시,일요일,인천광역시 부평구 부평동,경상사고,0,0,2,0,차대사람 - 기타,보행자보호의무위반,건조,맑음,교차로 - 교차로횡단보도내,승용,남,65세,상해없음,보행자,남,35세,경상
2017062500100114,2017년 6월 25일 07시,일요일,인천광역시 남구 도화동,경상사고,0,0,1,0,차대사람 - 횡단중,안전운전불이행,건조,맑음,기타 - 기타,승용,남,51세,상해없음,보행자,여,23세,경상
2017062500100115,2017년 6월 25일 07시,일요일,인천광역시 서구 석남동,경상사고,0,0,1,0,차대차 - 측면충돌,안전운전불이행,건조,맑음,단일로 - 기타,기타불명,기타불명,미분류,기타불명,자전거,남,42세,경상
2017062500100135,2017년 6월 25일 09시,일요일,인천광역시 남동구 운연동,중상사고,0,1,1,0,차대차 - 측면충돌,신호위반,건조,맑음,교차로 - 교차로안,승용,남,89세,경상,승용,남,27세,중상
2017062500100136,2017년 6월 25일 09시,일요일,인천광역시 남동구 고잔동,경상사고,0,0,4,0,차대차 - 추돌,안전운전불이행,건조,맑음,단일로 - 기타,승용,여,45세,상해없음,승용,남,60세,경상
2017062500100179,2017년 6월 25일 11시,일요일,인천광역시 부평구 부평동,중상사고,0,1,0,0,차대사람 - 횡단중,보행자보호의무위반,건조,맑음,단일로 - 기타,승용,남,51세,상해없음,보행자,남,7세,중상
2017062500100219,2017년 6월 25일 13시,일요일,인천광역시 연수구 연수동,경상사고,0,0,1,2,차대사람 - 횡단중,보행자보호의무위반,건조,맑음,교차로 - 교차로횡단보도내,승용,남,50세,상해없음,보행자,여,25세,경상
2017062500100236,2017년 6월 25일 14시,일요일,인천광역시 부평구 부평동,경상사고,0,0,1,0,차대차 - 추돌,안전운전불이행,건조,맑음,단일로 - 기타,승용,남,45세,상해없음,승용,여,66세,경상
2017062500100260,2017년 6월 25일 15시,일요일,인천광역시 남동구 구월동,중상사고,0,1,0,0,차대사람 - 횡단중,안전운전불이행,건조,맑음,단일로 - 기타,화물,남,42세,상해없음,보행자,여,71세,중상
2017062500100261,2017년 6월 25일 15시,일요일,인천광역시 강화군 양도면,경상사고,0,0,1,0,차대차 - 측면충돌,중앙선침범,건조,맑음,단일로 - 기타,승용,남,62세,상해없음,이륜,남,28세,경상
2017062500100284,2017년 6월 25일 16시,일요일,인천광역시 중구 덕교동,경상사고,0,0,3,0,차대차 - 측면충돌,안전운전불이행,건조,맑음,교차로 - 교차로안,승용,여,26세,상해없음,승용,여,44세,경상
2017062500100285,2017년 6월 25일 16시,일요일,인천광역시 계양구 용종동,경상사고,0,0,1,0,차대차 - 측면충돌,안전거리미확보,건조,맑음,단일로 - 기타,승용,여,43세,상해없음,승용,남,41세,경상
2017062500100317,2017년 6월 25일 17시,일요일,인천광역시 부평구 부평동,경상사고,0,0,2,0,차대차 - 측면충돌,안전운전불이행,건조,맑음,단일로 - 기타,승용,여,58세,상해없음,승용,여,37세,경상
2017062500100423,2017년 6월 25일 21시,일요일,인천광역시 계양구 계산동,경상사고,0,0,1,0,차대사람 - 횡단중,안전운전불이행,건조,맑음,단일로 - 기타,화물,남,49세,상해없음,보행자,남,30세,경상
2017062500100424,2017년 6월 25일 21시,일요일,인천광역시 강화군 불은면,경상사고,0,0,1,0,차대차 - 후진중충돌,안전운전불이행,건조,맑음,단일로 - 기타,승용,남,68세,상해없음,화물,남,77세,경상
2017062600100029,2017년 6월 26일 00시,월요일,인천광역시 계양구 효성동,중상사고,0,1,0,0,차대차 - 추돌,안전운전불이행,건조,맑음,교차로 - 교차로부근,화물,남,47세,상해없음,승용,남,55세,중상
2017062600100050,2017년 6월 26일 04시,월요일,인천광역시 계양구 작전동,경상사고,0,0,3,0,차대차 - 추돌,안전운전불이행,건조,맑음,단일로 - 기타,승용,남,26세,상해없음,승용,남,22세,경상
2017062600100074,2017년 6월 26일 06시,월요일,인천광역시 부평구 부평동,경상사고,0,0,1,0,차대차 - 측면충돌,중앙선침범,건조,맑음,단일로 - 기타,승용,남,42세,상해없음,승용,남,58세,경상
2017062600100075,2017년 6월 26일 06시,월요일,인천광역시 계양구 동양동,중상사고,0,1,0,0,차대사람 - 기타,안전운전불이행,젖음/습기,비,단일로 - 기타,특수,남,47세,기타불명,보행자,남,48세,중상
2017062600100105,2017년 6월 26일 07시,월요일,인천광역시 중구 도원동,경상사고,0,0,1,0,차대차 - 추돌,안전운전불이행,건조,맑음,교차로 - 교차로부근,승합,남,50세,상해없음,승용,여,31세,경상
2017062600100144,2017년 6월 26일 08시,월요일,인천광역시 강화군 길상면,중상사고,0,1,0,0,차대사람 - 횡단중,안전운전불이행,젖음/습기,비,단일로 - 기타,화물,남,41세,상해없음,보행자,남,79세,중상
2017062600100177,2017년 6월 26일 09시,월요일,인천광역시 남동구 고잔동,중상사고,0,1,1,0,차대차 - 추돌,안전운전불이행,건조,맑음,단일로 - 지하차도(도로)내,승용,남,61세,상해없음,승용,남,38세,중상
2017062600100178,2017년 6월 26일 09시,월요일,인천광역시 남동구 구월동,경상사고,0,0,1,0,차대차 - 후진중충돌,안전운전불이행,건조,맑음,주차장 - 주차장,승용,남,46세,상해없음,승용,여,37세,경상
2017062600100202,2017년 6월 26일 10시,월요일,인천광역시 중구 운남동,경상사고,0,0,2,0,차대차 - 측면충돌,직진우회전진행방해,건조,맑음,교차로 - 교차로안,승용,남,63세,경상,승용,여,41세,경상
2017062600100203,2017년 6월 26일 10시,월요일,인천광역시 부평구 부평동,중상사고,0,1,0,0,차대차 - 기타,교차로운행방법위반,건조,맑음,교차로 - 교차로안,승용,여,27세,상해없음,개인형이동수단(PM),남,39세,중상
2017062600100204,2017년 6월 26일 10시,월요일,인천광역시 남동구 만수동,중상사고,0,1,0,0,차대차 - 추돌,안전운전불이행,건조,흐림,단일로 - 기타,승용,남,69세,상해없음,승용,남,35세,중상
2017062600100262,2017년 6월 26일 12시,월요일,인천광역시 옹진군 백령면,중상사고,0,1,4,0,차대차 - 추돌,안전운전불이행,건조,맑음,교차로 - 교차로안,화물,남,52세,상해없음,승용,남,54세,중상
2017062600100295,2017년 6월 26일 13시,월요일,인천광역시 중구 경동,경상사고,0,0,1,0,차대차 - 측면충돌,안전운전불이행,건조,흐림,교차로 - 교차로부근,승합,여,40세,상해없음,자전거,여,34세,경상
2017062600100333,2017년 6월 26일 14시,월요일,인천광역시 남구 도화동,경상사고,0,0,2,0,차대차 - 측면충돌,안전운전불이행,건조,맑음,교차로 - 교차로안,승용,남,48세,상해없음,승용,여,55세,경상
2017062600100334,2017년 6월 26일 14시,월요일,인천광역시 서구 불로동,경상사고,0,0,1,0,차대차 - 측면충돌,신호위반,건조,맑음,교차로 - 교차로안,승합,남,42세,상해없음,승용,남,82세,상해없음
2017062600100335,2017년 6월 26일 14시,월요일,인천광역시 계양구 상야동,중상사고,0,1,0,0,차대차 - 기타,안전운전불이행,건조,맑음,단일로 - 기타,기타불명,기타불명,미분류,기타불명,자전거,남,56세,중상
2017062600100370,2017년 6월 26일 15시,월요일,인천광역시 남동구 간석동,경상사고,0,0,1,0,차대차 - 측면충돌,안전거리미확보,젖음/습기,비,단일로 - 기타,승합,남,61세,상해없음,승용,여,67세,경상
2017062600100371,2017년 6월 26일 15시,월요일,인천광역시 부평구 부개동,경상사고,0,0,1,0,차대차 - 측면충돌,교차로운행방법위반,건조,맑음,교차로 - 교차로안,승용,여,56세,상해없음,화물,남,51세,경상
2017062600100415,2017년 6월 26일 16시,월요일,인천광역시 부평구 부개동,경상사고,0,0,1,0,차대사람 - 횡단중,안전운전불이행,젖음/습기,비,교차로 - 교차로안,승용,남,58세,상해없음,보행자,남,18세,경상
2017062600100453,2017년 6월 26일 17시,월요일,인천광역시 남구 용현동,부상신고사고,0,0,0,1,차대사람 - 길가장자리구역통행중,안전운전불이행,젖음/습기,비,기타 - 기타,기타불명,기타불명,미분류,기타불명,보행자,남,54세,부상신고
2017062600100454,2017년 6월 26일 17시,월요일,인천광역시 서구 가좌동,부상신고사고,0,0,0,1,차대차 - 측면충돌,차로위반,젖음/습기,비,단일로 - 기타,승용,남,39세,부상신고,승용,남,29세,상해없음
2017062600100490,2017년 6월 26일 18시,월요일,인천광역시 중구 운서동,경상사고,0,0,2,0,차대차 - 측면충돌,신호위반,건조,맑음,교차로 - 교차로안,승용,남,63세,경상,승용,남,44세,경상
2017062600100491,2017년 6월 26일 18시,월요일,인천광역시 남구 주안동,경상사고,0,0,1,0,차대차 - 추돌,안전운전불이행,건조,맑음,교차로 - 교차로부근,승용,남,28세,상해없음,승합,남,41세,경상
2017062600100492,2017년 6월 26일 18시,월요일,인천광역시 서구 심곡동,경상사고,0,0,2,0,차대차 - 측면충돌,안전운전불이행,건조,맑음,단일로 - 기타,승용,여,56세,경상,승용,여,52세,경상
2017062600100493,2017년 6월 26일 18시,월요일,인천광역시 남구 문학동,경상사고,0,0,1,0,차대차 - 측면충돌,안전거리미확보,젖음/습기,비,단일로 - 교량,승합,남,40세,상해없음,승용,남,25세,경상
2017062700100060,2017년 6월 27일 01시,화요일,인천광역시 중구 항동7가,중상사고,0,1,0,0,차대차 - 측면충돌,신호위반,건조,맑음,교차로 - 교차로안,승용,남,38세,상해없음,화물,남,59세,중상
2017062700100089,2017년 6월 27일 06시,화요일,인천광역시 남동구 간석동,중상사고,0,1,0,0,차대차 - 추돌,안전운전불이행,건조,맑음,단일로 - 기타,승용,남,39세,상해없음,승용,남,31세,중상
2017062700100108,2017년 6월 27일 07시,화요일,인천광역시 연수구 동춘동,경상사고,0,0,2,0,차대차 - 추돌,안전운전불이행,건조,맑음,단일로 - 기타,승용,남,49세,상해없음,승합,남,40세,경상
2017062700100109,2017년 6월 27일 07시,화요일,인천광역시 남구 용현동,중상사고,0,2,2,0,차대차 - 추돌,안전운전불이행,건조,흐림,단일로 - 기타,화물,남,45세,상해없음,승용,남,44세,중상
2017062700100148,2017년 6월 27일 08시,화요일,인천광역시 남동구 구월동,경상사고,0,0,1,0,차대사람 - 횡단중,안전운전불이행,건조,맑음,교차로 - 교차로부근,승용,남,67세,기타불명,보행자,여,9세,경상
2017062700100149,2017년 6월 27일 08시,화요일,인천광역시 강화군 불은면,중상사고,0,1,0,0,차대사람 - 횡단중,안전운전불이행,건조,맑음,교차로 - 교차로부근,화물,남,51세,상해없음,보행자,여,81세,중상
2017062700100216,2017년 6월 27일 10시,화요일,인천광역시 연수구 옥련동,경상사고,0,0,1,0,차대차 - 추돌,교차로운행방법위반,건조,맑음,교차로 - 교차로부근,승용,여,35세,상해없음,승용,남,51세,경상
2017062700100217,2017년 6월 27일 10시,화요일,인천광역시 남동구 남촌동,경상사고,0,0,1,0,차대차 - 추돌,안전운전불이행,건조,맑음,단일로 - 기타,화물,남,50세,상해없음,승용,남,56세,경상
2017062700100241,2017년 6월 27일 11시,화요일,인천광역시 중구 운북동,경상사고,0,0,2,0,차대차 - 측면충돌,신호위반,건조,맑음,교차로 - 교차로안,승합,남,56세,상해없음,건설기계,남,35세,경상
2017062700100270,2017년 6월 27일 12시,화요일,인천광역시 서구 석남동,경상사고,0,0,1,0,차대사람 - 횡단중,안전운전불이행,건조,맑음,단일로 - 기타,승용,남,77세,상해없음,보행자,남,59세,경상
2017062700100271,2017년 6월 27일 12시,화요일,인천광역시 서구 경서동,사망사고,1,0,0,0,차대사람 - 기타,과속,건조,맑음,단일로 - 기타,화물,남,36세,상해없음,보행자,여,61세,사망
2017062700100339,2017년 6월 27일 14시,화요일,인천광역시 남동구 고잔동,경상사고,0,0,1,0,차대차 - 추돌,안전운전불이행,건조,맑음,단일로 - 기타,화물,남,25세,상해없음,승용,여,40세,경상
2017062700100375,2017년 6월 27일 15시,화요일,인천광역시 서구 금곡동,경상사고,0,0,1,1,차대차 - 측면충돌,신호위반,건조,맑음,교차로 - 교차로안,승합,남,49세,상해없음,화물,남,61세,경상
2017062700100376,2017년 6월 27일 15시,화요일,인천광역시 연수구 옥련동,중상사고,0,1,0,0,차대차 - 추돌,안전운전불이행,건조,맑음,교차로 - 교차로부근,특수,남,53세,상해없음,승합,여,36세,중상
2017062700100494,2017년 6월 27일 18시,화요일,인천광역시 남구 주안동,경상사고,0,0,1,0,차대차 - 추돌,안전운전불이행,건조,맑음,교차로 - 교차로부근,화물,남,33세,기타불명,승용,남,37세,경상
2017062700100527,2017년 6월 27일 19시,화요일,인천광역시 부평구 산곡동,경상사고,0,0,2,0,차대차 - 측면충돌,안전운전불이행,건조,맑음,단일로 - 기타,이륜,남,27세,상해없음,승용,남,36세,경상
2017062700100550,2017년 6월 27일 20시,화요일,인천광역시 부평구 산곡동,경상사고,0,0,1,0,차대사람 - 기타,안전운전불이행,건조,맑음,단일로 - 기타,승용,남,24세,상해없음,보행자,여,53세,경상
2017062700100551,2017년 6월 27일 20시,화요일,인천광역시 남동구 논현동,중상사고,0,1,0,0,차대차 - 측면충돌,안전운전불이행,건조,맑음,단일로 - 기타,승용,남,34세,상해없음,이륜,남,49세,중상
2017062700100605,2017년 6월 27일 22시,화요일,인천광역시 부평구 일신동,경상사고,0,0,1,0,차대차 - 측면충돌,안전운전불이행,건조,맑음,단일로 - 기타,화물,남,39세,상해없음,승용,여,37세,경상
2017062800100032,2017년 6월 28일 00시,수요일,인천광역시 부평구 부평동,경상사고,0,0,1,0,차대사람 - 기타,안전운전불이행,건조,맑음,교차로 - 교차로부근,승용,여,22세,상해없음,보행자,여,29세,경상
2017062800100049,2017년 6월 28일 01시,수요일,인천광역시 남구 숭의동,경상사고,0,0,1,0,차대차 - 측면충돌,신호위반,건조,맑음,교차로 - 교차로안,이륜,남,30세,상해없음,승용,남,60세,경상
2017062800100072,2017년 6월 28일 04시,수요일,인천광역시 계양구 다남동,경상사고,0,0,1,0,차대차 - 추돌,안전운전불이행,건조,맑음,단일로 - 기타,승용,남,35세,상해없음,화물,남,35세,경상
2017062800100111,2017년 6월 28일 07시,수요일,인천광역시 계양구 동양동,경상사고,0,0,2,0,차대차 - 기타,안전운전불이행,건조,맑음,교차로 - 교차로안,승용,여,73세,경상,승용,여,51세,경상
2017062800100181,2017년 6월 28일 09시,수요일,인천광역시 남동구 만수동,경상사고,0,0,1,0,차대차 - 측면충돌,신호위반,건조,맑음,교차로 - 교차로안,승용,여,52세,상해없음,승용,여,54세,경상
2017062800100182,2017년 6월 28일 09시,수요일,인천광역시 서구 대곡동,경상사고,0,0,1,0,차대차 - 추돌,중앙선침범,건조,맑음,단일로 - 기타,화물,남,48세,상해없음,화물,남,78세,경상
2017062800100273,2017년 6월 28일 13시,수요일,인천광역시 남구 학익동,경상사고,0,0,1,0,차대차 - 추돌,안전운전불이행,건조,맑음,단일로 - 기타,승용,남,40세,기타불명,승용,남,30세,경상
2017062800100274,2017년 6월 28일 13시,수요일,인천광역시 서구 검암동,경상사고,0,0,1,0,차대차 - 측면충돌,신호위반,건조,맑음,교차로 - 교차로안,승용,여,63세,기타불명,승용,여,33세,경상
2017062800100301,2017년 6월 28일 14시,수요일,인천광역시 중구 항동7가,경상사고,0,0,1,0,차대차 - 추돌,안전운전불이행,건조,맑음,교차로 - 교차로안,승용,남,51세,상해없음,승용,여,44세,경상
2017062800100401,2017년 6월 28일 17시,수요일,인천광역시 남구 용현동,사망사고,1,0,2,0,차대차 - 추돌,안전운전불이행,건조,맑음,교차로 - 교차로부근,승용,여,29세,상해없음,승용,남,64세,경상
2017062800100402,2017년 6월 28일 17시,수요일,인천광역시 남구 용현동,경상사고,0,0,1,0,차대사람 - 차도통행중,안전운전불이행,건조,맑음,기타 - 기타,승용,여,38세,상해없음,보행자,여,2세,경상
2017062800100403,2017년 6월 28일 17시,수요일,인천광역시 남동구 구월동,경상사고,0,0,2,0,차대차 - 측면충돌,신호위반,건조,맑음,교차로 - 교차로안,승용,남,22세,상해없음,승용,남,59세,경상
2017062800100404,2017년 6월 28일 17시,수요일,인천광역시 서구 마전동,경상사고,0,0,1,0,차대사람 - 횡단중,보행자보호의무위반,건조,맑음,기타 - 기타,승용,남,49세,상해없음,보행자,여,23세,경상
2017062800100450,2017년 6월 28일 18시,수요일,인천광역시 남구 주안동,경상사고,0,0,1,0,차대사람 - 횡단중,보행자보호의무위반,건조,맑음,교차로 - 교차로부근,승용,남,31세,상해없음,보행자,남,8세,경상
2017062800100451,2017년 6월 28일 18시,수요일,인천광역시 남구 주안동,중상사고,0,1,0,0,차대사람 - 횡단중,안전운전불이행,건조,맑음,기타 - 기타,승용,남,21세,상해없음,보행자,남,26세,중상
2017062800100452,2017년 6월 28일 18시,수요일,인천광역시 서구 공촌동,부상신고사고,0,0,0,1,차대차 - 측면충돌,신호위반,건조,맑음,교차로 - 교차로부근,승용,여,49세,상해없음,이륜,남,21세,부상신고
2017062800100453,2017년 6월 28일 18시,수요일,인천광역시 부평구 부개동,경상사고,0,0,1,0,차대사람 - 기타,안전운전불이행,건조,맑음,주차장 - 주차장,승용,남,37세,상해없음,보행자,남,2세,경상
2017062800100489,2017년 6월 28일 19시,수요일,인천광역시 서구 금곡동,경상사고,0,0,2,0,차대차 - 측면충돌,교차로운행방법위반,건조,맑음,교차로 - 교차로안,승용,남,61세,상해없음,승용,여,41세,경상
2017062800100594,2017년 6월 28일 23시,수요일,인천광역시 남동구 간석동,경상사고,0,0,1,0,차대차 - 추돌,안전운전불이행,건조,맑음,교차로 - 교차로안,승용,남,58세,상해없음,승용,남,27세,경상
2017062900100133,2017년 6월 29일 08시,목요일,인천광역시 서구 심곡동,경상사고,0,0,1,0,차대사람 - 차도통행중,안전운전불이행,건조,맑음,교차로 - 교차로안,승용,여,45세,상해없음,보행자,남,44세,경상
2017062900100162,2017년 6월 29일 09시,목요일,인천광역시 남구 학익동,경상사고,0,0,1,0,차대사람 - 횡단중,안전운전불이행,건조,맑음,교차로 - 교차로안,이륜,남,34세,상해없음,보행자,여,73세,경상
2017062900100163,2017년 6월 29일 09시,목요일,인천광역시 남동구 구월동,중상사고,0,1,0,0,차대사람 - 횡단중,안전운전불이행,건조,맑음,단일로 - 기타,승용,여,64세,상해없음,보행자,여,24세,중상
2017062900100164,2017년 6월 29일 09시,목요일,인천광역시 남동구 논현동,중상사고,0,1,0,0,차대차 - 정면충돌,안전운전불이행,건조,맑음,교차로 - 교차로안,승용,남,19세,상해없음,승용,여,47세,중상
2017062900100242,2017년 6월 29일 12시,목요일,인천광역시 서구 연희동,경상사고,0,0,1,0,차대차 - 추돌,안전운전불이행,건조,맑음,단일로 - 기타,승용,여,41세,상해없음,승용,여,45세,경상
2017062900100262,2017년 6월 29일 13시,목요일,인천광역시 남동구 만수동,중상사고,0,1,0,0,차대사람 - 차도통행중,안전운전불이행,건조,맑음,교차로 - 교차로안,승합,남,62세,기타불명,보행자,여,72세,중상
2017062900100289,2017년 6월 29일 14시,목요일,인천광역시 남구 숭의동,경상사고,0,0,3,0,차대차 - 추돌,안전운전불이행,건조,맑음,단일로 - 기타,승용,남,34세,경상,승용,여,34세,경상
2017062900100290,2017년 6월 29일 14시,목요일,인천광역시 계양구 효성동,중상사고,0,1,0,0,차대차 - 추돌,안전운전불이행,건조,맑음,단일로 - 기타,승용,남,62세,상해없음,승용,남,29세,중상
2017062900100363,2017년 6월 29일 16시,목요일,인천광역시 남동구 논현동,경상사고,0,0,1,0,차량단독 - 공작물충돌,안전운전불이행,건조,맑음,단일로 - 기타,승합,남,63세,상해없음,,,,
2017062900100364,2017년 6월 29일 16시,목요일,인천광역시 남동구 간석동,경상사고,0,0,1,0,차대차 - 측면충돌,안전운전불이행,건조,맑음,단일로 - 기타,화물,남,29세,상해없음,승용,남,31세,경상
2017062900100365,2017년 6월 29일 16시,목요일,인천광역시 서구 왕길동,경상사고,0,0,1,0,차대사람 - 횡단중,기타,건조,맑음,기타 - 기타,승합,남,55세,기타불명,보행자,남,10세,경상
2017062900100403,2017년 6월 29일 17시,목요일,인천광역시 계양구 계산동,경상사고,0,0,4,0,차대차 - 측면충돌,안전운전불이행,건조,맑음,기타 - 기타,승용,남,52세,경상,승용,여,36세,경상
2017062900100449,2017년 6월 29일 18시,목요일,인천광역시 중구 신흥동3가,중상사고,0,1,1,0,차대차 - 측면충돌,신호위반,건조,맑음,교차로 - 교차로안,승용,남,53세,경상,특수,남,32세,중상
2017062900100450,2017년 6월 29일 18시,목요일,인천광역시 계양구 효성동,중상사고,0,1,0,0,차대사람 - 횡단중,안전운전불이행,건조,맑음,단일로 - 기타,승용,남,31세,상해없음,보행자,여,16세,중상
2017062900100523,2017년 6월 29일 20시,목요일,인천광역시 남구 주안동,경상사고,0,0,1,0,차대차 - 측면충돌,안전운전불이행,건조,맑음,교차로 - 교차로안,승용,여,37세,상해없음,승용,남,67세,경상
2017062900100582,2017년 6월 29일 22시,목요일,인천광역시 부평구 청천동,경상사고,0,0,1,0,차대차 - 측면충돌,안전운전불이행,건조,맑음,단일로 - 기타,승용,남,23세,상해없음,승용,남,37세,경상
2017062900100583,2017년 6월 29일 22시,목요일,인천광역시 서구 가좌동,중상사고,0,1,0,0,차대차 - 측면충돌,안전운전불이행,건조,맑음,단일로 - 기타,이륜,남,18세,중상,승용,남,51세,상해없음
2017063000100032,2017년 6월 30일 00시,금요일,인천광역시 남구 용현동,중상사고,0,1,0,0,차대사람 - 횡단중,안전운전불이행,건조,맑음,교차로 - 교차로안,승용,여,48세,상해없음,보행자,남,53세,중상
2017063000100033,2017년 6월 30일 00시,금요일,인천광역시 부평구 부평동,경상사고,0,0,2,0,차대차 - 추돌,안전거리미확보,건조,맑음,단일로 - 기타,승용,남,37세,상해없음,승용,남,60세,경상
2017063000100046,2017년 6월 30일 01시,금요일,인천광역시 서구 가좌동,중상사고,0,1,0,0,차대사람 - 횡단중,안전운전불이행,건조,맑음,교차로 - 교차로횡단보도내,화물,남,52세,상해없음,보행자,남,28세,중상
2017063000100087,2017년 6월 30일 05시,금요일,인천광역시 남구 숭의동,경상사고,0,0,1,0,차대차 - 정면충돌,신호위반,건조,맑음,교차로 - 교차로안,화물,남,37세,기타불명,승용,남,53세,경상
2017063000100161,2017년 6월 30일 08시,금요일,인천광역시 부평구 청천동,경상사고,0,0,1,0,차량단독 - 기타,안전운전불이행,건조,맑음,단일로 - 기타,승합,남,53세,상해없음,,,,
2017063000100162,2017년 6월 30일 08시,금요일,인천광역시 남동구 간석동,경상사고,0,0,1,0,차대차 - 측면충돌,안전운전불이행,건조,흐림,단일로 - 기타,화물,남,22세,상해없음,승용,여,30세,경상
2017063000100187,2017년 6월 30일 09시,금요일,인천광역시 중구 신흥동3가,중상사고,0,1,0,0,차대차 - 측면충돌,안전운전불이행,건조,맑음,단일로 - 기타,이륜,남,42세,중상,승용,남,44세,상해없음
2017063000100188,2017년 6월 30일 09시,금요일,인천광역시 남구 용현동,경상사고,0,0,3,0,차대차 - 추돌,안전운전불이행,건조,맑음,교차로 - 교차로안,승용,여,41세,기타불명,승용,여,28세,경상
2017063000100189,2017년 6월 30일 09시,금요일,인천광역시 서구 가좌동,중상사고,0,1,1,0,차대차 - 기타,안전운전불이행,건조,맑음,단일로 - 기타,승합,남,52세,상해없음,자전거,남,28세,중상
2017063000100212,2017년 6월 30일 10시,금요일,인천광역시 남동구 서창동,중상사고,0,1,0,0,차대차 - 측면충돌,신호위반,건조,맑음,교차로 - 교차로안,승용,남,66세,상해없음,승용,남,47세,중상
2017063000100213,2017년 6월 30일 10시,금요일,인천광역시 서구 왕길동,경상사고,0,0,1,1,차대차 - 측면충돌,안전거리미확보,건조,맑음,단일로 - 기타,화물,남,54세,상해없음,승용,여,44세,경상
2017063000100243,2017년 6월 30일 11시,금요일,인천광역시 남구 숭의동,경상사고,0,0,1,0,차대차 - 측면충돌,안전운전불이행,건조,맑음,교차로 - 교차로부근,화물,여,57세,상해없음,승용,남,42세,경상
2017063000100244,2017년 6월 30일 11시,금요일,인천광역시 계양구 서운동,경상사고,0,0,1,0,차대차 - 추돌,중앙선침범,건조,맑음,교차로 - 교차로안,화물,남,32세,상해없음,승용,여,47세,경상
2017063000100245,2017년 6월 30일 11시,금요일,인천광역시 계양구 작전동,중상사고,0,1,0,0,차대차 - 기타,안전운전불이행,건조,맑음,단일로 - 기타,승용,남,55세,기타불명,자전거,남,78세,중상
2017063000100246,2017년 6월 30일 11시,금요일,인천광역시 강화군 선원면,중상사고,0,1,0,0,차대차 - 측면충돌,안전운전불이행,건조,맑음,단일로 - 기타,승용,여,56세,상해없음,이륜,남,85세,중상
2017063000100374,2017년 6월 30일 15시,금요일,인천광역시 부평구 청천동,경상사고,0,0,1,0,차대사람 - 횡단중,안전운전불이행,건조,맑음,단일로 - 기타,승용,여,62세,상해없음,보행자,남,7세,경상
2017063000100420,2017년 6월 30일 16시,금요일,인천광역시 서구 왕길동,중상사고,0,1,0,0,차대차 - 추돌,안전운전불이행,건조,맑음,교차로 - 교차로부근,이륜,남,33세,중상,화물,남,53세,상해없음
2017063000100421,2017년 6월 30일 16시,금요일,인천광역시 강화군 양도면,경상사고,0,0,8,0,차대차 - 측면충돌,안전운전불이행,건조,맑음,교차로 - 교차로안,화물,남,58세,상해없음,승합,남,46세,경상
2017063000100553,2017년 6월 30일 19시,금요일,인천광역시 연수구 송도동,경상사고,0,0,2,0,차대차 - 측면충돌,차로위반,건조,맑음,교차로 - 교차로부근,승용,남,21세,상해없음,승용,남,49세,경상
2017063000100623,2017년 6월 30일 21시,금요일,인천광역시 남구 용현동,부상신고사고,0,0,0,1,차대차 - 측면충돌,신호위반,건조,맑음,교차로 - 교차로안,이륜,남,20세,부상신고,승용,남,51세,상해없음
2017063000100624,2017년 6월 30일 21시,금요일,인천광역시 남구 용현동,경상사고,0,0,4,0,차대차 - 기타,차로위반,건조,맑음,단일로 - 기타,승용,남,22세,상해없음,승용,남,41세,경상
2017063000100665,2017년 6월 30일 22시,금요일,인천광역시 서구 가정동,경상사고,0,0,2,0,차대차 - 추돌,안전운전불이행,건조,맑음,교차로 - 교차로부근,승용,남,24세,상해없음,승용,여,52세,경상
2017063000100691,2017년 6월 30일 23시,금요일,인천광역시 강화군 선원면,중상사고,0,1,0,0,차대차 - 기타,안전운전불이행,건조,맑음,교차로 - 교차로부근,승용,남,48세,상해없음,승용,남,21세,중상
2017070100100037,2017년 7월 1일 00시,토요일,인천광역시 부평구 십정동,중상사고,0,1,0,0,차대사람 - 횡단중,안전운전불이행,건조,맑음,단일로 - 기타,승용,남,51세,상해없음,보행자,남,49세,중상