사고번호,사고일시,요일,시군구,사고내용,사망자수,중상자수,경상자수,부상신고자수,사고유형,법규위반,노면상태,기상상태,도로형태,가해운전자 차종,가해운전자 성별,가해운전자 연령,가해운전자 상해정도,피해운전자 차종,피해운전자 성별,피해운전자 연령,피해운전자 상해정도
2017070600100579,2017년 7월 6일 23시,목요일,인천광역시 중구 운서동,경상사고,0,0,1,0,차대차 - 측면충돌,안전운전불이행,건조,기타,교차로 - 교차로부근,기타불명,기타불명,미분류,기타불명,승용,여,49세,경상
2017070700100031,2017년 7월 7일 00시,금요일,인천광역시 계양구 계산동,중상사고,0,1,0,0,차대차 - 추돌,안전운전불이행,건조,맑음,교차로 - 교차로부근,이륜,남,19세,상해없음,이륜,남,17세,중상
2017070700100061,2017년 7월 7일 04시,금요일,인천광역시 남구 용현동,경상사고,0,0,1,0,차대차 - 추돌,안전운전불이행,건조,맑음,기타 - 기타,승용,남,21세,상해없음,승용,남,63세,경상
2017070700100062,2017년 7월 7일 04시,금요일,인천광역시 남동구 만수동,부상신고사고,0,0,0,1,차대사람 - 횡단중,안전운전불이행,건조,맑음,주차장 - 주차장,기타불명,기타불명,미분류,기타불명,보행자,남,48세,부상신고
2017070700100078,2017년 7월 7일 06시,금요일,인천광역시 남동구 구월동,경상사고,0,0,1,0,차대사람 - 보도통행중,안전운전불이행,건조,맑음,기타 - 기타,승용,남,53세,상해없음,보행자,여,35세,경상
2017070700100106,2017년 7월 7일 07시,금요일,인천광역시 계양구 계산동,경상사고,0,0,1,0,차대차 - 추돌,안전운전불이행,젖음/습기,비,단일로 - 기타,승용,남,55세,상해없음,승용,남,38세,경상
2017070700100150,2017년 7월 7일 08시,금요일,인천광역시 중구 신흥동3가,중상사고,0,1,0,0,차대차 - 측면충돌,신호위반,건조,맑음,교차로 - 교차로부근,승합,남,51세,상해없음,자전거,여,56세,중상
2017070700100151,2017년 7월 7일 08시,금요일,인천광역시 부평구 산곡동,경상사고,0,0,1,0,차대사람 - 기타,안전운전불이행,건조,맑음,단일로 - 기타,승합,남,51세,상해없음,보행자,여,59세,경상
2017070700100181,2017년 7월 7일 09시,금요일,인천광역시 연수구 동춘동,중상사고,0,1,0,0,차대차 - 측면충돌,신호위반,건조,맑음,교차로 - 교차로횡단보도내,승용,여,64세,상해없음,자전거,남,90세 이상,중상
2017070700100235,2017년 7월 7일 11시,금요일,인천광역시 서구 가좌동,경상사고,0,0,1,0,차대차 - 측면충돌,안전운전불이행,건조,맑음,단일로 - 기타,승용,남,39세,상해없음,승용,남,43세,경상
2017070700100236,2017년 7월 7일 11시,금요일,인천광역시 연수구 옥련동,중상사고,0,2,0,0,차대차 - 추돌,안전운전불이행,젖음/습기,흐림,교차로 - 교차로부근,승용,남,35세,상해없음,승용,여,48세,중상
2017070700100258,2017년 7월 7일 12시,금요일,인천광역시 중구 항동7가,경상사고,0,0,1,0,차대차 - 추돌,안전운전불이행,건조,맑음,교차로 - 교차로부근,승용,남,25세,상해없음,승용,남,53세,경상
2017070700100285,2017년 7월 7일 13시,금요일,인천광역시 부평구 갈산동,경상사고,0,0,1,0,차대사람 - 횡단중,안전운전불이행,건조,맑음,단일로 - 기타,승용,남,57세,상해없음,보행자,남,87세,경상
2017070700100335,2017년 7월 7일 15시,금요일,인천광역시 서구 원창동,중상사고,0,1,0,0,차대차 - 측면충돌,신호위반,건조,흐림,교차로 - 교차로안,특수,남,35세,상해없음,승용,남,51세,중상
2017070700100365,2017년 7월 7일 16시,금요일,인천광역시 부평구 산곡동,경상사고,0,0,1,0,차대차 - 기타,안전운전불이행,건조,맑음,단일로 - 기타,승용,남,64세,상해없음,원동기,남,51세,경상
2017070700100366,2017년 7월 7일 16시,금요일,인천광역시 계양구 임학동,경상사고,0,0,1,0,차대차 - 후진중충돌,안전운전불이행,젖음/습기,비,교차로 - 교차로부근,승용,여,40세,상해없음,이륜,남,17세,경상
2017070700100421,2017년 7월 7일 17시,금요일,인천광역시 서구 연희동,경상사고,0,0,1,0,차대차 - 정면충돌,안전운전불이행,건조,맑음,교차로 - 교차로안,화물,남,46세,상해없음,승용,남,57세,경상
2017070700100422,2017년 7월 7일 17시,금요일,인천광역시 계양구 병방동,경상사고,0,0,1,0,차대차 - 추돌,안전거리미확보,건조,맑음,단일로 - 기타,승용,남,52세,상해없음,승용,여,51세,경상
2017070700100462,2017년 7월 7일 18시,금요일,인천광역시 부평구 부평동,경상사고,0,0,1,0,차대차 - 추돌,안전운전불이행,젖음/습기,흐림,교차로 - 교차로부근,승합,남,61세,상해없음,승용,남,39세,경상
2017070700100508,2017년 7월 7일 19시,금요일,인천광역시 남구 용현동,경상사고,0,0,3,1,차대차 - 측면충돌,중앙선침범,건조,맑음,교차로 - 교차로부근,승용,남,59세,상해없음,화물,남,63세,기타불명
2017070700100509,2017년 7월 7일 19시,금요일,인천광역시 서구 가정동,경상사고,0,0,1,0,차대차 - 측면충돌,안전운전불이행,젖음/습기,맑음,단일로 - 기타,승용,여,40세,상해없음,승용,남,30세,경상
2017070700100564,2017년 7월 7일 20시,금요일,인천광역시 부평구 부평동,중상사고,0,1,0,0,차대차 - 기타,신호위반,젖음/습기,비,교차로 - 교차로안,승용,남,32세,상해없음,이륜,남,22세,중상
2017070700100565,2017년 7월 7일 20시,금요일,인천광역시 부평구 부개동,경상사고,0,0,1,0,차대차 - 측면충돌,안전운전불이행,젖음/습기,비,교차로 - 교차로부근,승용,남,28세,상해없음,원동기,남,30세,경상
2017070700100566,2017년 7월 7일 20시,금요일,인천광역시 부평구 갈산동,중상사고,0,1,0,0,차대사람 - 횡단중,보행자보호의무위반,젖음/습기,비,단일로 - 기타,승용,남,27세,상해없음,보행자,여,65세,중상
2017070700100605,2017년 7월 7일 21시,금요일,인천광역시 남구 도화동,경상사고,0,0,2,0,차대차 - 측면충돌,안전운전불이행,젖음/습기,비,단일로 - 기타,승용,여,28세,상해없음,승용,남,53세,경상
2017070700100606,2017년 7월 7일 21시,금요일,인천광역시 남동구 만수동,부상신고사고,0,0,0,1,차대사람 - 길가장자리구역통행중,안전운전불이행,젖음/습기,비,단일로 - 기타,기타불명,기타불명,미분류,기타불명,보행자,남,34세,부상신고
2017070700100607,2017년 7월 7일 21시,금요일,인천광역시 남동구 장수동,경상사고,0,0,1,0,차대차 - 측면충돌,안전운전불이행,젖음/습기,비,교차로 - 교차로안,승합,남,59세,상해없음,승용,여,40세,경상
2017070700100608,2017년 7월 7일 21시,금요일,인천광역시 계양구 계산동,경상사고,0,0,1,0,차대사람 - 횡단중,보행자보호의무위반,건조,맑음,교차로 - 교차로횡단보도내,승용,여,56세,상해없음,보행자,여,18세,경상
2017070700100646,2017년 7월 7일 22시,금요일,인천광역시 부평구 부평동,부상신고사고,0,0,0,1,차대차 - 기타,안전운전불이행,젖음/습기,비,단일로 - 기타,이륜,남,53세,부상신고,승용,여,51세,상해없음
2017070700100647,2017년 7월 7일 22시,금요일,인천광역시 남동구 간석동,경상사고,0,0,1,0,차대차 - 기타,교차로운행방법위반,젖음/습기,흐림,교차로 - 교차로안,승용,남,29세,상해없음,이륜,남,36세,경상
2017070700100648,2017년 7월 7일 22시,금요일,인천광역시 계양구 다남동,경상사고,0,0,1,0,차대사람 - 기타,안전운전불이행,건조,맑음,단일로 - 기타,기타불명,기타불명,미분류,기타불명,보행자,남,20세,경상
2017070700100649,2017년 7월 7일 22시,금요일,인천광역시 부평구 부평동,경상사고,0,0,1,0,차대차 - 추돌,안전운전불이행,젖음/습기,비,교차로 - 교차로부근,승용,남,51세,상해없음,승용,남,44세,경상
2017070700100680,2017년 7월 7일 23시,금요일,인천광역시 연수구 연수동,중상사고,0,1,0,0,차대사람 - 횡단중,안전운전불이행,젖음/습기,흐림,단일로 - 기타,승용,남,56세,상해없음,보행자,남,67세,중상
2017070800100028,2017년 7월 8일 00시,토요일,인천광역시 부평구 부평동,경상사고,0,0,1,0,차대사람 - 횡단중,보행자보호의무위반,젖음/습기,흐림,단일로 - 기타,승용,남,35세,상해없음,보행자,남,45세,경상
2017070800100052,2017년 7월 8일 01시,토요일,인천광역시 남동구 구월동,경상사고,0,0,2,0,차대차 - 기타,신호위반,건조,맑음,교차로 - 교차로안,기타불명,기타불명,미분류,기타불명,승용,남,55세,경상
2017070800100123,2017년 7월 8일 06시,토요일,인천광역시 중구 관동3가,중상사고,0,1,0,0,차대사람 - 길가장자리구역통행중,안전운전불이행,건조,맑음,단일로 - 기타,승용,남,32세,상해없음,보행자,여,37세,중상
2017070800100137,2017년 7월 8일 07시,토요일,인천광역시 서구 경서동,경상사고,0,0,1,0,차대차 - 측면충돌,교차로운행방법위반,젖음/습기,비,교차로 - 교차로안,승합,남,37세,상해없음,화물,남,29세,경상
2017070800100152,2017년 7월 8일 08시,토요일,인천광역시 계양구 병방동,경상사고,0,0,1,0,차대차 - 추돌,안전운전불이행,건조,맑음,기타 - 기타,승용,여,34세,상해없음,화물,남,32세,경상
2017070800100230,2017년 7월 8일 11시,토요일,인천광역시 동구 송림동,경상사고,0,0,1,0,차대차 - 측면충돌,안전운전불이행,건조,맑음,단일로 - 기타,화물,남,37세,상해없음,승용,남,60세,경상
2017070800100254,2017년 7월 8일 12시,토요일,인천광역시 계양구 박촌동,경상사고,0,0,1,0,차대차 - 추돌,안전거리미확보,건조,맑음,교차로 - 교차로부근,승용,여,39세,상해없음,승용,남,42세,상해없음
2017070800100313,2017년 7월 8일 14시,토요일,인천광역시 남동구 장수동,중상사고,0,3,3,0,차대차 - 측면충돌,신호위반,건조,흐림,교차로 - 교차로안,승용,남,67세,상해없음,승용,여,35세,중상
2017070800100314,2017년 7월 8일 14시,토요일,인천광역시 연수구 옥련동,중상사고,0,1,0,0,차대차 - 추돌,안전운전불이행,건조,맑음,단일로 - 기타,승용,남,36세,상해없음,화물,남,28세,중상
2017070800100344,2017년 7월 8일 15시,토요일,인천광역시 남동구 고잔동,경상사고,0,0,1,0,차대차 - 측면충돌,안전운전불이행,건조,맑음,교차로 - 교차로안,승용,남,48세,상해없음,승합,남,58세,경상
2017070800100377,2017년 7월 8일 16시,토요일,인천광역시 남구 학익동,중상사고,0,2,3,0,차대차 - 추돌,안전운전불이행,건조,맑음,교차로 - 교차로부근,승용,남,57세,상해없음,승합,남,69세,경상
2017070800100378,2017년 7월 8일 16시,토요일,인천광역시 연수구 동춘동,중상사고,0,1,0,0,차대사람 - 기타,안전운전불이행,건조,맑음,단일로 - 기타,자전거,여,59세,상해없음,보행자,여,76세,중상
2017070800100411,2017년 7월 8일 17시,토요일,인천광역시 서구 석남동,경상사고,0,0,1,0,차대사람 - 길가장자리구역통행중,안전운전불이행,건조,맑음,단일로 - 기타,승용,남,27세,상해없음,보행자,남,57세,경상
2017070800100412,2017년 7월 8일 17시,토요일,인천광역시 연수구 송도동,중상사고,0,1,1,0,차대차 - 측면충돌,안전운전불이행,건조,맑음,단일로 - 기타,승용,남,25세,상해없음,승용,남,46세,기타불명
2017070800100451,2017년 7월 8일 18시,토요일,인천광역시 서구 석남동,경상사고,0,0,1,0,차대차 - 추돌,안전운전불이행,건조,맑음,단일로 - 기타,승용,남,36세,상해없음,승용,남,72세,경상
2017070800100452,2017년 7월 8일 18시,토요일,인천광역시 강화군 길상면,경상사고,0,0,1,0,차대차 - 측면충돌,안전운전불이행,건조,맑음,교차로 - 교차로안,승용,남,60세,상해없음,승용,여,62세,경상
2017070800100478,2017년 7월 8일 19시,토요일,인천광역시 중구 인현동,경상사고,0,0,1,0,차대차 - 측면충돌,신호위반,건조,맑음,교차로 - 교차로안,승용,남,64세,상해없음,이륜,남,32세,경상
2017070800100533,2017년 7월 8일 21시,토요일,인천광역시 부평구 청천동,중상사고,0,1,0,0,차대사람 - 횡단중,안전운전불이행,건조,흐림,단일로 - 기타,승용,남,30세,상해없음,보행자,여,79세,중상
2017070800100565,2017년 7월 8일 22시,토요일,인천광역시 남동구 남촌동,경상사고,0,0,1,0,차대차 - 측면충돌,안전운전불이행,건조,맑음,교차로 - 교차로부근,승용,남,62세,상해없음,승합,남,56세,경상
2017070800100566,2017년 7월 8일 22시,토요일,인천광역시 서구 석남동,경상사고,0,0,1,0,차대사람 - 횡단중,안전운전불이행,건조,흐림,단일로 - 기타,승용,남,69세,상해없음,보행자,여,55세,경상
2017070800100567,2017년 7월 8일 22시,토요일,인천광역시 서구 석남동,경상사고,0,0,1,0,차량단독 - 기타,안전운전불이행,건조,맑음,단일로 - 기타,승용,남,62세,상해없음,,,,
2017070800100597,2017년 7월 8일 23시,토요일,인천광역시 강화군 강화읍,경상사고,0,0,1,0,차대차 - 정면충돌,신호위반,건조,맑음,교차로 - 교차로안,승용,남,48세,상해없음,승합,여,50세,경상
2017070900100033,2017년 7월 9일 01시,일요일,인천광역시 부평구 부평동,중상사고,0,1,0,0,차대차 - 측면충돌,신호위반,건조,맑음,교차로 - 교차로안,승용,남,49세,기타불명,승용,남,25세,중상
2017070900100034,2017년 7월 9일 01시,일요일,인천광역시 서구 가좌동,경상사고,0,0,2,0,차대차 - 추돌,안전운전불이행,건조,맑음,교차로 - 교차로부근,승용,남,53세,상해없음,승용,남,55세,경상
2017070900100105,2017년 7월 9일 08시,일요일,인천광역시 남동구 만수동,경상사고,0,0,2,0,차대차 - 측면충돌,안전거리미확보,건조,맑음,단일로 - 기타,승용,남,35세,상해없음,승합,남,51세,경상
2017070900100140,2017년 7월 9일 10시,일요일,인천광역시 서구 가정동,경상사고,0,0,1,0,차대사람 - 길가장자리구역통행중,안전운전불이행,건조,맑음,단일로 - 기타,승용,여,63세,상해없음,보행자,여,75세,경상
2017070900100159,2017년 7월 9일 11시,일요일,인천광역시 부평구 부평동,경상사고,0,0,2,0,차대차 - 기타,안전운전불이행,건조,맑음,단일로 - 기타,승합,남,17세,상해없음,승용,남,65세,경상
2017070900100237,2017년 7월 9일 14시,일요일,인천광역시 중구 북성동1가,경상사고,0,0,1,0,차대사람 - 길가장자리구역통행중,안전운전불이행,건조,맑음,단일로 - 기타,화물,남,58세,상해없음,보행자,남,37세,경상
2017070900100238,2017년 7월 9일 14시,일요일,인천광역시 서구 검암동,중상사고,0,1,0,0,차대차 - 추돌,중앙선침범,건조,맑음,단일로 - 기타,승용,남,60세,상해없음,승용,남,33세,상해없음
2017070900100239,2017년 7월 9일 14시,일요일,인천광역시 계양구 효성동,경상사고,0,0,1,0,차대차 - 추돌,안전운전불이행,젖음/습기,흐림,단일로 - 기타,화물,남,52세,상해없음,승용,여,53세,경상
2017070900100315,2017년 7월 9일 17시,일요일,인천광역시 중구 운서동,중상사고,0,1,0,0,차대차 - 측면충돌,안전거리미확보,젖음/습기,흐림,단일로 - 기타,승용,남,21세,상해없음,승용,남,27세,중상
2017070900100316,2017년 7월 9일 17시,일요일,인천광역시 남동구 간석동,경상사고,0,0,1,0,차대사람 - 횡단중,안전운전불이행,건조,맑음,단일로 - 기타,승용,남,56세,상해없음,보행자,남,7세,경상
2017070900100317,2017년 7월 9일 17시,일요일,인천광역시 남동구 논현동,경상사고,0,0,2,0,차대차 - 추돌,안전운전불이행,건조,맑음,단일로 - 기타,승용,여,55세,상해없음,승용,남,63세,경상
2017070900100346,2017년 7월 9일 18시,일요일,인천광역시 남구 주안동,경상사고,0,0,1,0,차대사람 - 기타,안전운전불이행,건조,맑음,교차로 - 교차로부근,승합,남,53세,상해없음,보행자,여,76세,경상
2017071000100034,2017년 7월 10일 00시,월요일,인천광역시 남구 학익동,경상사고,0,0,3,0,차대차 - 추돌,안전운전불이행,젖음/습기,비,교차로 - 교차로안,승용,남,25세,기타불명,승합,남,40세,경상
2017071000100035,2017년 7월 10일 00시,월요일,인천광역시 연수구 송도동,경상사고,0,0,1,0,차대차 - 추돌,안전운전불이행,젖음/습기,비,단일로 - 교량,승용,남,23세,상해없음,화물,남,40세,경상
2017071000100080,2017년 7월 10일 06시,월요일,인천광역시 남동구 서창동,중상사고,0,1,0,0,차대사람 - 횡단중,보행자보호의무위반,젖음/습기,비,교차로 - 교차로횡단보도내,승용,남,48세,상해없음,보행자,남,50세,중상
2017071000100094,2017년 7월 10일 07시,월요일,인천광역시 부평구 십정동,경상사고,0,0,1,0,차대차 - 측면충돌,안전운전불이행,건조,맑음,교차로 - 교차로안,승용,남,19세,상해없음,승용,남,67세,경상
2017071000100095,2017년 7월 10일 07시,월요일,인천광역시 계양구 임학동,경상사고,0,0,1,0,차대차 - 측면충돌,안전운전불이행,젖음/습기,비,교차로 - 교차로부근,승합,남,65세,상해없음,승용,여,46세,경상
2017071000100126,2017년 7월 10일 08시,월요일,인천광역시 서구 금곡동,경상사고,0,0,1,0,차대사람 - 횡단중,보행자보호의무위반,젖음/습기,비,교차로 - 교차로안,화물,남,48세,상해없음,보행자,남,60세,경상
2017071000100127,2017년 7월 10일 08시,월요일,인천광역시 강화군 길상면,경상사고,0,0,6,0,차대차 - 기타,안전운전불이행,젖음/습기,비,단일로 - 기타,승합,남,62세,상해없음,화물,남,59세,상해없음
2017071000100196,2017년 7월 10일 10시,월요일,인천광역시 남동구 구월동,경상사고,0,0,2,0,차대차 - 측면충돌,안전운전불이행,젖음/습기,비,교차로 - 교차로부근,기타불명,기타불명,미분류,기타불명,승용,여,53세,경상
2017071000100247,2017년 7월 10일 12시,월요일,인천광역시 부평구 구산동,경상사고,0,0,1,0,차대차 - 추돌,안전거리미확보,젖음/습기,비,단일로 - 교량,화물,남,45세,상해없음,화물,남,36세,경상
2017071000100310,2017년 7월 10일 14시,월요일,인천광역시 남구 숭의동,경상사고,0,0,1,0,차대차 - 추돌,안전운전불이행,젖음/습기,비,교차로 - 교차로부근,승용,남,34세,상해없음,승용,남,62세,경상
2017071000100311,2017년 7월 10일 14시,월요일,인천광역시 남동구 구월동,경상사고,0,0,1,0,차대차 - 기타,안전운전불이행,건조,맑음,교차로 - 교차로안,승용,남,27세,상해없음,승합,남,56세,상해없음
2017071000100312,2017년 7월 10일 14시,월요일,인천광역시 서구 원창동,경상사고,0,0,1,0,차대차 - 측면충돌,신호위반,건조,맑음,교차로 - 교차로안,승용,여,46세,상해없음,승용,여,42세,경상
2017071000100313,2017년 7월 10일 14시,월요일,인천광역시 계양구 계산동,중상사고,0,1,0,0,차대차 - 추돌,안전운전불이행,젖음/습기,비,단일로 - 기타,승합,남,43세,상해없음,승용,남,58세,중상
2017071000100374,2017년 7월 10일 16시,월요일,인천광역시 서구 경서동,중상사고,0,1,0,0,차대차 - 추돌,안전운전불이행,건조,맑음,단일로 - 기타,승용,여,57세,상해없음,화물,남,34세,중상
2017071000100413,2017년 7월 10일 17시,월요일,인천광역시 남동구 고잔동,경상사고,0,0,3,0,차대차 - 측면충돌,안전운전불이행,젖음/습기,비,단일로 - 기타,승용,남,29세,상해없음,승용,남,54세,경상
2017071000100414,2017년 7월 10일 17시,월요일,인천광역시 남동구 논현동,중상사고,0,1,3,0,차대차 - 측면충돌,신호위반,젖음/습기,비,교차로 - 교차로안,이륜,남,26세,중상,승용,여,46세,경상
2017071000100447,2017년 7월 10일 18시,월요일,인천광역시 남동구 간석동,경상사고,0,0,1,0,차대사람 - 횡단중,기타,젖음/습기,비,단일로 - 기타,승용,남,54세,상해없음,보행자,여,57세,경상
2017071000100480,2017년 7월 10일 19시,월요일,인천광역시 남동구 구월동,경상사고,0,0,2,0,차대차 - 기타,안전운전불이행,젖음/습기,비,단일로 - 기타,승용,여,22세,상해없음,승용,남,55세,경상
2017071000100481,2017년 7월 10일 19시,월요일,인천광역시 서구 당하동,경상사고,0,0,1,0,차대차 - 추돌,안전운전불이행,젖음/습기,비,단일로 - 기타,승용,남,59세,상해없음,승용,남,41세,경상
2017071000100482,2017년 7월 10일 19시,월요일,인천광역시 연수구 옥련동,중상사고,0,1,0,0,차대사람 - 횡단중,안전운전불이행,젖음/습기,비,교차로 - 교차로부근,화물,남,41세,상해없음,보행자,여,75세,중상
2017071000100503,2017년 7월 10일 20시,월요일,인천광역시 계양구 박촌동,중상사고,0,1,0,0,차대사람 - 횡단중,안전운전불이행,젖음/습기,비,교차로 - 교차로안,승용,남,62세,상해없음,보행자,여,63세,중상
2017071000100533,2017년 7월 10일 21시,월요일,인천광역시 남구 주안동,경상사고,0,0,1,0,차대사람 - 길가장자리구역통행중,안전운전불이행,젖음/습기,비,기타 - 기타,기타불명,기타불명,미분류,기타불명,보행자,남,11세,경상
2017071000100534,2017년 7월 10일 21시,월요일,인천광역시 계양구 병방동,중상사고,0,1,1,0,차대차 - 정면충돌,신호위반,젖음/습기,비,교차로 - 교차로안,승용,여,50세,상해없음,승용,남,56세,경상
2017071000100535,2017년 7월 10일 21시,월요일,인천광역시 연수구 옥련동,중상사고,0,1,0,0,차대사람 - 횡단중,보행자보호의무위반,젖음/습기,비,교차로 - 교차로횡단보도내,승용,여,59세,상해없음,보행자,남,58세,중상
2017071000100536,2017년 7월 10일 21시,월요일,인천광역시 부평구 삼산동,사망사고,1,0,0,0,차대차 - 기타,안전운전불이행,젖음/습기,비,단일로 - 기타,승용,남,25세,상해없음,원동기,남,25세,사망
2017071000100537,2017년 7월 10일 21시,월요일,인천광역시 부평구 삼산동,경상사고,0,0,1,0,차대차 - 추돌,안전운전불이행,젖음/습기,비,단일로 - 기타,승용,남,46세,상해없음,승용,남,30세,경상
2017071000100538,2017년 7월 10일 21시,월요일,인천광역시 남동구 장수동,경상사고,0,0,1,0,차대차 - 추돌,안전운전불이행,젖음/습기,비,단일로 - 기타,화물,남,51세,상해없음,승용,남,24세,경상
2017071000100603,2017년 7월 10일 23시,월요일,인천광역시 부평구 산곡동,경상사고,0,0,1,0,차대차 - 추돌,안전운전불이행,젖음/습기,비,단일로 - 기타,승용,남,45세,상해없음,승용,여,50세,경상
2017071100100033,2017년 7월 11일 00시,화요일,인천광역시 부평구 부평동,중상사고,0,1,2,0,차대차 - 측면충돌,신호위반,젖음/습기,비,교차로 - 교차로안,승용,남,47세,상해없음,승용,남,38세,경상
2017071100100034,2017년 7월 11일 00시,화요일,인천광역시 남동구 간석동,경상사고,0,0,1,0,차대차 - 측면충돌,신호위반,젖음/습기,흐림,교차로 - 교차로안,승용,남,40세,상해없음,승합,여,60세,경상
2017071100100035,2017년 7월 11일 00시,화요일,인천광역시 계양구 작전동,경상사고,0,0,1,0,차대차 - 기타,신호위반,젖음/습기,흐림,교차로 - 교차로안,승용,여,53세,상해없음,이륜,남,17세,경상
2017071100100036,2017년 7월 11일 00시,화요일,인천광역시 부평구 삼산동,중상사고,0,1,0,0,차대차 - 추돌,안전운전불이행,젖음/습기,비,단일로 - 기타,승용,여,50세,상해없음,화물,남,61세,중상
2017071100100060,2017년 7월 11일 02시,화요일,인천광역시 연수구 선학동,경상사고,0,0,1,0,차대차 - 측면충돌,안전운전불이행,젖음/습기,비,교차로 - 교차로부근,승용,남,29세,상해없음,승용,남,25세,경상
2017071100100065,2017년 7월 11일 03시,화요일,인천광역시 남동구 간석동,중상사고,0,2,0,0,차대차 - 추돌,안전운전불이행,젖음/습기,흐림,교차로 - 교차로부근,화물,남,33세,상해없음,승용,남,47세,중상
2017071100100066,2017년 7월 11일 03시,화요일,인천광역시 서구 마전동,중상사고,0,1,1,0,차대차 - 추돌,안전운전불이행,건조,맑음,단일로 - 기타,승용,여,46세,상해없음,승용,남,68세,경상
2017071100100079,2017년 7월 11일 05시,화요일,인천광역시 서구 가좌동,중상사고,0,1,0,0,차량단독 - 전도전복,안전운전불이행,건조,맑음,단일로 - 기타,이륜,남,50세,중상,미분류,미분류,미분류,미분류
2017071100100145,2017년 7월 11일 08시,화요일,인천광역시 서구 백석동,경상사고,0,0,1,0,차대차 - 추돌,안전운전불이행,건조,맑음,기타 - 기타,승용,여,21세,상해없음,승용,여,35세,경상
2017071100100167,2017년 7월 11일 09시,화요일,인천광역시 부평구 십정동,중상사고,0,1,0,0,차대차 - 기타,안전운전불이행,건조,맑음,단일로 - 기타,승합,남,70세,상해없음,원동기,남,30세,중상
2017071100100168,2017년 7월 11일 09시,화요일,인천광역시 남동구 도림동,중상사고,0,1,1,0,차대차 - 정면충돌,중앙선침범,건조,맑음,교차로 - 교차로부근,승합,남,53세,상해없음,승용,남,66세,중상
2017071100100200,2017년 7월 11일 10시,화요일,인천광역시 서구 가좌동,경상사고,0,0,1,0,차대차 - 측면충돌,직진우회전진행방해,건조,맑음,교차로 - 교차로안,승용,남,54세,상해없음,승용,남,62세,경상
2017071100100201,2017년 7월 11일 10시,화요일,인천광역시 계양구 박촌동,경상사고,0,0,1,0,차대차 - 추돌,안전운전불이행,건조,맑음,교차로 - 교차로부근,승용,남,61세,상해없음,승용,여,38세,경상
2017071100100285,2017년 7월 11일 13시,화요일,인천광역시 부평구 부개동,경상사고,0,0,2,0,차대차 - 추돌,안전거리미확보,건조,맑음,교차로 - 교차로안,승용,여,42세,상해없음,승용,여,44세,경상
2017071100100316,2017년 7월 11일 14시,화요일,인천광역시 서구 연희동,경상사고,0,0,1,0,차대차 - 추돌,안전운전불이행,건조,맑음,단일로 - 기타,승용,여,48세,상해없음,승용,여,34세,경상
2017071100100317,2017년 7월 11일 14시,화요일,인천광역시 연수구 옥련동,중상사고,0,1,0,0,차대사람 - 횡단중,안전운전불이행,건조,맑음,기타 - 기타,자전거,남,11세,상해없음,보행자,남,78세,중상
2017071100100383,2017년 7월 11일 16시,화요일,인천광역시 남동구 만수동,경상사고,0,0,1,0,차대차 - 기타,중앙선침범,건조,맑음,단일로 - 기타,화물,남,30세,상해없음,승용,여,60세,경상
2017071100100427,2017년 7월 11일 17시,화요일,인천광역시 부평구 삼산동,중상사고,0,1,0,0,차대사람 - 횡단중,안전운전불이행,건조,맑음,기타 - 기타,승용,남,43세,상해없음,보행자,남,11세,중상
2017071100100470,2017년 7월 11일 18시,화요일,인천광역시 동구 송림동,경상사고,0,0,1,0,차대사람 - 횡단중,안전운전불이행,건조,맑음,교차로 - 교차로부근,기타불명,기타불명,미분류,기타불명,보행자,여,32세,경상
2017071100100576,2017년 7월 11일 21시,화요일,인천광역시 부평구 십정동,경상사고,0,0,3,0,차대차 - 측면충돌,신호위반,건조,맑음,교차로 - 교차로안,승용,남,27세,기타불명,승용,남,48세,경상
2017071100100599,2017년 7월 11일 22시,화요일,인천광역시 부평구 부평동,경상사고,0,0,1,0,차대사람 - 기타,신호위반,건조,맑음,단일로 - 기타,자전거,남,25세,상해없음,보행자,여,55세,경상
2017071100100625,2017년 7월 11일 23시,화요일,인천광역시 부평구 부평동,중상사고,0,1,1,0,차대차 - 추돌,안전거리미확보,건조,맑음,단일로 - 기타,승용,남,51세,상해없음,승용,남,37세,경상
2017071200100054,2017년 7월 12일 04시,수요일,인천광역시 계양구 계산동,경상사고,0,0,2,0,차대차 - 측면충돌,신호위반,건조,맑음,교차로 - 교차로안,승용,남,33세,상해없음,승합,남,47세,경상
2017071200100064,2017년 7월 12일 05시,수요일,인천광역시 서구 마전동,중상사고,0,1,0,0,차대사람 - 횡단중,안전운전불이행,건조,맑음,단일로 - 교량,승용,남,64세,상해없음,보행자,여,87세,중상
2017071200100138,2017년 7월 12일 08시,수요일,인천광역시 부평구 산곡동,중상사고,0,1,0,0,차대사람 - 횡단중,안전운전불이행,건조,맑음,단일로 - 기타,승합,남,59세,상해없음,보행자,여,75세,중상
2017071200100139,2017년 7월 12일 08시,수요일,인천광역시 부평구 갈산동,경상사고,0,0,1,0,차대사람 - 기타,안전운전불이행,건조,맑음,기타 - 기타,승용,남,34세,상해없음,보행자,여,42세,경상