사고번호,사고일시,요일,시군구,사고내용,사망자수,중상자수,경상자수,부상신고자수,사고유형,법규위반,노면상태,기상상태,도로형태,가해운전자 차종,가해운전자 성별,가해운전자 연령,가해운전자 상해정도,피해운전자 차종,피해운전자 성별,피해운전자 연령,피해운전자 상해정도
2017071700100548,2017년 7월 17일 20시,월요일,인천광역시 부평구 부평동,경상사고,0,0,1,0,차대차 - 측면충돌,교차로운행방법위반,건조,맑음,교차로 - 교차로안,승용,남,27세,상해없음,자전거,여,54세,경상
2017071700100549,2017년 7월 17일 20시,월요일,인천광역시 부평구 부평동,경상사고,0,0,1,0,차대차 - 측면충돌,기타,건조,맑음,단일로 - 기타,승용,여,65세,상해없음,이륜,남,27세,경상
2017071700100574,2017년 7월 17일 21시,월요일,인천광역시 남구 용현동,경상사고,0,0,1,0,차대차 - 기타,안전운전불이행,젖음/습기,비,단일로 - 기타,승합,남,61세,상해없음,이륜,남,22세,경상
2017071700100575,2017년 7월 17일 21시,월요일,인천광역시 부평구 갈산동,경상사고,0,0,1,0,차대차 - 기타,기타,젖음/습기,비,단일로 - 기타,승용,남,61세,상해없음,이륜,남,35세,경상
2017071700100597,2017년 7월 17일 22시,월요일,인천광역시 계양구 귤현동,경상사고,0,0,1,0,차대차 - 추돌,안전거리미확보,젖음/습기,비,교차로 - 교차로횡단보도내,승용,남,46세,상해없음,승용,남,37세,경상
2017071700100622,2017년 7월 17일 23시,월요일,인천광역시 남동구 구월동,경상사고,0,0,2,0,차대차 - 추돌,안전운전불이행,젖음/습기,흐림,교차로 - 교차로부근,승용,남,42세,상해없음,승용,남,48세,경상
2017071700100623,2017년 7월 17일 23시,월요일,인천광역시 서구 연희동,경상사고,0,0,3,0,차대차 - 기타,안전운전불이행,건조,맑음,교차로 - 교차로부근,승용,남,62세,경상,승용,여,51세,경상
2017071800100065,2017년 7월 18일 04시,화요일,인천광역시 서구 원창동,중상사고,0,1,0,0,차대차 - 측면충돌,신호위반,젖음/습기,비,교차로 - 교차로안,승용,남,46세,기타불명,승용,남,35세,중상
2017071800100154,2017년 7월 18일 09시,화요일,인천광역시 남동구 서창동,경상사고,0,0,1,0,차대차 - 기타,차로위반,건조,맑음,단일로 - 기타,건설기계,남,53세,상해없음,승용,여,31세,경상
2017071800100185,2017년 7월 18일 10시,화요일,인천광역시 계양구 작전동,경상사고,0,0,1,0,차대사람 - 횡단중,안전운전불이행,건조,맑음,교차로 - 교차로부근,승용,남,64세,상해없음,보행자,여,56세,경상
2017071800100322,2017년 7월 18일 15시,화요일,인천광역시 계양구 작전동,경상사고,0,0,1,0,차대차 - 측면충돌,신호위반,건조,맑음,단일로 - 기타,승용,남,59세,상해없음,자전거,여,64세,경상
2017071800100355,2017년 7월 18일 16시,화요일,인천광역시 남동구 구월동,중상사고,0,1,0,0,차대사람 - 횡단중,안전운전불이행,건조,맑음,단일로 - 기타,승용,여,49세,상해없음,보행자,여,68세,중상
2017071800100383,2017년 7월 18일 17시,화요일,인천광역시 부평구 부평동,경상사고,0,0,1,0,차대차 - 측면충돌,안전운전불이행,건조,맑음,교차로 - 교차로안,승용,남,17세,상해없음,승용,남,70세,경상
2017071800100384,2017년 7월 18일 17시,화요일,인천광역시 남동구 구월동,경상사고,0,0,1,0,차대사람 - 횡단중,안전운전불이행,건조,맑음,기타 - 기타,승용,여,45세,상해없음,보행자,남,6세,경상
2017071800100385,2017년 7월 18일 17시,화요일,인천광역시 남동구 간석동,경상사고,0,0,1,0,차대차 - 측면충돌,안전운전불이행,건조,맑음,교차로 - 교차로부근,승용,남,44세,상해없음,승용,남,37세,경상
2017071800100386,2017년 7월 18일 17시,화요일,인천광역시 서구 가좌동,경상사고,0,0,2,0,차대차 - 추돌,안전운전불이행,건조,맑음,단일로 - 기타,승용,남,50세,상해없음,승용,남,52세,경상
2017071800100485,2017년 7월 18일 20시,화요일,인천광역시 서구 연희동,중상사고,0,1,0,0,차대사람 - 길가장자리구역통행중,안전운전불이행,건조,맑음,단일로 - 기타,화물,남,35세,상해없음,보행자,여,60세,중상
2017071800100486,2017년 7월 18일 20시,화요일,인천광역시 강화군 강화읍,경상사고,0,0,2,0,차대차 - 추돌,안전운전불이행,건조,맑음,교차로 - 교차로부근,승용,여,56세,상해없음,승용,남,34세,경상
2017071800100517,2017년 7월 18일 21시,화요일,인천광역시 남구 주안동,경상사고,0,0,2,0,차대차 - 측면충돌,안전운전불이행,건조,맑음,교차로 - 교차로부근,승용,여,45세,상해없음,승용,남,30세,경상
2017071900100098,2017년 7월 19일 06시,수요일,인천광역시 서구 연희동,경상사고,0,0,1,0,차대차 - 측면충돌,안전운전불이행,건조,맑음,교차로 - 교차로부근,승용,여,45세,상해없음,자전거,여,53세,경상
2017071900100176,2017년 7월 19일 09시,수요일,인천광역시 부평구 십정동,경상사고,0,0,1,0,차대차 - 측면충돌,안전운전불이행,건조,맑음,단일로 - 기타,화물,남,41세,상해없음,승용,남,47세,경상
2017071900100177,2017년 7월 19일 09시,수요일,인천광역시 부평구 부개동,경상사고,0,0,1,0,차대차 - 측면충돌,교차로운행방법위반,건조,맑음,교차로 - 교차로안,승용,남,43세,상해없음,이륜,남,58세,경상
2017071900100210,2017년 7월 19일 10시,수요일,인천광역시 남동구 간석동,부상신고사고,0,0,0,1,차대차 - 정면충돌,중앙선침범,건조,맑음,교차로 - 교차로부근,승용,남,56세,상해없음,승용,여,33세,부상신고
2017071900100211,2017년 7월 19일 10시,수요일,인천광역시 부평구 일신동,중상사고,0,1,0,0,차대차 - 측면충돌,안전운전불이행,건조,맑음,단일로 - 기타,이륜,남,21세,상해없음,자전거,남,77세,중상
2017071900100284,2017년 7월 19일 13시,수요일,인천광역시 강화군 양도면,경상사고,0,0,3,0,차대차 - 추돌,안전운전불이행,건조,맑음,단일로 - 기타,이륜,남,75세,경상,승용,여,45세,경상
2017071900100315,2017년 7월 19일 14시,수요일,인천광역시 계양구 효성동,경상사고,0,0,1,0,차대사람 - 횡단중,보행자보호의무위반,건조,맑음,교차로 - 교차로안,화물,남,33세,상해없음,보행자,남,23세,경상
2017071900100347,2017년 7월 19일 15시,수요일,인천광역시 남구 문학동,부상신고사고,0,0,0,1,차대사람 - 횡단중,안전운전불이행,건조,맑음,기타 - 기타,기타불명,기타불명,미분류,기타불명,보행자,여,74세,부상신고
2017071900100439,2017년 7월 19일 17시,수요일,인천광역시 부평구 부개동,중상사고,0,1,0,0,차대사람 - 횡단중,신호위반,건조,맑음,단일로 - 기타,승용,남,60세,상해없음,보행자,남,8세,중상
2017071900100483,2017년 7월 19일 18시,수요일,인천광역시 남동구 만수동,경상사고,0,0,1,0,차대차 - 후진중충돌,안전운전불이행,건조,맑음,주차장 - 주차장,화물,남,57세,상해없음,승용,남,39세,경상
2017071900100515,2017년 7월 19일 19시,수요일,인천광역시 남동구 간석동,경상사고,0,0,2,0,차대차 - 측면충돌,안전운전불이행,건조,맑음,교차로 - 교차로부근,이륜,남,33세,경상,승용,남,63세,상해없음
2017071900100516,2017년 7월 19일 19시,수요일,인천광역시 서구 경서동,경상사고,0,0,2,3,차대차 - 측면충돌,신호위반,건조,맑음,교차로 - 교차로안,승용,남,51세,상해없음,승용,남,56세,경상
2017071900100517,2017년 7월 19일 19시,수요일,인천광역시 서구 당하동,중상사고,0,1,0,0,차대사람 - 횡단중,안전운전불이행,건조,맑음,단일로 - 기타,승용,남,42세,상해없음,보행자,남,36세,중상
2017071900100606,2017년 7월 19일 22시,수요일,인천광역시 계양구 계산동,중상사고,0,1,1,0,차대차 - 측면충돌,안전운전불이행,건조,맑음,교차로 - 교차로안,승용,남,28세,상해없음,이륜,남,25세,중상
2017071900100622,2017년 7월 19일 23시,수요일,인천광역시 남동구 논현동,중상사고,0,1,0,0,차대차 - 기타,안전운전불이행,건조,맑음,단일로 - 기타,승용,남,34세,상해없음,승용,남,40세,중상
2017072000100035,2017년 7월 20일 00시,목요일,인천광역시 서구 경서동,경상사고,0,0,2,0,차대차 - 측면충돌,안전운전불이행,건조,맑음,교차로 - 교차로안,승용,남,40세,상해없음,승용,여,21세,경상
2017072000100036,2017년 7월 20일 00시,목요일,인천광역시 서구 가좌동,경상사고,0,0,2,0,차대차 - 측면충돌,신호위반,건조,맑음,교차로 - 교차로안,화물,남,54세,상해없음,화물,남,43세,경상
2017072000100037,2017년 7월 20일 00시,목요일,인천광역시 계양구 계산동,경상사고,0,0,4,0,차대차 - 기타,신호위반,젖음/습기,흐림,교차로 - 교차로안,승용,남,49세,경상,승용,남,55세,경상
2017072000100044,2017년 7월 20일 01시,목요일,인천광역시 부평구 삼산동,부상신고사고,0,0,0,4,차대차 - 측면충돌,안전거리미확보,건조,맑음,단일로 - 기타,승용,여,32세,상해없음,승용,남,41세,부상신고
2017072000100069,2017년 7월 20일 04시,목요일,인천광역시 남구 주안동,중상사고,0,1,0,0,차대사람 - 횡단중,신호위반,건조,맑음,기타 - 기타,승용,남,30세,상해없음,보행자,여,55세,중상
2017072000100079,2017년 7월 20일 05시,목요일,인천광역시 남구 숭의동,부상신고사고,0,0,0,2,차대차 - 측면충돌,신호위반,건조,맑음,교차로 - 교차로안,승용,남,73세,상해없음,승용,남,22세,부상신고
2017072000100091,2017년 7월 20일 06시,목요일,인천광역시 부평구 부개동,경상사고,0,0,1,0,차량단독 - 기타,안전운전불이행,건조,맑음,단일로 - 기타,승합,남,62세,상해없음,,,,
2017072000100114,2017년 7월 20일 07시,목요일,인천광역시 남동구 남촌동,부상신고사고,0,0,0,1,차대차 - 측면충돌,안전운전불이행,건조,맑음,교차로 - 교차로안,승합,남,52세,상해없음,자전거,여,36세,부상신고
2017072000100115,2017년 7월 20일 07시,목요일,인천광역시 남동구 간석동,경상사고,0,0,1,0,차대차 - 추돌,안전운전불이행,건조,맑음,단일로 - 기타,화물,남,59세,상해없음,화물,남,37세,경상
2017072000100116,2017년 7월 20일 07시,목요일,인천광역시 계양구 효성동,중상사고,0,2,0,0,차대차 - 측면충돌,신호위반,건조,맑음,교차로 - 교차로안,승용,남,60세,상해없음,승용,남,27세,중상
2017072000100155,2017년 7월 20일 08시,목요일,인천광역시 중구 운서동,경상사고,0,0,2,0,차량단독 - 전도전복 - 전도,안전운전불이행,건조,맑음,교차로 - 교차로안,승용,남,52세,상해없음,,,,
2017072000100217,2017년 7월 20일 10시,목요일,인천광역시 서구 가좌동,중상사고,0,2,0,0,차대차 - 측면충돌,안전운전불이행,건조,맑음,단일로 - 기타,승용,남,59세,상해없음,화물,남,64세,중상
2017072000100254,2017년 7월 20일 11시,목요일,인천광역시 남동구 간석동,중상사고,0,1,0,0,차대사람 - 횡단중,보행자보호의무위반,건조,맑음,단일로 - 기타,승용,남,63세,상해없음,보행자,남,41세,중상
2017072000100312,2017년 7월 20일 13시,목요일,인천광역시 중구 신흥동3가,경상사고,0,0,3,0,차대차 - 측면충돌,안전운전불이행,건조,맑음,교차로 - 교차로부근,건설기계,남,45세,상해없음,승용,여,51세,경상
2017072000100329,2017년 7월 20일 14시,목요일,인천광역시 부평구 십정동,경상사고,0,0,2,0,차대차 - 측면충돌,안전운전불이행,건조,맑음,단일로 - 기타,승용,여,35세,상해없음,승합,여,30세,경상
2017072000100385,2017년 7월 20일 16시,목요일,인천광역시 중구 중산동,중상사고,0,5,1,0,차대차 - 측면충돌,신호위반,건조,맑음,교차로 - 교차로안,승합,남,24세,중상,건설기계,남,48세,경상
2017072000100427,2017년 7월 20일 17시,목요일,인천광역시 남동구 구월동,경상사고,0,0,6,0,차대차 - 측면충돌,안전운전불이행,건조,맑음,단일로 - 기타,승용,남,66세,상해없음,승용,남,64세,경상
2017072000100428,2017년 7월 20일 17시,목요일,인천광역시 서구 가좌동,경상사고,0,0,1,0,차대차 - 측면충돌,안전운전불이행,건조,맑음,단일로 - 기타,화물,남,54세,상해없음,승용,남,46세,경상
2017072000100506,2017년 7월 20일 19시,목요일,인천광역시 남구 주안동,경상사고,0,0,1,0,차대사람 - 보도통행중,안전거리미확보,건조,맑음,기타 - 기타,자전거,남,14세,상해없음,보행자,남,35세,경상
2017072000100507,2017년 7월 20일 19시,목요일,인천광역시 연수구 선학동,경상사고,0,0,2,0,차대차 - 추돌,안전운전불이행,건조,맑음,교차로 - 교차로부근,승용,남,28세,상해없음,승용,남,32세,경상
2017072000100539,2017년 7월 20일 20시,목요일,인천광역시 남동구 구월동,경상사고,0,0,1,0,차대차 - 측면충돌,신호위반,건조,맑음,교차로 - 교차로안,승용,남,48세,상해없음,이륜,남,17세,경상
2017072000100568,2017년 7월 20일 21시,목요일,인천광역시 남구 도화동,경상사고,0,0,1,0,차대차 - 측면충돌,안전운전불이행,건조,맑음,단일로 - 기타,승용,여,61세,상해없음,승용,여,34세,경상
2017072000100569,2017년 7월 20일 21시,목요일,인천광역시 서구 연희동,경상사고,0,0,3,0,차대차 - 측면충돌,안전운전불이행,건조,맑음,교차로 - 교차로부근,승용,남,46세,상해없음,승용,남,39세,경상
2017072000100590,2017년 7월 20일 22시,목요일,인천광역시 남구 주안동,경상사고,0,0,1,0,차대사람 - 횡단중,안전운전불이행,건조,기타,단일로 - 기타,승용,남,24세,기타불명,보행자,여,49세,경상
2017072000100591,2017년 7월 20일 22시,목요일,인천광역시 부평구 산곡동,중상사고,0,1,0,0,차대차 - 측면충돌,신호위반,건조,맑음,교차로 - 교차로안,승용,남,52세,상해없음,이륜,남,27세,중상
2017072000100592,2017년 7월 20일 22시,목요일,인천광역시 남동구 만수동,중상사고,0,1,0,0,차대차 - 기타,안전운전불이행,건조,맑음,교차로 - 교차로안,승용,남,34세,상해없음,이륜,남,22세,중상
2017072000100616,2017년 7월 20일 23시,목요일,인천광역시 강화군 길상면,중상사고,0,1,0,0,차량단독 - 공작물충돌,안전거리미확보,건조,맑음,단일로 - 기타,이륜,남,35세,중상,,,,
2017072000100617,2017년 7월 20일 23시,목요일,인천광역시 부평구 부개동,경상사고,0,0,1,0,차대차 - 추돌,안전운전불이행,건조,맑음,단일로 - 기타,승용,남,54세,상해없음,승용,남,40세,상해없음
2017072100100095,2017년 7월 21일 07시,금요일,인천광역시 서구 원창동,경상사고,0,0,1,0,차대차 - 기타,안전운전불이행,건조,맑음,기타 - 기타,화물,남,39세,상해없음,승합,남,54세,상해없음
2017072100100096,2017년 7월 21일 07시,금요일,인천광역시 부평구 청천동,중상사고,0,4,0,0,차대차 - 추돌,안전운전불이행,건조,맑음,단일로 - 기타,승용,남,24세,상해없음,승용,남,59세,중상
2017072100100130,2017년 7월 21일 08시,금요일,인천광역시 중구 도원동,부상신고사고,0,0,0,1,차대사람 - 횡단중,안전운전불이행,건조,맑음,단일로 - 기타,기타불명,기타불명,미분류,기타불명,보행자,여,16세,부상신고
2017072100100131,2017년 7월 21일 08시,금요일,인천광역시 남동구 수산동,경상사고,0,0,1,0,차대차 - 측면충돌,안전거리미확보,건조,맑음,단일로 - 기타,화물,남,60세,상해없음,승용,여,36세,경상
2017072100100199,2017년 7월 21일 10시,금요일,인천광역시 남동구 만수동,경상사고,0,0,1,0,차대차 - 정면충돌,교차로운행방법위반,건조,맑음,교차로 - 교차로안,승용,남,35세,상해없음,이륜,남,40세,경상
2017072100100200,2017년 7월 21일 10시,금요일,인천광역시 남구 관교동,중상사고,0,1,0,0,차대차 - 측면충돌,신호위반,건조,맑음,교차로 - 교차로안,승용,여,54세,상해없음,이륜,남,34세,중상
2017072100100230,2017년 7월 21일 11시,금요일,인천광역시 서구 가정동,부상신고사고,0,0,0,2,차대차 - 측면충돌,신호위반,건조,맑음,교차로 - 교차로안,승용,남,70세,상해없음,승용,남,70세,부상신고
2017072100100231,2017년 7월 21일 11시,금요일,인천광역시 남동구 남촌동,경상사고,0,0,1,0,차대차 - 측면충돌,안전거리미확보,건조,맑음,단일로 - 기타,승용,남,26세,상해없음,승용,남,46세,경상
2017072100100299,2017년 7월 21일 13시,금요일,인천광역시 중구 인현동,경상사고,0,0,1,0,차대차 - 측면충돌,신호위반,건조,맑음,교차로 - 교차로안,승용,여,51세,상해없음,승용,남,76세,경상
2017072100100300,2017년 7월 21일 13시,금요일,인천광역시 남구 용현동,경상사고,0,0,2,0,차대차 - 측면충돌,안전운전불이행,건조,맑음,단일로 - 기타,승용,남,59세,상해없음,이륜,여,60세,경상
2017072100100324,2017년 7월 21일 14시,금요일,인천광역시 동구 송현동,경상사고,0,0,1,0,차대차 - 측면충돌,안전운전불이행,건조,맑음,교차로 - 교차로안,화물,남,38세,상해없음,자전거,남,11세,경상
2017072100100325,2017년 7월 21일 14시,금요일,인천광역시 남구 도화동,경상사고,0,0,1,0,차대차 - 측면충돌,안전운전불이행,건조,맑음,교차로 - 교차로안,승용,남,63세,상해없음,승용,여,40세,경상
2017072100100326,2017년 7월 21일 14시,금요일,인천광역시 남구 도화동,중상사고,0,1,0,0,차대차 - 측면충돌,안전운전불이행,건조,맑음,단일로 - 기타,승합,여,67세,상해없음,자전거,남,80세,중상
2017072100100363,2017년 7월 21일 15시,금요일,인천광역시 남동구 간석동,중상사고,0,1,0,0,차대차 - 추돌,차로위반,건조,맑음,단일로 - 기타,승용,남,37세,상해없음,승용,남,48세,중상
2017072100100364,2017년 7월 21일 15시,금요일,인천광역시 계양구 동양동,경상사고,0,0,1,0,차대차 - 기타,안전운전불이행,건조,맑음,교차로 - 교차로안,기타불명,기타불명,미분류,기타불명,원동기,남,16세,경상
2017072100100365,2017년 7월 21일 15시,금요일,인천광역시 부평구 부평동,경상사고,0,0,1,0,차대차 - 후진중충돌,안전운전불이행,건조,맑음,교차로 - 교차로부근,화물,남,50세,상해없음,승용,남,49세,경상
2017072100100407,2017년 7월 21일 16시,금요일,인천광역시 부평구 청천동,중상사고,0,1,0,0,차대사람 - 기타,안전운전불이행,건조,맑음,단일로 - 기타,승용,여,33세,상해없음,보행자,남,13세,중상
2017072100100408,2017년 7월 21일 16시,금요일,인천광역시 부평구 산곡동,중상사고,0,1,0,0,차대사람 - 횡단중,안전운전불이행,건조,맑음,교차로 - 교차로안,승용,여,50세,상해없음,보행자,여,61세,중상
2017072100100409,2017년 7월 21일 16시,금요일,인천광역시 부평구 산곡동,경상사고,0,0,2,0,차대차 - 기타,안전운전불이행,건조,맑음,단일로 - 기타,특수,남,68세,상해없음,승합,여,37세,경상
2017072100100410,2017년 7월 21일 16시,금요일,인천광역시 남동구 남촌동,경상사고,0,0,1,0,차대차 - 측면충돌,안전운전불이행,건조,맑음,단일로 - 기타,승용,여,49세,상해없음,이륜,남,52세,경상
2017072100100411,2017년 7월 21일 16시,금요일,인천광역시 서구 신현동,중상사고,0,1,0,0,차대차 - 측면충돌,신호위반,건조,맑음,교차로 - 교차로부근,이륜,남,62세,중상,승용,여,51세,상해없음
2017072100100412,2017년 7월 21일 16시,금요일,인천광역시 강화군 선원면,경상사고,0,0,1,0,차대차 - 추돌,안전운전불이행,건조,맑음,교차로 - 교차로부근,승용,남,68세,상해없음,승용,여,62세,경상
2017072100100450,2017년 7월 21일 17시,금요일,인천광역시 서구 가좌동,경상사고,0,0,1,0,차대차 - 측면충돌,신호위반,건조,맑음,교차로 - 교차로안,이륜,남,16세,상해없음,승용,남,46세,경상
2017072100100488,2017년 7월 21일 18시,금요일,인천광역시 중구 신흥동3가,경상사고,0,0,2,0,차대차 - 측면충돌,안전운전불이행,건조,맑음,단일로 - 기타,건설기계,남,26세,상해없음,승용,남,53세,경상
2017072100100489,2017년 7월 21일 18시,금요일,인천광역시 부평구 갈산동,경상사고,0,0,2,0,차대차 - 기타,안전운전불이행,건조,맑음,단일로 - 기타,원동기,남,32세,경상,승합,남,53세,상해없음
2017072100100526,2017년 7월 21일 19시,금요일,인천광역시 부평구 십정동,경상사고,0,0,3,0,차대차 - 추돌,안전운전불이행,건조,맑음,단일로 - 기타,승용,남,17세,상해없음,승용,남,35세,경상
2017072100100527,2017년 7월 21일 19시,금요일,인천광역시 남동구 만수동,중상사고,0,1,2,0,차대사람 - 차도통행중,안전운전불이행,건조,맑음,단일로 - 기타,승합,남,64세,상해없음,보행자,여,63세,중상
2017072100100528,2017년 7월 21일 19시,금요일,인천광역시 강화군 길상면,경상사고,0,0,2,0,차대차 - 정면충돌,교차로운행방법위반,건조,맑음,교차로 - 교차로안,화물,남,76세,상해없음,승용,여,42세,경상
2017072100100529,2017년 7월 21일 19시,금요일,인천광역시 연수구 옥련동,중상사고,0,1,0,0,차대차 - 측면충돌,기타,건조,맑음,교차로 - 교차로안,승용,남,63세,상해없음,원동기,남,56세,중상
2017072100100601,2017년 7월 21일 21시,금요일,인천광역시 서구 석남동,경상사고,0,0,2,0,차대차 - 추돌,안전운전불이행,건조,맑음,단일로 - 기타,승용,여,41세,상해없음,승용,남,44세,경상
2017072100100664,2017년 7월 21일 23시,금요일,인천광역시 중구 인현동,경상사고,0,0,1,0,차대사람 - 횡단중,안전운전불이행,건조,맑음,기타 - 기타,승용,남,56세,상해없음,보행자,남,28세,경상
2017072200100037,2017년 7월 22일 00시,토요일,인천광역시 남동구 논현동,경상사고,0,0,1,0,차대차 - 측면충돌,신호위반,건조,흐림,교차로 - 교차로안,승용,남,24세,상해없음,승용,남,53세,경상
2017072200100058,2017년 7월 22일 01시,토요일,인천광역시 부평구 부평동,경상사고,0,0,1,0,차대사람 - 횡단중,안전운전불이행,건조,맑음,기타 - 기타,기타불명,기타불명,미분류,기타불명,보행자,남,21세,경상
2017072200100071,2017년 7월 22일 02시,토요일,인천광역시 부평구 삼산동,중상사고,0,3,0,0,차대차 - 정면충돌,신호위반,건조,맑음,교차로 - 교차로안,승용,남,52세,중상,승용,남,54세,중상
2017072200100084,2017년 7월 22일 03시,토요일,인천광역시 남동구 수산동,부상신고사고,0,0,0,1,차대차 - 정면충돌,안전운전불이행,건조,맑음,교차로 - 교차로부근,기타불명,기타불명,미분류,기타불명,승용,여,49세,부상신고
2017072200100121,2017년 7월 22일 06시,토요일,인천광역시 서구 공촌동,중상사고,0,1,1,0,차대차 - 추돌,안전운전불이행,건조,맑음,단일로 - 기타,승용,남,62세,상해없음,승용,남,58세,중상
2017072200100166,2017년 7월 22일 08시,토요일,인천광역시 강화군 길상면,중상사고,0,1,1,0,차대차 - 정면충돌,중앙선침범,건조,맑음,단일로 - 기타,건설기계,남,43세,경상,화물,남,60세,중상
2017072200100214,2017년 7월 22일 10시,토요일,인천광역시 서구 연희동,경상사고,0,0,1,0,차대차 - 추돌,안전운전불이행,건조,맑음,교차로 - 교차로부근,승용,여,63세,상해없음,승용,여,33세,경상
2017072200100243,2017년 7월 22일 11시,토요일,인천광역시 중구 운남동,경상사고,0,0,1,0,차대차 - 추돌,안전거리미확보,건조,흐림,단일로 - 기타,승용,여,42세,상해없음,승용,남,43세,경상
2017072200100244,2017년 7월 22일 11시,토요일,인천광역시 계양구 동양동,부상신고사고,0,0,0,1,차대차 - 기타,안전운전불이행,건조,맑음,단일로 - 기타,기타불명,기타불명,미분류,기타불명,승용,여,36세,상해없음
2017072200100291,2017년 7월 22일 12시,토요일,인천광역시 옹진군 영흥면,사망사고,1,0,0,1,차량단독 - 공작물충돌,안전운전불이행,건조,흐림,교차로 - 교차로부근,자전거,남,48세,사망,,,,
2017072200100292,2017년 7월 22일 12시,토요일,인천광역시 계양구 효성동,경상사고,0,0,3,0,차대차 - 정면충돌,안전운전불이행,건조,맑음,교차로 - 교차로부근,승용,남,23세,상해없음,승용,남,46세,경상
2017072200100374,2017년 7월 22일 14시,토요일,인천광역시 남동구 구월동,경상사고,0,0,1,0,차대차 - 측면충돌,차로위반,건조,맑음,단일로 - 기타,승용,남,60세,상해없음,이륜,남,33세,경상
2017072200100375,2017년 7월 22일 14시,토요일,인천광역시 계양구 계산동,경상사고,0,0,1,0,차대차 - 측면충돌,기타,건조,맑음,교차로 - 교차로부근,승용,남,60세,상해없음,자전거,여,51세,경상
2017072200100376,2017년 7월 22일 14시,토요일,인천광역시 강화군 길상면,중상사고,0,1,0,0,차대차 - 측면충돌,중앙선침범,건조,맑음,단일로 - 기타,승용,남,66세,상해없음,이륜,남,28세,중상
2017072200100442,2017년 7월 22일 16시,토요일,인천광역시 중구 운남동,부상신고사고,0,0,0,1,차대차 - 측면충돌,안전거리미확보,건조,맑음,단일로 - 기타,원동기,남,17세,부상신고,승용,여,30세,상해없음
2017072200100443,2017년 7월 22일 16시,토요일,인천광역시 남동구 도림동,중상사고,0,2,1,0,차대차 - 추돌,안전운전불이행,건조,맑음,단일로 - 기타,승용,남,37세,상해없음,승용,남,69세,경상
2017072200100444,2017년 7월 22일 16시,토요일,인천광역시 서구 불로동,경상사고,0,0,1,0,차대차 - 측면충돌,안전운전불이행,건조,맑음,단일로 - 기타,승용,남,33세,상해없음,승용,남,23세,경상
2017072200100445,2017년 7월 22일 16시,토요일,인천광역시 서구 석남동,경상사고,0,0,1,0,차대차 - 측면충돌,안전운전불이행,건조,맑음,단일로 - 고가도로위,승용,여,39세,상해없음,승용,여,53세,경상
2017072200100482,2017년 7월 22일 17시,토요일,인천광역시 계양구 계산동,경상사고,0,0,1,0,차대사람 - 길가장자리구역통행중,안전운전불이행,건조,맑음,단일로 - 기타,화물,남,61세,상해없음,보행자,남,51세,경상
2017072200100483,2017년 7월 22일 17시,토요일,인천광역시 부평구 삼산동,중상사고,0,2,1,0,차대차 - 추돌,안전운전불이행,건조,맑음,교차로 - 교차로부근,승용,남,59세,상해없음,승용,남,27세,경상
2017072200100597,2017년 7월 22일 20시,토요일,인천광역시 연수구 옥련동,경상사고,0,0,1,0,차대사람 - 기타,안전운전불이행,건조,맑음,단일로 - 기타,승용,남,39세,상해없음,보행자,남,49세,경상
2017072200100621,2017년 7월 22일 21시,토요일,인천광역시 서구 석남동,중상사고,0,1,0,0,차량단독 - 기타,안전운전불이행,건조,맑음,단일로 - 기타,승합,남,63세,상해없음,,,,
2017072200100635,2017년 7월 22일 22시,토요일,인천광역시 서구 가좌동,경상사고,0,0,1,0,차대차 - 측면충돌,안전운전불이행,건조,맑음,교차로 - 교차로안,승용,남,29세,상해없음,자전거,남,58세,경상
2017072200100660,2017년 7월 22일 23시,토요일,인천광역시 남구 학익동,경상사고,0,0,2,0,차대차 - 측면충돌,안전운전불이행,건조,기타,기타 - 기타,이륜,남,17세,기타불명,승용,남,47세,경상
2017072200100661,2017년 7월 22일 23시,토요일,인천광역시 남동구 구월동,경상사고,0,0,1,0,차대사람 - 횡단중,신호위반,건조,맑음,교차로 - 교차로횡단보도내,승용,남,47세,상해없음,보행자,남,47세,경상
2017072300100029,2017년 7월 23일 00시,일요일,인천광역시 남동구 구월동,경상사고,0,0,1,0,차대사람 - 횡단중,안전운전불이행,건조,맑음,교차로 - 교차로부근,승용,남,58세,상해없음,보행자,여,34세,경상
2017072300100066,2017년 7월 23일 03시,일요일,인천광역시 중구 운서동,중상사고,0,1,1,0,차대차 - 측면충돌,신호위반,젖음/습기,기타,교차로 - 교차로안,승용,남,24세,상해없음,승용,남,25세,중상
2017072300100095,2017년 7월 23일 06시,일요일,인천광역시 부평구 청천동,경상사고,0,0,2,0,차대차 - 기타,신호위반,젖음/습기,비,교차로 - 교차로안,승용,여,51세,상해없음,승용,여,61세,경상
2017072300100181,2017년 7월 23일 11시,일요일,인천광역시 남동구 간석동,중상사고,0,1,0,0,차대사람 - 길가장자리구역통행중,안전운전불이행,건조,맑음,단일로 - 기타,승용,여,57세,상해없음,보행자,남,77세,중상