사고번호,사고일시,요일,시군구,사고내용,사망자수,중상자수,경상자수,부상신고자수,사고유형,법규위반,노면상태,기상상태,도로형태,가해운전자 차종,가해운전자 성별,가해운전자 연령,가해운전자 상해정도,피해운전자 차종,피해운전자 성별,피해운전자 연령,피해운전자 상해정도
2017072800100320,2017년 7월 28일 13시,금요일,인천광역시 서구 석남동,경상사고,0,0,1,0,차대차 - 추돌,안전거리미확보,건조,맑음,단일로 - 기타,화물,남,37세,상해없음,승용,남,52세,경상
2017072800100350,2017년 7월 28일 14시,금요일,인천광역시 부평구 산곡동,경상사고,0,0,1,0,차대차 - 측면충돌,신호위반,건조,맑음,교차로 - 교차로안,승용,남,39세,상해없음,승합,남,28세,경상
2017072800100389,2017년 7월 28일 15시,금요일,인천광역시 남동구 고잔동,경상사고,0,0,7,0,차대차 - 측면충돌,안전거리미확보,젖음/습기,흐림,단일로 - 기타,승용,여,36세,상해없음,승합,남,56세,경상
2017072800100462,2017년 7월 28일 17시,금요일,인천광역시 남동구 구월동,경상사고,0,0,1,0,차대차 - 측면충돌,신호위반,건조,맑음,교차로 - 교차로부근,승용,남,72세,상해없음,이륜,남,50세,경상
2017072800100463,2017년 7월 28일 17시,금요일,인천광역시 부평구 부개동,경상사고,0,0,1,0,차대차 - 후진중충돌,안전운전불이행,건조,맑음,주차장 - 주차장,승용,여,43세,상해없음,승용,남,39세,경상
2017072800100496,2017년 7월 28일 18시,금요일,인천광역시 남동구 간석동,경상사고,0,0,5,0,차대차 - 측면충돌,기타,건조,맑음,단일로 - 고가도로위,승용,남,62세,상해없음,승용,남,18세,경상
2017072800100532,2017년 7월 28일 19시,금요일,인천광역시 남동구 장수동,경상사고,0,0,2,0,차대차 - 정면충돌,중앙선침범,건조,맑음,단일로 - 기타,승용,여,39세,상해없음,화물,남,57세,경상
2017072800100571,2017년 7월 28일 20시,금요일,인천광역시 중구 운서동,중상사고,0,1,1,0,차대차 - 기타,안전거리미확보,건조,맑음,단일로 - 기타,승용,남,54세,상해없음,승용,남,36세,경상
2017072800100617,2017년 7월 28일 21시,금요일,인천광역시 서구 왕길동,경상사고,0,0,1,0,차대사람 - 횡단중,안전운전불이행,건조,맑음,단일로 - 기타,승용,남,22세,상해없음,보행자,남,23세,경상
2017072800100618,2017년 7월 28일 21시,금요일,인천광역시 서구 마전동,경상사고,0,0,1,0,차대차 - 정면충돌,교차로운행방법위반,건조,맑음,교차로 - 교차로안,이륜,남,18세,상해없음,이륜,남,38세,경상
2017072800100647,2017년 7월 28일 22시,금요일,인천광역시 중구 중산동,경상사고,0,0,4,0,차대차 - 측면충돌,안전운전불이행,건조,맑음,단일로 - 기타,승용,여,32세,상해없음,승용,남,34세,경상
2017072800100648,2017년 7월 28일 22시,금요일,인천광역시 계양구 계산동,중상사고,0,1,0,0,차대사람 - 기타,안전운전불이행,젖음/습기,맑음,단일로 - 기타,자전거,남,25세,상해없음,보행자,남,45세,중상
2017072800100675,2017년 7월 28일 23시,금요일,인천광역시 부평구 부평동,경상사고,0,0,1,0,차대차 - 추돌,안전운전불이행,건조,맑음,기타 - 기타,승용,남,21세,상해없음,승용,남,54세,경상
2017072900100071,2017년 7월 29일 02시,토요일,인천광역시 남동구 남촌동,중상사고,0,1,0,0,차대사람 - 보도통행중,보행자보호의무위반,건조,맑음,교차로 - 교차로횡단보도내,승용,남,56세,상해없음,보행자,남,88세,중상
2017072900100072,2017년 7월 29일 02시,토요일,인천광역시 연수구 청학동,경상사고,0,0,2,0,차대차 - 측면충돌,안전거리미확보,건조,맑음,단일로 - 기타,승용,남,37세,상해없음,승용,여,54세,경상
2017072900100091,2017년 7월 29일 03시,토요일,인천광역시 남동구 구월동,경상사고,0,0,1,0,차대차 - 추돌,안전운전불이행,건조,맑음,교차로 - 교차로부근,이륜,남,24세,상해없음,승용,남,59세,경상
2017072900100092,2017년 7월 29일 03시,토요일,인천광역시 서구 검암동,부상신고사고,0,0,0,1,차량단독 - 공작물충돌,안전운전불이행,건조,맑음,단일로 - 기타,승용,남,27세,부상신고,,,,
2017072900100152,2017년 7월 29일 07시,토요일,인천광역시 남동구 간석동,경상사고,0,0,1,0,차대차 - 정면충돌,안전운전불이행,건조,맑음,단일로 - 기타,승용,여,54세,상해없음,승용,남,60세,상해없음
2017072900100177,2017년 7월 29일 08시,토요일,인천광역시 계양구 작전동,경상사고,0,0,1,0,차대차 - 추돌,안전운전불이행,건조,맑음,단일로 - 기타,승용,남,49세,상해없음,승용,남,49세,상해없음
2017072900100226,2017년 7월 29일 10시,토요일,인천광역시 부평구 부개동,중상사고,0,1,0,0,차대사람 - 횡단중,안전운전불이행,건조,맑음,교차로 - 교차로안,승용,남,23세,상해없음,보행자,남,6세,중상
2017072900100249,2017년 7월 29일 11시,토요일,인천광역시 계양구 계산동,경상사고,0,0,2,0,차대차 - 측면충돌,안전운전불이행,건조,맑음,기타 - 기타,승용,남,34세,상해없음,화물,남,52세,경상
2017072900100290,2017년 7월 29일 12시,토요일,인천광역시 남동구 구월동,부상신고사고,0,0,0,1,차대사람 - 횡단중,안전운전불이행,건조,맑음,교차로 - 교차로부근,기타불명,기타불명,미분류,기타불명,보행자,남,73세,부상신고
2017072900100361,2017년 7월 29일 14시,토요일,인천광역시 동구 송림동,경상사고,0,0,5,0,차대차 - 측면충돌,차로위반,건조,맑음,단일로 - 기타,건설기계,남,57세,상해없음,승용,남,58세,경상
2017072900100432,2017년 7월 29일 16시,토요일,인천광역시 남동구 구월동,부상신고사고,0,0,0,1,차대사람 - 길가장자리구역통행중,안전운전불이행,건조,맑음,단일로 - 기타,기타불명,기타불명,미분류,기타불명,보행자,여,19세,부상신고
2017072900100433,2017년 7월 29일 16시,토요일,인천광역시 계양구 작전동,경상사고,0,0,2,0,차대차 - 기타,안전운전불이행,건조,맑음,단일로 - 기타,승용,남,25세,상해없음,승용,여,59세,경상
2017072900100434,2017년 7월 29일 16시,토요일,인천광역시 강화군 양도면,중상사고,0,3,0,0,차대차 - 정면충돌,안전운전불이행,건조,맑음,단일로 - 기타,화물,남,65세,상해없음,승용,여,67세,중상
2017072900100464,2017년 7월 29일 17시,토요일,인천광역시 남구 주안동,경상사고,0,0,1,0,차대차 - 추돌,안전운전불이행,건조,맑음,단일로 - 기타,승용,남,62세,상해없음,승합,남,47세,경상
2017072900100504,2017년 7월 29일 18시,토요일,인천광역시 남구 주안동,경상사고,0,0,1,0,차대차 - 기타,안전운전불이행,건조,맑음,기타 - 기타,승용,남,47세,상해없음,승용,여,33세,경상
2017072900100505,2017년 7월 29일 18시,토요일,인천광역시 서구 신현동,경상사고,0,0,1,0,차대차 - 측면충돌,안전운전불이행,건조,맑음,교차로 - 교차로안,이륜,남,25세,경상,화물,남,47세,상해없음
2017072900100506,2017년 7월 29일 18시,토요일,인천광역시 연수구 송도동,중상사고,0,1,0,0,차대차 - 측면충돌,신호위반,건조,맑음,교차로 - 교차로횡단보도내,승용,여,42세,상해없음,자전거,남,16세,중상
2017072900100559,2017년 7월 29일 20시,토요일,인천광역시 서구 심곡동,경상사고,0,0,1,0,차대사람 - 횡단중,교차로운행방법위반,건조,맑음,단일로 - 기타,승용,남,55세,상해없음,보행자,남,35세,경상
2017072900100602,2017년 7월 29일 22시,토요일,인천광역시 계양구 귤현동,경상사고,0,0,1,0,차대차 - 기타,기타,건조,맑음,단일로 - 기타,화물,남,57세,상해없음,승용,남,31세,경상
2017073000100083,2017년 7월 30일 04시,일요일,인천광역시 남구 주안동,경상사고,0,0,2,0,차대차 - 측면충돌,안전운전불이행,건조,맑음,단일로 - 기타,승용,남,17세,상해없음,승용,남,45세,경상
2017073000100090,2017년 7월 30일 05시,일요일,인천광역시 부평구 부평동,경상사고,0,0,2,0,차대차 - 추돌,안전운전불이행,건조,맑음,교차로 - 교차로부근,승용,남,23세,상해없음,승용,여,31세,경상
2017073000100123,2017년 7월 30일 08시,일요일,인천광역시 강화군 화도면,경상사고,0,0,1,0,차대차 - 기타,안전운전불이행,건조,맑음,교차로 - 교차로부근,승용,남,69세,상해없음,자전거,남,40세,경상
2017073000100267,2017년 7월 30일 15시,일요일,인천광역시 중구 중산동,부상신고사고,0,0,0,1,차대차 - 측면충돌,안전운전불이행,건조,맑음,단일로 - 기타,화물,남,47세,상해없음,자전거,남,7세,부상신고
2017073000100289,2017년 7월 30일 16시,일요일,인천광역시 남구 용현동,경상사고,0,0,1,0,차대차 - 기타,안전운전불이행,건조,맑음,교차로 - 교차로부근,승용,남,69세,상해없음,승용,남,31세,경상
2017073000100290,2017년 7월 30일 16시,일요일,인천광역시 서구 경서동,경상사고,0,0,1,0,차대사람 - 횡단중,안전운전불이행,건조,맑음,단일로 - 기타,승용,남,54세,상해없음,보행자,여,3세,경상
2017073000100291,2017년 7월 30일 16시,일요일,인천광역시 강화군 길상면,경상사고,0,0,2,0,차대차 - 정면충돌,중앙선침범,건조,맑음,교차로 - 교차로부근,승용,여,35세,상해없음,승용,여,46세,경상
2017073000100318,2017년 7월 30일 17시,일요일,인천광역시 계양구 계산동,경상사고,0,0,2,0,차대차 - 추돌,안전운전불이행,건조,맑음,교차로 - 교차로부근,승용,남,24세,상해없음,승용,남,43세,경상
2017073000100345,2017년 7월 30일 18시,일요일,인천광역시 부평구 부평동,중상사고,0,1,0,0,차대차 - 기타,안전운전불이행,건조,맑음,단일로 - 기타,승용,남,23세,상해없음,원동기,남,64세,중상
2017073000100346,2017년 7월 30일 18시,일요일,인천광역시 남동구 장수동,중상사고,0,1,0,0,차대사람 - 차도통행중,안전운전불이행,건조,맑음,단일로 - 기타,자전거,남,11세,상해없음,보행자,남,60세,중상
2017073000100347,2017년 7월 30일 18시,일요일,인천광역시 부평구 부평동,경상사고,0,0,1,0,차대사람 - 횡단중,안전운전불이행,건조,맑음,교차로 - 교차로부근,승용,남,24세,상해없음,보행자,여,57세,경상
2017073100100087,2017년 7월 31일 07시,월요일,인천광역시 남동구 만수동,경상사고,0,0,2,0,차대차 - 추돌,안전운전불이행,건조,맑음,교차로 - 교차로부근,승용,남,59세,상해없음,승용,남,37세,경상
2017073100100110,2017년 7월 31일 08시,월요일,인천광역시 남구 관교동,부상신고사고,0,0,0,1,차대차 - 기타,안전운전불이행,젖음/습기,비,단일로 - 기타,기타불명,기타불명,미분류,기타불명,승합,남,57세,부상신고
2017073100100111,2017년 7월 31일 08시,월요일,인천광역시 계양구 계산동,경상사고,0,0,3,0,차대차 - 추돌,안전운전불이행,건조,맑음,단일로 - 기타,승용,여,23세,상해없음,승용,남,41세,경상
2017073100100112,2017년 7월 31일 08시,월요일,인천광역시 강화군 강화읍,중상사고,0,1,1,0,차대차 - 측면충돌,교차로운행방법위반,건조,맑음,교차로 - 교차로안,화물,남,45세,상해없음,승용,여,35세,중상
2017073100100140,2017년 7월 31일 09시,월요일,인천광역시 중구 신흥동3가,경상사고,0,0,2,0,차대차 - 측면충돌,중앙선침범,젖음/습기,비,단일로 - 기타,승용,남,36세,상해없음,화물,남,57세,경상
2017073100100169,2017년 7월 31일 10시,월요일,인천광역시 부평구 부평동,경상사고,0,0,1,0,차대사람 - 기타,안전운전불이행,젖음/습기,비,단일로 - 기타,승용,여,23세,상해없음,보행자,여,31세,경상
2017073100100170,2017년 7월 31일 10시,월요일,인천광역시 서구 석남동,경상사고,0,0,1,0,차대차 - 측면충돌,안전운전불이행,젖음/습기,비,단일로 - 기타,승합,남,41세,상해없음,승용,남,48세,경상
2017073100100211,2017년 7월 31일 11시,월요일,인천광역시 남구 숭의동,경상사고,0,0,1,0,차대차 - 후진중충돌,안전운전불이행,건조,맑음,교차로 - 교차로부근,승용,남,75세,상해없음,승용,여,40세,경상
2017073100100251,2017년 7월 31일 12시,월요일,인천광역시 강화군 강화읍,중상사고,0,1,0,0,차대사람 - 횡단중,안전운전불이행,건조,맑음,단일로 - 기타,승용,남,58세,상해없음,보행자,여,89세,중상
2017073100100274,2017년 7월 31일 13시,월요일,인천광역시 남구 주안동,중상사고,0,1,0,0,차대차 - 측면충돌,안전운전불이행,건조,맑음,단일로 - 기타,승용,여,27세,상해없음,자전거,남,79세,중상
2017073100100308,2017년 7월 31일 14시,월요일,인천광역시 서구 가정동,경상사고,0,0,4,0,차대차 - 측면충돌,안전운전불이행,건조,맑음,단일로 - 기타,건설기계,남,64세,상해없음,승용,남,37세,경상
2017073100100345,2017년 7월 31일 15시,월요일,인천광역시 남구 도화동,경상사고,0,0,1,0,차대차 - 추돌,안전운전불이행,건조,맑음,단일로 - 기타,승용,남,44세,상해없음,승합,남,53세,상해없음
2017073100100346,2017년 7월 31일 15시,월요일,인천광역시 부평구 삼산동,경상사고,0,0,1,0,차대차 - 후진중충돌,안전운전불이행,젖음/습기,비,교차로 - 교차로부근,승용,남,64세,상해없음,승용,여,52세,경상
2017073100100379,2017년 7월 31일 16시,월요일,인천광역시 부평구 갈산동,경상사고,0,0,1,0,차대차 - 기타,안전운전불이행,건조,맑음,단일로 - 기타,승용,남,64세,상해없음,이륜,남,35세,경상
2017073100100380,2017년 7월 31일 16시,월요일,인천광역시 부평구 부평동,경상사고,0,0,3,0,차대차 - 측면충돌,안전운전불이행,건조,맑음,교차로 - 교차로부근,승합,여,49세,상해없음,승용,남,41세,경상
2017073100100381,2017년 7월 31일 16시,월요일,인천광역시 남동구 논현동,경상사고,0,0,1,0,차대차 - 추돌,안전운전불이행,건조,맑음,교차로 - 교차로부근,승용,남,54세,상해없음,승용,남,33세,경상
2017073100100382,2017년 7월 31일 16시,월요일,인천광역시 서구 검암동,중상사고,0,1,1,0,차대차 - 추돌,안전운전불이행,건조,맑음,교차로 - 교차로부근,승용,남,46세,상해없음,승용,남,55세,경상
2017073100100383,2017년 7월 31일 16시,월요일,인천광역시 부평구 구산동,중상사고,0,1,4,0,차대차 - 추돌,안전거리미확보,건조,맑음,단일로 - 기타,승용,남,65세,상해없음,승용,남,32세,경상
2017073100100415,2017년 7월 31일 17시,월요일,인천광역시 부평구 부평동,경상사고,0,0,1,0,차대차 - 정면충돌,신호위반,젖음/습기,흐림,교차로 - 교차로안,원동기,남,34세,상해없음,원동기,남,25세,경상
2017073100100518,2017년 7월 31일 20시,월요일,인천광역시 옹진군 영흥면,경상사고,0,0,11,0,차대차 - 측면충돌,중앙선침범,젖음/습기,흐림,단일로 - 기타,승용,여,40세,경상,승합,남,37세,경상
2017073100100519,2017년 7월 31일 20시,월요일,인천광역시 남동구 구월동,중상사고,0,1,0,0,차대사람 - 횡단중,보행자보호의무위반,건조,맑음,단일로 - 기타,승용,남,28세,상해없음,보행자,남,70세,중상
2017073100100520,2017년 7월 31일 20시,월요일,인천광역시 계양구 서운동,경상사고,0,0,1,0,차대차 - 측면충돌,안전거리미확보,건조,맑음,단일로 - 기타,특수,남,63세,상해없음,승용,여,52세,경상
2017073100100546,2017년 7월 31일 21시,월요일,인천광역시 남동구 만수동,경상사고,0,0,1,0,차대차 - 기타,안전운전불이행,건조,맑음,교차로 - 교차로부근,승용,여,26세,상해없음,승용,남,33세,경상
2017073100100574,2017년 7월 31일 22시,월요일,인천광역시 중구 중산동,경상사고,0,0,1,0,차대차 - 측면충돌,교차로운행방법위반,건조,맑음,교차로 - 교차로안,승용,남,36세,상해없음,승용,남,39세,경상
2017080100100034,2017년 8월 1일 00시,화요일,인천광역시 서구 경서동,중상사고,0,1,0,0,차대차 - 측면충돌,신호위반,건조,기타,교차로 - 교차로안,승용,남,39세,상해없음,이륜,남,50세,중상
2017080100100060,2017년 8월 1일 02시,화요일,인천광역시 남구 주안동,경상사고,0,0,1,0,차대차 - 측면충돌,신호위반,젖음/습기,비,교차로 - 교차로안,이륜,남,28세,기타불명,승용,여,47세,경상
2017080100100071,2017년 8월 1일 03시,화요일,인천광역시 서구 심곡동,사망사고,1,0,0,0,차대사람 - 차도통행중,안전운전불이행,젖음/습기,흐림,교차로 - 교차로횡단보도내,승용,남,71세,상해없음,보행자,여,51세,사망
2017080100100079,2017년 8월 1일 04시,화요일,인천광역시 남동구 간석동,사망사고,1,0,0,0,차대사람 - 횡단중,신호위반,젖음/습기,흐림,교차로 - 교차로횡단보도내,승용,남,37세,상해없음,보행자,남,84세,사망
2017080100100090,2017년 8월 1일 05시,화요일,인천광역시 계양구 작전동,중상사고,0,1,0,0,차대사람 - 횡단중,신호위반,건조,맑음,교차로 - 교차로횡단보도내,화물,남,40세,상해없음,보행자,남,44세,중상
2017080100100100,2017년 8월 1일 06시,화요일,인천광역시 남구 주안동,부상신고사고,0,0,0,1,차대차 - 측면충돌,안전운전불이행,건조,맑음,교차로 - 교차로부근,기타불명,기타불명,미분류,기타불명,승합,남,24세,부상신고
2017080100100137,2017년 8월 1일 08시,화요일,인천광역시 남구 도화동,경상사고,0,0,1,0,차대차 - 측면충돌,교차로운행방법위반,건조,맑음,교차로 - 교차로안,건설기계,남,59세,상해없음,승용,여,55세,경상
2017080100100138,2017년 8월 1일 08시,화요일,인천광역시 연수구 연수동,경상사고,0,0,1,0,차대차 - 측면충돌,교차로운행방법위반,건조,맑음,교차로 - 교차로안,승용,남,59세,상해없음,자전거,남,60세,경상
2017080100100169,2017년 8월 1일 09시,화요일,인천광역시 서구 석남동,경상사고,0,0,1,0,차대차 - 추돌,안전운전불이행,건조,맑음,단일로 - 기타,화물,남,66세,상해없음,화물,남,60세,경상
2017080100100170,2017년 8월 1일 09시,화요일,인천광역시 서구 심곡동,경상사고,0,0,1,0,차대차 - 후진중충돌,안전운전불이행,건조,맑음,교차로 - 교차로부근,화물,남,35세,상해없음,승용,남,57세,경상
2017080100100197,2017년 8월 1일 10시,화요일,인천광역시 부평구 삼산동,경상사고,0,0,1,0,차대사람 - 횡단중,보행자보호의무위반,건조,맑음,교차로 - 교차로횡단보도내,기타불명,기타불명,미분류,기타불명,보행자,남,6세,경상
2017080100100317,2017년 8월 1일 14시,화요일,인천광역시 서구 마전동,경상사고,0,0,2,0,차대차 - 추돌,안전운전불이행,건조,맑음,교차로 - 교차로부근,승용,남,57세,상해없음,승용,여,47세,경상
2017080100100349,2017년 8월 1일 15시,화요일,인천광역시 남동구 구월동,경상사고,0,0,1,0,차대차 - 추돌,안전운전불이행,건조,맑음,교차로 - 교차로부근,승용,남,60세,상해없음,승용,여,50세,상해없음
2017080100100350,2017년 8월 1일 15시,화요일,인천광역시 서구 마전동,경상사고,0,0,1,0,차대차 - 측면충돌,안전운전불이행,건조,맑음,교차로 - 교차로안,승용,남,52세,상해없음,승용,남,38세,상해없음
2017080100100427,2017년 8월 1일 17시,화요일,인천광역시 남동구 만수동,경상사고,0,0,3,0,차대차 - 추돌,안전운전불이행,건조,맑음,단일로 - 기타,승용,남,59세,상해없음,승용,남,37세,경상
2017080100100464,2017년 8월 1일 18시,화요일,인천광역시 부평구 산곡동,경상사고,0,0,2,0,차대차 - 추돌,안전운전불이행,건조,맑음,교차로 - 교차로부근,화물,남,25세,상해없음,승용,남,53세,경상
2017080100100465,2017년 8월 1일 18시,화요일,인천광역시 남구 숭의동,경상사고,0,0,1,0,차대차 - 측면충돌,안전운전불이행,건조,맑음,단일로 - 기타,승용,남,19세,상해없음,승용,여,34세,경상
2017080100100466,2017년 8월 1일 18시,화요일,인천광역시 부평구 부평동,경상사고,0,0,1,0,차대차 - 측면충돌,교차로운행방법위반,건조,맑음,단일로 - 기타,승용,여,62세,상해없음,승용,남,28세,경상
2017080100100467,2017년 8월 1일 18시,화요일,인천광역시 부평구 부평동,경상사고,0,0,1,0,차대차 - 측면충돌,안전운전불이행,건조,맑음,교차로 - 교차로안,승용,남,26세,상해없음,승용,남,58세,경상
2017080100100585,2017년 8월 1일 23시,화요일,인천광역시 연수구 옥련동,경상사고,0,0,5,0,차대차 - 측면충돌,안전운전불이행,건조,맑음,교차로 - 교차로안,승용,남,52세,경상,승용,남,53세,경상
2017080200100071,2017년 8월 2일 05시,수요일,인천광역시 부평구 갈산동,중상사고,0,2,4,0,차대차 - 측면충돌,신호위반,건조,맑음,교차로 - 교차로안,승합,남,29세,상해없음,승합,남,57세,경상
2017080200100095,2017년 8월 2일 07시,수요일,인천광역시 중구 항동7가,중상사고,0,1,0,0,차대차 - 측면충돌,신호위반,건조,맑음,교차로 - 교차로안,화물,남,63세,상해없음,승용,남,24세,중상
2017080200100096,2017년 8월 2일 07시,수요일,인천광역시 남동구 고잔동,경상사고,0,0,1,0,차대차 - 측면충돌,신호위반,건조,맑음,교차로 - 교차로안,승용,남,60세,상해없음,화물,남,36세,경상
2017080200100111,2017년 8월 2일 08시,수요일,인천광역시 부평구 갈산동,경상사고,0,0,5,0,차대차 - 기타,안전운전불이행,건조,맑음,단일로 - 기타,승합,남,69세,상해없음,승용,남,46세,경상
2017080200100112,2017년 8월 2일 08시,수요일,인천광역시 연수구 연수동,중상사고,0,2,1,0,차대차 - 추돌,안전운전불이행,건조,맑음,교차로 - 교차로부근,승용,여,27세,상해없음,승용,남,61세,중상
2017080200100132,2017년 8월 2일 09시,수요일,인천광역시 동구 송현동,중상사고,0,1,0,0,차대사람 - 횡단중,안전운전불이행,건조,맑음,단일로 - 기타,화물,남,35세,상해없음,보행자,여,77세,중상
2017080200100133,2017년 8월 2일 09시,수요일,인천광역시 중구 운서동,중상사고,0,1,0,0,차대차 - 측면충돌,교차로운행방법위반,건조,맑음,교차로 - 교차로안,승용,남,28세,상해없음,이륜,남,28세,중상
2017080200100166,2017년 8월 2일 10시,수요일,인천광역시 서구 마전동,경상사고,0,0,1,0,차대차 - 추돌,안전운전불이행,건조,맑음,교차로 - 교차로부근,이륜,남,22세,경상,승용,여,47세,상해없음
2017080200100196,2017년 8월 2일 11시,수요일,인천광역시 서구 연희동,중상사고,0,1,0,0,차대사람 - 횡단중,중앙선침범,젖음/습기,비,교차로 - 교차로안,승용,남,35세,상해없음,보행자,여,50세,중상
2017080200100255,2017년 8월 2일 13시,수요일,인천광역시 남동구 장수동,경상사고,0,0,1,0,차대차 - 측면충돌,신호위반,건조,맑음,교차로 - 교차로안,승합,남,40세,상해없음,화물,남,50세,경상
2017080200100256,2017년 8월 2일 13시,수요일,인천광역시 남동구 간석동,경상사고,0,0,1,0,차대차 - 측면충돌,안전운전불이행,건조,맑음,교차로 - 교차로안,화물,남,29세,상해없음,이륜,남,31세,경상
2017080200100257,2017년 8월 2일 13시,수요일,인천광역시 연수구 연수동,경상사고,0,0,1,0,차대차 - 정면충돌,중앙선침범,건조,맑음,단일로 - 기타,승용,여,33세,상해없음,원동기,남,35세,경상
2017080200100258,2017년 8월 2일 13시,수요일,인천광역시 부평구 부평동,중상사고,0,1,0,0,차대차 - 측면충돌,안전운전불이행,건조,맑음,단일로 - 기타,이륜,남,22세,중상,승용,남,64세,상해없음
2017080200100259,2017년 8월 2일 13시,수요일,인천광역시 계양구 병방동,경상사고,0,0,2,0,차대차 - 측면충돌,안전거리미확보,건조,맑음,단일로 - 기타,화물,남,37세,상해없음,승용,여,53세,경상
2017080200100417,2017년 8월 2일 17시,수요일,인천광역시 중구 신흥동3가,중상사고,0,1,0,0,차대사람 - 횡단중,안전운전불이행,건조,맑음,단일로 - 기타,승용,남,60세,상해없음,보행자,남,12세,중상
2017080200100418,2017년 8월 2일 17시,수요일,인천광역시 계양구 임학동,경상사고,0,0,1,0,차대차 - 후진중충돌,안전운전불이행,건조,맑음,교차로 - 교차로부근,화물,남,68세,상해없음,승용,남,27세,경상
2017080200100447,2017년 8월 2일 18시,수요일,인천광역시 부평구 청천동,부상신고사고,0,0,0,1,차대차 - 측면충돌,안전운전불이행,건조,맑음,교차로 - 교차로안,이륜,남,41세,부상신고,승합,남,53세,상해없음
2017080200100448,2017년 8월 2일 18시,수요일,인천광역시 남동구 간석동,경상사고,0,0,1,0,차대차 - 측면충돌,안전거리미확보,건조,맑음,단일로 - 기타,승용,여,40세,상해없음,승용,남,23세,경상
2017080200100551,2017년 8월 2일 22시,수요일,인천광역시 중구 신포동,경상사고,0,0,1,0,차대차 - 측면충돌,안전운전불이행,건조,맑음,기타 - 기타,기타불명,기타불명,미분류,기타불명,승합,남,43세,상해없음
2017080200100552,2017년 8월 2일 22시,수요일,인천광역시 서구 마전동,경상사고,0,0,1,0,차대차 - 추돌,안전운전불이행,건조,맑음,교차로 - 교차로부근,승용,남,50세,상해없음,승용,남,26세,경상
2017080200100570,2017년 8월 2일 23시,수요일,인천광역시 서구 불로동,중상사고,0,1,0,0,차대사람 - 횡단중,안전운전불이행,건조,맑음,단일로 - 기타,승용,남,49세,상해없음,보행자,여,60세,중상
2017080300100058,2017년 8월 3일 04시,목요일,인천광역시 서구 가정동,중상사고,0,1,0,0,차대차 - 추돌,신호위반,건조,맑음,교차로 - 교차로안,승용,남,60세,상해없음,승용,남,58세,중상
2017080300100103,2017년 8월 3일 07시,목요일,인천광역시 중구 운서동,경상사고,0,0,1,0,차대사람 - 횡단중,보행자보호의무위반,건조,맑음,교차로 - 교차로횡단보도내,화물,남,54세,상해없음,보행자,여,59세,경상
2017080300100104,2017년 8월 3일 07시,목요일,인천광역시 부평구 부개동,경상사고,0,0,1,0,차대사람 - 횡단중,보행자보호의무위반,건조,맑음,단일로 - 기타,승용,남,37세,상해없음,보행자,여,29세,경상
2017080300100173,2017년 8월 3일 09시,목요일,인천광역시 남동구 구월동,중상사고,0,1,1,0,차대차 - 측면충돌,교차로운행방법위반,건조,맑음,교차로 - 교차로안,원동기,여,25세,중상,승용,남,36세,경상
2017080300100257,2017년 8월 3일 11시,목요일,인천광역시 부평구 부평동,경상사고,0,0,1,0,차대사람 - 횡단중,안전운전불이행,건조,맑음,단일로 - 기타,승용,남,27세,상해없음,보행자,남,17세,경상
2017080300100258,2017년 8월 3일 11시,목요일,인천광역시 서구 검암동,경상사고,0,0,2,0,차대차 - 추돌,차로위반,건조,맑음,단일로 - 고가도로위,화물,남,58세,상해없음,승용,여,30세,경상
2017080300100294,2017년 8월 3일 12시,목요일,인천광역시 남동구 서창동,중상사고,0,1,0,0,차량단독 - 기타,기타,건조,맑음,기타 - 기타,승합,남,57세,상해없음,,,,
2017080300100295,2017년 8월 3일 12시,목요일,인천광역시 부평구 부개동,경상사고,0,0,1,0,차대사람 - 차도통행중,안전운전불이행,건조,맑음,단일로 - 기타,승용,여,57세,상해없음,보행자,남,57세,경상
2017080300100329,2017년 8월 3일 13시,목요일,인천광역시 남구 주안동,경상사고,0,0,1,0,차대사람 - 차도통행중,안전운전불이행,건조,맑음,기타 - 기타,승용,남,54세,상해없음,보행자,여,17세,경상
2017080300100330,2017년 8월 3일 13시,목요일,인천광역시 계양구 효성동,부상신고사고,0,0,0,1,차대차 - 기타,안전운전불이행,건조,맑음,단일로 - 기타,기타불명,기타불명,미분류,기타불명,자전거,남,18세,부상신고
2017080300100370,2017년 8월 3일 14시,목요일,인천광역시 부평구 부개동,중상사고,0,1,0,0,차대사람 - 차도통행중,안전운전불이행,건조,맑음,단일로 - 기타,원동기,남,26세,상해없음,보행자,여,15세,중상
2017080300100399,2017년 8월 3일 15시,목요일,인천광역시 서구 마전동,경상사고,0,0,1,0,차대사람 - 횡단중,안전운전불이행,건조,맑음,단일로 - 기타,이륜,남,42세,경상,보행자,여,78세,기타불명
2017080300100400,2017년 8월 3일 15시,목요일,인천광역시 서구 백석동,중상사고,0,1,2,0,차대차 - 정면충돌,중앙선침범,건조,맑음,단일로 - 고가도로위,승용,남,49세,경상,승용,남,35세,경상
2017080300100431,2017년 8월 3일 16시,목요일,인천광역시 중구 항동7가,경상사고,0,0,1,0,차대차 - 측면충돌,안전거리미확보,건조,맑음,교차로 - 교차로부근,승용,여,67세,상해없음,화물,남,49세,경상