사고번호,사고일시,요일,시군구,사고내용,사망자수,중상자수,경상자수,부상신고자수,사고유형,법규위반,노면상태,기상상태,도로형태,가해운전자 차종,가해운전자 성별,가해운전자 연령,가해운전자 상해정도,피해운전자 차종,피해운전자 성별,피해운전자 연령,피해운전자 상해정도
2017080900100055,2017년 8월 9일 02시,수요일,인천광역시 연수구 동춘동,경상사고,0,0,1,0,차대차 - 측면충돌,교차로운행방법위반,젖음/습기,비,교차로 - 교차로안,승용,남,62세,상해없음,승용,남,18세,경상
2017080900100082,2017년 8월 9일 05시,수요일,인천광역시 남구 주안동,경상사고,0,0,1,0,차대차 - 측면충돌,신호위반,건조,맑음,교차로 - 교차로안,승용,남,52세,상해없음,화물,남,40세,경상
2017080900100083,2017년 8월 9일 05시,수요일,인천광역시 서구 가좌동,중상사고,0,1,0,0,차대차 - 기타,안전운전불이행,건조,맑음,단일로 - 기타,승용,남,52세,상해없음,승용,남,53세,상해없음
2017080900100084,2017년 8월 9일 05시,수요일,인천광역시 계양구 서운동,중상사고,0,1,0,0,차대차 - 측면충돌,불법유턴,건조,맑음,교차로 - 교차로안,승용,남,58세,상해없음,승용,남,57세,중상
2017080900100092,2017년 8월 9일 06시,수요일,인천광역시 부평구 청천동,중상사고,0,1,0,0,차량단독 - 기타,안전운전불이행,건조,맑음,단일로 - 기타,승용,남,51세,상해없음,,,,
2017080900100093,2017년 8월 9일 06시,수요일,인천광역시 남동구 논현동,중상사고,0,1,0,0,차대차 - 추돌,안전운전불이행,건조,맑음,단일로 - 기타,승용,남,32세,상해없음,승합,남,70세,중상
2017080900100244,2017년 8월 9일 11시,수요일,인천광역시 남구 주안동,경상사고,0,0,1,0,차대차 - 측면충돌,안전운전불이행,건조,맑음,교차로 - 교차로부근,승용,남,46세,상해없음,승용,여,46세,경상
2017080900100245,2017년 8월 9일 11시,수요일,인천광역시 남구 주안동,중상사고,0,1,0,0,차대사람 - 횡단중,보행자보호의무위반,건조,맑음,교차로 - 교차로횡단보도내,승용,남,40세,상해없음,보행자,여,59세,중상
2017080900100246,2017년 8월 9일 11시,수요일,인천광역시 남동구 장수동,경상사고,0,0,1,0,차대차 - 측면충돌,안전거리미확보,건조,맑음,단일로 - 기타,화물,남,51세,상해없음,승용,여,23세,경상
2017080900100247,2017년 8월 9일 11시,수요일,인천광역시 계양구 계산동,중상사고,0,1,0,0,차대차 - 기타,차로위반,건조,맑음,교차로 - 교차로부근,승용,남,54세,상해없음,승용,남,41세,중상
2017080900100283,2017년 8월 9일 12시,수요일,인천광역시 서구 왕길동,중상사고,0,1,1,0,차대사람 - 횡단중,보행자보호의무위반,건조,맑음,단일로 - 기타,승용,여,55세,상해없음,보행자,남,13세,중상
2017080900100313,2017년 8월 9일 13시,수요일,인천광역시 서구 석남동,경상사고,0,0,2,0,차대차 - 추돌,안전운전불이행,건조,맑음,교차로 - 교차로안,승용,남,58세,경상,승합,남,38세,경상
2017080900100341,2017년 8월 9일 14시,수요일,인천광역시 남동구 고잔동,경상사고,0,0,1,0,차대차 - 추돌,안전운전불이행,건조,맑음,단일로 - 기타,승용,여,62세,상해없음,승용,여,47세,경상
2017080900100376,2017년 8월 9일 15시,수요일,인천광역시 서구 검암동,중상사고,0,1,0,0,차대사람 - 횡단중,기타,건조,맑음,교차로 - 교차로부근,승합,남,50세,상해없음,보행자,남,11세,중상
2017080900100409,2017년 8월 9일 16시,수요일,인천광역시 남동구 간석동,경상사고,0,0,1,0,차대사람 - 기타,안전운전불이행,건조,맑음,단일로 - 기타,승용,남,63세,상해없음,보행자,여,4세,경상
2017080900100410,2017년 8월 9일 16시,수요일,인천광역시 계양구 계산동,경상사고,0,0,1,0,차량단독 - 기타,안전운전불이행,건조,맑음,단일로 - 기타,승합,남,52세,상해없음,,,,
2017080900100479,2017년 8월 9일 18시,수요일,인천광역시 서구 대곡동,경상사고,0,0,2,0,차대차 - 정면충돌,안전운전불이행,건조,맑음,교차로 - 교차로안,승용,남,57세,경상,승용,남,47세,경상
2017080900100516,2017년 8월 9일 19시,수요일,인천광역시 부평구 산곡동,경상사고,0,0,1,0,차대차 - 측면충돌,안전운전불이행,건조,맑음,단일로 - 기타,승용,여,60세,상해없음,승합,남,60세,경상
2017080900100554,2017년 8월 9일 20시,수요일,인천광역시 중구 중산동,부상신고사고,0,0,0,1,차대차 - 측면충돌,안전운전불이행,건조,맑음,주차장 - 주차장,승용,남,31세,상해없음,자전거,남,13세,부상신고
2017080900100589,2017년 8월 9일 21시,수요일,인천광역시 서구 경서동,경상사고,0,0,2,0,차대차 - 측면충돌,안전운전불이행,건조,맑음,교차로 - 교차로안,승용,여,18세,상해없음,승합,남,41세,경상
2017080900100628,2017년 8월 9일 22시,수요일,인천광역시 계양구 상야동,경상사고,0,0,6,0,차대차 - 추돌,안전운전불이행,건조,맑음,단일로 - 기타,승용,남,27세,상해없음,승용,여,64세,경상
2017080900100667,2017년 8월 9일 23시,수요일,인천광역시 남동구 구월동,사망사고,1,2,2,0,차대차 - 정면충돌,신호위반,건조,맑음,교차로 - 교차로안,승용,여,55세,사망,승용,남,58세,중상
2017080900100668,2017년 8월 9일 23시,수요일,인천광역시 서구 석남동,경상사고,0,0,1,0,차대차 - 측면충돌,안전거리미확보,건조,맑음,교차로 - 교차로부근,승용,남,26세,상해없음,승용,남,53세,경상
2017080900100669,2017년 8월 9일 23시,수요일,인천광역시 부평구 삼산동,경상사고,0,0,1,0,차대차 - 측면충돌,안전운전불이행,건조,맑음,교차로 - 교차로안,자전거,남,22세,경상,승용,남,23세,상해없음
2017081000100079,2017년 8월 10일 04시,목요일,인천광역시 연수구 선학동,경상사고,0,0,1,0,차대차 - 측면충돌,중앙선침범,젖음/습기,비,단일로 - 기타,승용,남,38세,상해없음,승용,남,26세,경상
2017081000100164,2017년 8월 10일 08시,목요일,인천광역시 남구 학익동,경상사고,0,0,1,0,차대차 - 추돌,안전운전불이행,건조,맑음,단일로 - 기타,승용,남,51세,상해없음,화물,남,70세,경상
2017081000100165,2017년 8월 10일 08시,목요일,인천광역시 부평구 십정동,중상사고,0,1,1,0,차량단독 - 공작물충돌,안전운전불이행,젖음/습기,비,단일로 - 기타,승합,여,51세,상해없음,,,,
2017081000100166,2017년 8월 10일 08시,목요일,인천광역시 남동구 장수동,경상사고,0,0,2,0,차대차 - 추돌,안전운전불이행,건조,맑음,단일로 - 기타,승합,남,38세,상해없음,승용,남,33세,경상
2017081000100167,2017년 8월 10일 08시,목요일,인천광역시 연수구 동춘동,중상사고,0,1,0,0,차대사람 - 횡단중,안전운전불이행,건조,맑음,단일로 - 기타,승용,남,53세,상해없음,보행자,여,15세,중상
2017081000100168,2017년 8월 10일 08시,목요일,인천광역시 부평구 부평동,경상사고,0,0,1,0,차대사람 - 횡단중,보행자보호의무위반,젖음/습기,비,기타 - 기타,화물,남,48세,상해없음,보행자,남,45세,경상
2017081000100207,2017년 8월 10일 09시,목요일,인천광역시 남구 주안동,경상사고,0,0,1,0,차대차 - 측면충돌,신호위반,건조,맑음,교차로 - 교차로안,승용,남,66세,상해없음,승용,남,23세,경상
2017081000100259,2017년 8월 10일 11시,목요일,인천광역시 부평구 십정동,중상사고,0,1,0,0,차대사람 - 기타,안전운전불이행,건조,맑음,교차로 - 교차로안,화물,남,46세,상해없음,보행자,여,84세,중상
2017081000100293,2017년 8월 10일 12시,목요일,인천광역시 남동구 만수동,경상사고,0,0,2,0,차대차 - 측면충돌,중앙선침범,건조,맑음,단일로 - 기타,승용,남,36세,상해없음,승용,남,72세,경상
2017081000100294,2017년 8월 10일 12시,목요일,인천광역시 서구 석남동,중상사고,0,1,0,0,차대사람 - 횡단중,안전운전불이행,건조,맑음,기타 - 기타,승용,남,66세,상해없음,보행자,남,12세,중상
2017081000100295,2017년 8월 10일 12시,목요일,인천광역시 강화군 강화읍,중상사고,0,1,0,0,차대사람 - 횡단중,보행자보호의무위반,건조,맑음,교차로 - 교차로횡단보도내,승용,여,30세,상해없음,보행자,여,56세,중상
2017081000100326,2017년 8월 10일 13시,목요일,인천광역시 남동구 구월동,사망사고,1,0,0,0,차대차 - 측면충돌,안전운전불이행,젖음/습기,비,단일로 - 기타,화물,남,66세,상해없음,기타불명,여,74세,사망
2017081000100327,2017년 8월 10일 13시,목요일,인천광역시 서구 경서동,경상사고,0,0,2,0,차량단독 - 공작물충돌,안전운전불이행,젖음/습기,비,단일로 - 기타,승용,남,55세,상해없음,,,,
2017081000100356,2017년 8월 10일 14시,목요일,인천광역시 남구 주안동,경상사고,0,0,1,0,차대차 - 측면충돌,안전운전불이행,건조,맑음,교차로 - 교차로부근,승용,남,58세,상해없음,승용,여,45세,경상
2017081000100357,2017년 8월 10일 14시,목요일,인천광역시 남구 숭의동,경상사고,0,0,1,0,차대사람 - 횡단중,안전운전불이행,젖음/습기,비,기타 - 기타,승용,남,45세,상해없음,보행자,남,15세,경상
2017081000100358,2017년 8월 10일 14시,목요일,인천광역시 계양구 서운동,경상사고,0,0,2,0,차대차 - 측면충돌,안전거리미확보,건조,맑음,단일로 - 교량,승용,여,63세,경상,특수,남,46세,상해없음
2017081000100475,2017년 8월 10일 17시,목요일,인천광역시 남구 관교동,중상사고,0,1,0,0,차대차 - 정면충돌,중앙선침범,건조,맑음,단일로 - 기타,승용,여,31세,상해없음,승용,남,59세,중상
2017081000100476,2017년 8월 10일 17시,목요일,인천광역시 연수구 옥련동,경상사고,0,0,1,0,차대사람 - 보도통행중,기타,건조,맑음,단일로 - 기타,화물,남,41세,상해없음,보행자,남,54세,경상
2017081000100510,2017년 8월 10일 18시,목요일,인천광역시 남구 문학동,경상사고,0,0,1,0,차대차 - 측면충돌,안전운전불이행,건조,맑음,교차로 - 교차로안,승용,여,43세,기타불명,승용,남,52세,경상
2017081000100544,2017년 8월 10일 19시,목요일,인천광역시 남구 용현동,중상사고,0,1,0,0,차대사람 - 횡단중,보행자보호의무위반,건조,맑음,교차로 - 교차로횡단보도내,승용,남,52세,상해없음,보행자,남,70세,중상
2017081000100545,2017년 8월 10일 19시,목요일,인천광역시 계양구 귤현동,경상사고,0,0,1,0,차대차 - 추돌,안전거리미확보,건조,맑음,교차로 - 교차로부근,승용,남,53세,상해없음,승용,남,54세,경상
2017081000100546,2017년 8월 10일 19시,목요일,인천광역시 연수구 동춘동,경상사고,0,0,3,0,차대차 - 추돌,안전운전불이행,건조,맑음,교차로 - 교차로부근,승합,여,20세,상해없음,승용,남,56세,경상
2017081000100579,2017년 8월 10일 20시,목요일,인천광역시 남구 용현동,경상사고,0,0,1,0,차대차 - 기타,안전운전불이행,건조,맑음,기타 - 기타,기타불명,기타불명,미분류,기타불명,승용,남,32세,경상
2017081000100580,2017년 8월 10일 20시,목요일,인천광역시 남동구 수산동,경상사고,0,0,2,0,차대차 - 정면충돌,신호위반,건조,맑음,교차로 - 교차로안,승용,남,30세,상해없음,승용,남,41세,경상
2017081000100609,2017년 8월 10일 21시,목요일,인천광역시 부평구 청천동,경상사고,0,0,1,0,차대사람 - 횡단중,안전운전불이행,건조,맑음,교차로 - 교차로부근,승합,남,59세,상해없음,보행자,남,29세,경상
2017081000100647,2017년 8월 10일 22시,목요일,인천광역시 강화군 길상면,중상사고,0,1,0,0,차대사람 - 기타,안전운전불이행,건조,맑음,단일로 - 기타,승용,남,63세,상해없음,보행자,남,43세,중상
2017081000100648,2017년 8월 10일 22시,목요일,인천광역시 부평구 부평동,경상사고,0,0,1,0,차대차 - 정면충돌,교차로운행방법위반,건조,맑음,교차로 - 교차로안,승용,남,29세,상해없음,이륜,남,32세,경상
2017081100100052,2017년 8월 11일 01시,금요일,인천광역시 부평구 삼산동,중상사고,0,1,1,0,차대차 - 추돌,안전거리미확보,건조,맑음,단일로 - 교량,승용,남,35세,상해없음,화물,남,59세,중상
2017081100100072,2017년 8월 11일 03시,금요일,인천광역시 남동구 구월동,사망사고,1,0,0,0,차대사람 - 횡단중,과속,건조,맑음,단일로 - 기타,승용,남,53세,상해없음,보행자,남,38세,사망
2017081100100089,2017년 8월 11일 05시,금요일,인천광역시 남구 학익동,경상사고,0,0,1,0,차대사람 - 기타,안전운전불이행,건조,맑음,기타 - 기타,승용,남,24세,상해없음,보행자,남,79세,경상
2017081100100090,2017년 8월 11일 05시,금요일,인천광역시 계양구 효성동,부상신고사고,0,0,0,1,차대차 - 후진중충돌,안전운전불이행,건조,맑음,교차로 - 교차로부근,승용,남,59세,상해없음,승용,남,34세,부상신고
2017081100100098,2017년 8월 11일 06시,금요일,인천광역시 남구 용현동,경상사고,0,0,1,0,차대차 - 측면충돌,안전운전불이행,건조,맑음,교차로 - 교차로부근,승용,여,54세,기타불명,승용,남,70세,경상
2017081100100149,2017년 8월 11일 08시,금요일,인천광역시 남구 주안동,경상사고,0,0,1,1,차대차 - 추돌,안전운전불이행,건조,맑음,기타 - 기타,승용,여,59세,상해없음,승용,여,48세,경상
2017081100100150,2017년 8월 11일 08시,금요일,인천광역시 서구 가정동,중상사고,0,1,0,0,차대사람 - 횡단중,안전운전불이행,건조,맑음,교차로 - 교차로부근,승용,남,23세,상해없음,보행자,여,74세,중상
2017081100100177,2017년 8월 11일 09시,금요일,인천광역시 중구 덕교동,중상사고,0,1,0,0,차대사람 - 횡단중,안전운전불이행,건조,맑음,단일로 - 기타,승용,여,32세,상해없음,보행자,여,72세,중상
2017081100100239,2017년 8월 11일 11시,금요일,인천광역시 남구 용현동,경상사고,0,0,1,0,차대차 - 추돌,안전운전불이행,젖음/습기,비,기타 - 기타,승용,남,46세,상해없음,승용,여,39세,경상
2017081100100240,2017년 8월 11일 11시,금요일,인천광역시 남동구 만수동,경상사고,0,0,1,0,차대사람 - 횡단중,안전운전불이행,건조,맑음,단일로 - 기타,이륜,남,24세,상해없음,보행자,남,17세,경상
2017081100100287,2017년 8월 11일 12시,금요일,인천광역시 남동구 논현동,경상사고,0,0,1,0,차대차 - 측면충돌,안전운전불이행,건조,맑음,기타 - 기타,승용,남,44세,상해없음,승용,남,36세,상해없음
2017081100100362,2017년 8월 11일 14시,금요일,인천광역시 남동구 만수동,중상사고,0,1,0,0,차대사람 - 횡단중,보행자보호의무위반,건조,맑음,교차로 - 교차로안,승용,남,74세,상해없음,보행자,남,48세,중상
2017081100100363,2017년 8월 11일 14시,금요일,인천광역시 계양구 작전동,경상사고,0,0,1,0,차대차 - 기타,직진우회전진행방해,건조,맑음,교차로 - 교차로안,승용,남,47세,상해없음,자전거,남,12세,경상
2017081100100364,2017년 8월 11일 14시,금요일,인천광역시 연수구 연수동,중상사고,0,1,0,0,차대사람 - 차도통행중,안전운전불이행,건조,맑음,단일로 - 기타,승용,남,59세,상해없음,보행자,여,85세,중상
2017081100100400,2017년 8월 11일 15시,금요일,인천광역시 남동구 도림동,중상사고,0,1,3,0,차대차 - 측면충돌,차로위반,젖음/습기,비,단일로 - 기타,건설기계,남,58세,상해없음,승용,여,57세,중상
2017081100100401,2017년 8월 11일 15시,금요일,인천광역시 남동구 논현동,경상사고,0,0,1,0,차대차 - 측면충돌,안전운전불이행,건조,맑음,단일로 - 기타,승용,여,48세,상해없음,승용,여,42세,경상
2017081100100402,2017년 8월 11일 15시,금요일,인천광역시 계양구 계산동,중상사고,0,1,0,0,차대사람 - 횡단중,안전운전불이행,건조,맑음,단일로 - 기타,승용,여,52세,상해없음,보행자,여,79세,중상
2017081100100403,2017년 8월 11일 15시,금요일,인천광역시 부평구 구산동,경상사고,0,0,2,0,차대차 - 추돌,안전운전불이행,건조,맑음,단일로 - 기타,화물,남,48세,상해없음,승용,여,56세,경상
2017081100100452,2017년 8월 11일 16시,금요일,인천광역시 남동구 서창동,부상신고사고,0,0,0,1,차대차 - 기타,안전운전불이행,젖음/습기,비,기타 - 기타,기타불명,기타불명,미분류,기타불명,자전거,남,8세,부상신고
2017081100100496,2017년 8월 11일 17시,금요일,인천광역시 서구 마전동,경상사고,0,0,1,0,차대차 - 측면충돌,기타,건조,맑음,단일로 - 기타,승용,남,38세,상해없음,승용,남,32세,경상
2017081100100540,2017년 8월 11일 18시,금요일,인천광역시 부평구 산곡동,중상사고,0,1,0,0,차대차 - 정면충돌,안전운전불이행,건조,맑음,교차로 - 교차로안,승용,여,45세,상해없음,이륜,남,40세,중상
2017081100100586,2017년 8월 11일 19시,금요일,인천광역시 서구 가좌동,경상사고,0,0,1,0,차대차 - 추돌,안전운전불이행,건조,기타,교차로 - 교차로부근,승용,남,29세,상해없음,승용,여,62세,경상
2017081100100630,2017년 8월 11일 20시,금요일,인천광역시 남구 도화동,경상사고,0,0,3,0,차대차 - 측면충돌,안전거리미확보,건조,맑음,교차로 - 교차로횡단보도내,화물,남,41세,상해없음,승용,남,43세,경상
2017081100100631,2017년 8월 11일 20시,금요일,인천광역시 계양구 병방동,경상사고,0,0,1,0,차대사람 - 길가장자리구역통행중,안전운전불이행,건조,맑음,단일로 - 기타,승합,남,62세,상해없음,보행자,남,41세,경상
2017081100100687,2017년 8월 11일 22시,금요일,인천광역시 옹진군 영흥면,경상사고,0,0,1,0,차대사람 - 횡단중,안전운전불이행,건조,맑음,단일로 - 기타,승용,남,56세,상해없음,보행자,여,37세,경상
2017081100100688,2017년 8월 11일 22시,금요일,인천광역시 남동구 간석동,중상사고,0,1,0,0,차대차 - 측면충돌,신호위반,건조,맑음,교차로 - 교차로안,승용,남,29세,상해없음,승용,남,56세,중상
2017081100100689,2017년 8월 11일 22시,금요일,인천광역시 남동구 만수동,경상사고,0,0,1,0,차대차 - 추돌,안전운전불이행,건조,맑음,단일로 - 기타,승용,남,59세,상해없음,승용,남,60세,경상
2017081100100690,2017년 8월 11일 22시,금요일,인천광역시 서구 오류동,중상사고,0,2,0,0,차대차 - 정면충돌,신호위반,건조,맑음,교차로 - 교차로안,승용,여,56세,중상,승용,남,57세,중상
2017081100100720,2017년 8월 11일 23시,금요일,인천광역시 남구 숭의동,사망사고,1,0,0,0,차대사람 - 횡단중,안전운전불이행,건조,맑음,단일로 - 기타,승용,여,21세,상해없음,보행자,여,20세,사망
2017081200100097,2017년 8월 12일 04시,토요일,인천광역시 중구 을왕동,중상사고,0,4,0,0,차량단독 - 전도전복 - 전도,안전운전불이행,건조,맑음,교차로 - 교차로부근,승용,남,26세,중상,,,,
2017081200100098,2017년 8월 12일 04시,토요일,인천광역시 중구 운서동,중상사고,0,1,1,0,차대차 - 측면충돌,신호위반,건조,맑음,교차로 - 교차로부근,승용,남,43세,상해없음,승용,남,35세,중상
2017081200100099,2017년 8월 12일 04시,토요일,인천광역시 서구 경서동,중상사고,0,1,0,0,차량단독 - 전도전복 - 전도,안전운전불이행,건조,맑음,단일로 - 기타,승합,남,35세,중상,,,,
2017081200100100,2017년 8월 12일 04시,토요일,인천광역시 계양구 효성동,경상사고,0,0,1,0,차대차 - 기타,신호위반,건조,맑음,교차로 - 교차로안,승용,남,46세,상해없음,승용,남,58세,경상
2017081200100129,2017년 8월 12일 06시,토요일,인천광역시 남구 주안동,경상사고,0,0,1,0,차대차 - 기타,신호위반,기타,맑음,교차로 - 교차로안,화물,여,48세,상해없음,승합,남,64세,상해없음
2017081200100147,2017년 8월 12일 07시,토요일,인천광역시 서구 오류동,중상사고,0,1,0,0,차대차 - 측면충돌,신호위반,건조,맑음,교차로 - 교차로안,화물,남,56세,상해없음,승용,남,51세,중상
2017081200100174,2017년 8월 12일 08시,토요일,인천광역시 남동구 논현동,경상사고,0,0,1,0,차대차 - 추돌,안전운전불이행,건조,맑음,단일로 - 기타,건설기계,남,53세,상해없음,화물,남,25세,경상
2017081200100175,2017년 8월 12일 08시,토요일,인천광역시 남동구 간석동,경상사고,0,0,1,0,차대차 - 기타,안전운전불이행,건조,맑음,교차로 - 교차로부근,승용,여,57세,상해없음,승용,여,46세,경상
2017081200100176,2017년 8월 12일 08시,토요일,인천광역시 부평구 부평동,경상사고,0,0,1,0,차대차 - 측면충돌,신호위반,건조,맑음,단일로 - 기타,화물,남,56세,상해없음,승용,남,53세,경상
2017081200100260,2017년 8월 12일 11시,토요일,인천광역시 서구 당하동,경상사고,0,0,1,0,차대차 - 추돌,신호위반,건조,맑음,교차로 - 교차로부근,승용,여,22세,상해없음,승용,여,35세,경상
2017081200100261,2017년 8월 12일 11시,토요일,인천광역시 연수구 송도동,경상사고,0,0,1,0,차대차 - 측면충돌,차로위반,건조,맑음,단일로 - 기타,승용,여,33세,상해없음,승용,여,41세,상해없음
2017081200100293,2017년 8월 12일 12시,토요일,인천광역시 남동구 장수동,경상사고,0,0,2,0,차대차 - 기타,신호위반,건조,맑음,단일로 - 기타,승용,여,24세,상해없음,승용,남,51세,경상
2017081200100331,2017년 8월 12일 13시,토요일,인천광역시 남동구 구월동,경상사고,0,0,1,0,차대사람 - 기타,안전운전불이행,건조,맑음,기타 - 기타,승용,남,37세,상해없음,보행자,남,62세,경상
2017081200100332,2017년 8월 12일 13시,토요일,인천광역시 연수구 송도동,경상사고,0,0,1,0,차대사람 - 보도통행중,안전운전불이행,건조,맑음,기타 - 기타,승용,여,32세,상해없음,보행자,남,19세,경상
2017081200100359,2017년 8월 12일 14시,토요일,인천광역시 남동구 구월동,경상사고,0,0,1,0,차대차 - 기타,신호위반,건조,맑음,교차로 - 교차로안,기타불명,기타불명,미분류,기타불명,승용,남,49세,경상
2017081200100391,2017년 8월 12일 15시,토요일,인천광역시 강화군 화도면,경상사고,0,0,1,0,차대차 - 정면충돌,안전운전불이행,건조,맑음,교차로 - 교차로안,승용,남,26세,상해없음,이륜,남,32세,경상
2017081200100499,2017년 8월 12일 19시,토요일,인천광역시 부평구 부평동,경상사고,0,0,1,0,차대차 - 측면충돌,차로위반,건조,맑음,교차로 - 교차로부근,화물,남,82세,상해없음,이륜,남,17세,경상
2017081200100528,2017년 8월 12일 20시,토요일,인천광역시 남구 용현동,중상사고,0,1,0,0,차대사람 - 횡단중,안전운전불이행,기타,기타,단일로 - 기타,승용,남,27세,상해없음,보행자,여,57세,중상
2017081300100037,2017년 8월 13일 01시,일요일,인천광역시 계양구 계산동,부상신고사고,0,0,0,1,차대사람 - 기타,안전운전불이행,건조,맑음,단일로 - 기타,승용,남,50세,상해없음,보행자,남,49세,부상신고
2017081300100069,2017년 8월 13일 03시,일요일,인천광역시 남구 숭의동,중상사고,0,1,0,0,차대사람 - 기타,안전운전불이행,건조,맑음,단일로 - 기타,승용,남,71세,상해없음,보행자,남,56세,중상
2017081300100070,2017년 8월 13일 03시,일요일,인천광역시 남구 숭의동,경상사고,0,0,1,0,차대사람 - 횡단중,안전운전불이행,건조,맑음,교차로 - 교차로안,승용,남,25세,상해없음,보행자,남,41세,경상
2017081300100085,2017년 8월 13일 05시,일요일,인천광역시 부평구 삼산동,경상사고,0,0,1,0,차대사람 - 차도통행중,중앙선침범,건조,맑음,단일로 - 기타,승용,남,52세,상해없음,보행자,남,51세,경상
2017081300100126,2017년 8월 13일 09시,일요일,인천광역시 서구 마전동,경상사고,0,0,1,0,차대차 - 기타,안전운전불이행,건조,맑음,교차로 - 교차로안,화물,남,49세,상해없음,승용,남,55세,상해없음
2017081300100150,2017년 8월 13일 10시,일요일,인천광역시 서구 가정동,경상사고,0,0,1,0,차대차 - 측면충돌,안전운전불이행,건조,맑음,교차로 - 교차로안,승용,여,48세,상해없음,화물,남,50세,경상
2017081300100172,2017년 8월 13일 11시,일요일,인천광역시 남동구 장수동,경상사고,0,0,1,0,차대차 - 정면충돌,안전운전불이행,건조,흐림,기타 - 기타,자전거,남,71세,상해없음,자전거,남,70세,경상
2017081300100211,2017년 8월 13일 13시,일요일,인천광역시 부평구 부평동,경상사고,0,0,2,0,차대차 - 측면충돌,안전운전불이행,건조,맑음,단일로 - 기타,이륜,여,68세,경상,이륜,남,21세,경상
2017081300100212,2017년 8월 13일 13시,일요일,인천광역시 서구 경서동,중상사고,0,1,0,0,차대차 - 측면충돌,신호위반,젖음/습기,흐림,교차로 - 교차로안,승용,여,39세,상해없음,이륜,남,34세,중상
2017081300100240,2017년 8월 13일 14시,일요일,인천광역시 중구 중산동,경상사고,0,0,4,0,차대차 - 추돌,안전운전불이행,건조,맑음,단일로 - 기타,승용,남,35세,상해없음,승용,남,36세,경상
2017081300100284,2017년 8월 13일 16시,일요일,인천광역시 서구 시천동,중상사고,0,1,1,0,차대차 - 측면충돌,중앙선침범,건조,맑음,단일로 - 기타,자전거,남,52세,상해없음,자전거,남,57세,중상
2017081300100392,2017년 8월 13일 20시,일요일,인천광역시 남동구 남촌동,경상사고,0,0,2,0,차대차 - 추돌,안전운전불이행,건조,맑음,단일로 - 기타,승용,여,37세,상해없음,승용,남,28세,경상
2017081300100445,2017년 8월 13일 22시,일요일,인천광역시 동구 송림동,경상사고,0,0,2,0,차대차 - 추돌,안전거리미확보,젖음/습기,흐림,교차로 - 교차로부근,승용,남,22세,상해없음,승용,남,66세,경상
2017081300100446,2017년 8월 13일 22시,일요일,인천광역시 연수구 청학동,경상사고,0,0,1,0,차대차 - 측면충돌,안전운전불이행,건조,맑음,단일로 - 기타,화물,남,56세,상해없음,이륜,남,29세,경상
2017081400100086,2017년 8월 14일 06시,월요일,인천광역시 남동구 구월동,중상사고,0,1,0,0,차대사람 - 횡단중,안전운전불이행,건조,맑음,교차로 - 교차로안,승용,남,43세,상해없음,보행자,여,63세,중상
2017081400100107,2017년 8월 14일 07시,월요일,인천광역시 남구 학익동,중상사고,0,1,1,0,차대차 - 측면충돌,신호위반,건조,맑음,교차로 - 교차로부근,승용,남,29세,상해없음,승용,남,59세,경상
2017081400100108,2017년 8월 14일 07시,월요일,인천광역시 부평구 산곡동,경상사고,0,0,1,0,차대차 - 기타,안전거리미확보,건조,맑음,교차로 - 교차로부근,승용,여,45세,기타불명,이륜,남,38세,경상
2017081400100109,2017년 8월 14일 07시,월요일,인천광역시 서구 석남동,중상사고,0,1,0,0,차대사람 - 횡단중,보행자보호의무위반,건조,맑음,교차로 - 교차로안,건설기계,남,26세,상해없음,보행자,남,39세,중상
2017081400100141,2017년 8월 14일 08시,월요일,인천광역시 남동구 간석동,경상사고,0,0,1,0,차대사람 - 횡단중,보행자보호의무위반,건조,맑음,교차로 - 교차로안,승용,여,37세,상해없음,보행자,여,67세,경상
2017081400100196,2017년 8월 14일 10시,월요일,인천광역시 중구 송월동3가,경상사고,0,0,1,0,차대차 - 후진중충돌,안전운전불이행,젖음/습기,흐림,단일로 - 기타,승용,남,42세,상해없음,이륜,남,24세,경상
2017081400100197,2017년 8월 14일 10시,월요일,인천광역시 서구 가좌동,중상사고,0,1,0,0,차대차 - 측면충돌,안전운전불이행,건조,맑음,교차로 - 교차로안,화물,남,25세,상해없음,이륜,남,49세,중상
2017081400100244,2017년 8월 14일 11시,월요일,인천광역시 남동구 만수동,중상사고,0,1,0,0,차대사람 - 횡단중,안전운전불이행,건조,맑음,단일로 - 기타,승용,여,36세,상해없음,보행자,여,75세,중상
2017081400100245,2017년 8월 14일 11시,월요일,인천광역시 서구 오류동,경상사고,0,0,2,0,차대차 - 추돌,직진우회전진행방해,건조,맑음,교차로 - 교차로안,건설기계,남,33세,경상,화물,남,59세,경상
2017081400100334,2017년 8월 14일 13시,월요일,인천광역시 중구 율목동,경상사고,0,0,1,0,차대차 - 측면충돌,안전운전불이행,건조,맑음,단일로 - 기타,승합,여,49세,상해없음,승용,남,74세,상해없음
2017081400100335,2017년 8월 14일 13시,월요일,인천광역시 남구 도화동,중상사고,0,1,0,0,차대사람 - 차도통행중,안전운전불이행,건조,맑음,기타 - 기타,승용,남,53세,기타불명,보행자,남,90세 이상,중상