사고번호,사고일시,요일,시군구,사고내용,사망자수,중상자수,경상자수,부상신고자수,사고유형,법규위반,노면상태,기상상태,도로형태,가해운전자 차종,가해운전자 성별,가해운전자 연령,가해운전자 상해정도,피해운전자 차종,피해운전자 성별,피해운전자 연령,피해운전자 상해정도
2017091800100156,2017년 9월 18일 08시,월요일,인천광역시 서구 석남동,경상사고,0,0,1,0,차대차 - 추돌,안전운전불이행,건조,맑음,단일로 - 고가도로위,승합,남,60세,상해없음,승용,남,31세,상해없음
2017091800100207,2017년 9월 18일 09시,월요일,인천광역시 남동구 간석동,중상사고,0,1,0,0,차대차 - 추돌,안전운전불이행,건조,맑음,교차로 - 교차로부근,승용,여,48세,상해없음,승용,여,38세,중상
2017091800100208,2017년 9월 18일 09시,월요일,인천광역시 강화군 강화읍,중상사고,0,1,0,0,차대차 - 측면충돌,신호위반,건조,맑음,교차로 - 교차로안,승용,남,69세,상해없음,화물,남,69세,중상
2017091800100209,2017년 9월 18일 09시,월요일,인천광역시 강화군 강화읍,중상사고,0,1,0,0,차대차 - 측면충돌,교차로운행방법위반,건조,맑음,교차로 - 교차로안,승용,남,33세,상해없음,승용,남,56세,중상
2017091800100210,2017년 9월 18일 09시,월요일,인천광역시 연수구 선학동,경상사고,0,0,1,0,차대차 - 추돌,안전운전불이행,건조,맑음,단일로 - 기타,승용,여,48세,상해없음,승용,남,39세,경상
2017091800100286,2017년 9월 18일 11시,월요일,인천광역시 남구 용현동,경상사고,0,0,1,0,차대차 - 측면충돌,안전운전불이행,건조,맑음,단일로 - 기타,화물,남,22세,기타불명,승용,남,36세,경상
2017091800100317,2017년 9월 18일 12시,월요일,인천광역시 남동구 고잔동,경상사고,0,0,2,0,차대차 - 측면충돌,차로위반,건조,맑음,기타 - 기타,승용,여,62세,상해없음,승용,여,27세,경상
2017091800100318,2017년 9월 18일 12시,월요일,인천광역시 연수구 청학동,중상사고,0,1,0,0,차대차 - 측면충돌,안전운전불이행,건조,맑음,교차로 - 교차로안,승용,남,65세,상해없음,자전거,여,67세,중상
2017091800100347,2017년 9월 18일 13시,월요일,인천광역시 계양구 작전동,중상사고,0,1,1,0,차대사람 - 횡단중,보행자보호의무위반,건조,맑음,교차로 - 교차로횡단보도내,특수,남,54세,상해없음,보행자,남,73세,중상
2017091800100382,2017년 9월 18일 14시,월요일,인천광역시 부평구 부평동,경상사고,0,0,3,0,차대차 - 기타,안전거리미확보,건조,맑음,교차로 - 교차로부근,기타불명,기타불명,미분류,기타불명,승용,여,40세,경상
2017091800100475,2017년 9월 18일 16시,월요일,인천광역시 서구 석남동,경상사고,0,0,1,0,차대차 - 추돌,안전운전불이행,건조,맑음,단일로 - 기타,승용,남,58세,상해없음,승용,남,57세,경상
2017091800100529,2017년 9월 18일 17시,월요일,인천광역시 중구 운서동,경상사고,0,0,1,0,차대차 - 측면충돌,안전운전불이행,건조,맑음,단일로 - 기타,승합,남,33세,상해없음,승용,여,55세,경상
2017091800100582,2017년 9월 18일 18시,월요일,인천광역시 남동구 구월동,경상사고,0,0,2,0,차대차 - 측면충돌,신호위반,건조,맑음,교차로 - 교차로부근,승합,남,57세,상해없음,승용,여,57세,경상
2017091800100583,2017년 9월 18일 18시,월요일,인천광역시 서구 석남동,경상사고,0,0,1,0,차대차 - 기타,안전운전불이행,건조,맑음,교차로 - 교차로안,승용,남,51세,상해없음,승용,남,32세,상해없음
2017091800100584,2017년 9월 18일 18시,월요일,인천광역시 서구 당하동,경상사고,0,0,1,0,차대차 - 측면충돌,안전운전불이행,건조,맑음,교차로 - 교차로부근,승용,남,26세,상해없음,자전거,남,11세,경상
2017091800100585,2017년 9월 18일 18시,월요일,인천광역시 서구 백석동,경상사고,0,0,1,0,차대차 - 측면충돌,안전운전불이행,건조,맑음,단일로 - 기타,승용,여,43세,상해없음,승용,여,49세,경상
2017091800100694,2017년 9월 18일 21시,월요일,인천광역시 남구 주안동,부상신고사고,0,0,0,1,차량단독 - 전도전복,안전운전불이행,건조,맑음,단일로 - 기타,이륜,남,23세,부상신고,미분류,미분류,미분류,미분류
2017091800100695,2017년 9월 18일 21시,월요일,인천광역시 남동구 논현동,경상사고,0,0,2,0,차대차 - 측면충돌,안전운전불이행,건조,맑음,단일로 - 기타,승용,남,61세,상해없음,승합,남,47세,상해없음
2017091800100696,2017년 9월 18일 21시,월요일,인천광역시 계양구 계산동,경상사고,0,0,1,0,차대사람 - 길가장자리구역통행중,안전운전불이행,건조,맑음,교차로 - 교차로안,기타불명,기타불명,미분류,기타불명,보행자,여,14세,경상
2017091800100697,2017년 9월 18일 21시,월요일,인천광역시 부평구 삼산동,중상사고,0,2,3,0,차대차 - 측면충돌,안전거리미확보,건조,맑음,교차로 - 교차로안,승용,남,32세,상해없음,승용,남,44세,경상
2017091900100026,2017년 9월 19일 00시,화요일,인천광역시 중구 신흥동3가,중상사고,0,1,2,0,차대차 - 측면충돌,신호위반,건조,맑음,교차로 - 교차로안,승용,남,59세,상해없음,승용,남,46세,경상
2017091900100027,2017년 9월 19일 00시,화요일,인천광역시 서구 당하동,경상사고,0,0,1,0,차대차 - 측면충돌,신호위반,건조,맑음,교차로 - 교차로안,화물,남,70세,상해없음,승용,남,58세,경상
2017091900100037,2017년 9월 19일 01시,화요일,인천광역시 남구 도화동,중상사고,0,1,0,0,차대차 - 측면충돌,안전운전불이행,건조,맑음,교차로 - 교차로부근,승용,남,27세,상해없음,이륜,남,36세,중상
2017091900100048,2017년 9월 19일 03시,화요일,인천광역시 계양구 박촌동,경상사고,0,0,1,1,차대차 - 추돌,안전운전불이행,건조,맑음,교차로 - 교차로안,이륜,남,16세,경상,이륜,남,15세,부상신고
2017091900100057,2017년 9월 19일 04시,화요일,인천광역시 부평구 청천동,중상사고,0,1,0,0,차대차 - 추돌,안전운전불이행,건조,맑음,교차로 - 교차로부근,승용,남,48세,상해없음,화물,남,47세,중상
2017091900100071,2017년 9월 19일 05시,화요일,인천광역시 남동구 서창동,경상사고,0,0,1,1,차대차 - 기타,교차로운행방법위반,건조,맑음,교차로 - 교차로안,특수,남,54세,상해없음,승용,남,51세,경상
2017091900100072,2017년 9월 19일 05시,화요일,인천광역시 서구 원창동,경상사고,0,0,1,0,차대차 - 측면충돌,안전운전불이행,건조,맑음,교차로 - 교차로부근,승용,여,51세,경상,특수,남,57세,상해없음
2017091900100105,2017년 9월 19일 07시,화요일,인천광역시 남구 숭의동,경상사고,0,0,1,0,차대사람 - 횡단중,신호위반,건조,맑음,교차로 - 교차로안,승용,남,75세,상해없음,보행자,여,27세,경상
2017091900100106,2017년 9월 19일 07시,화요일,인천광역시 계양구 작전동,경상사고,0,0,1,0,차대사람 - 기타,차로위반,건조,맑음,교차로 - 교차로부근,화물,남,26세,상해없음,보행자,남,43세,경상
2017091900100160,2017년 9월 19일 08시,화요일,인천광역시 중구 운서동,경상사고,0,0,3,2,차대차 - 측면충돌,교차로운행방법위반,건조,맑음,교차로 - 교차로안,승용,여,60세,상해없음,승용,여,42세,경상
2017091900100161,2017년 9월 19일 08시,화요일,인천광역시 남구 관교동,경상사고,0,0,1,0,차대차 - 측면충돌,안전운전불이행,건조,맑음,단일로 - 기타,건설기계,남,54세,상해없음,승용,남,39세,경상
2017091900100162,2017년 9월 19일 08시,화요일,인천광역시 남구 주안동,경상사고,0,0,1,0,차대차 - 측면충돌,안전운전불이행,건조,맑음,단일로 - 기타,승용,남,26세,기타불명,화물,남,60세,경상
2017091900100163,2017년 9월 19일 08시,화요일,인천광역시 서구 금곡동,경상사고,0,0,5,0,차대차 - 추돌,안전운전불이행,건조,맑음,교차로 - 교차로부근,승용,남,44세,상해없음,승용,여,42세,경상
2017091900100240,2017년 9월 19일 11시,화요일,인천광역시 남구 주안동,부상신고사고,0,0,0,1,차대사람 - 기타,안전운전불이행,건조,맑음,기타 - 기타,승용,여,52세,상해없음,보행자,남,33세,부상신고
2017091900100241,2017년 9월 19일 11시,화요일,인천광역시 남동구 간석동,경상사고,0,0,1,0,차대차 - 기타,안전운전불이행,건조,맑음,교차로 - 교차로안,승용,남,65세,상해없음,승용,남,34세,경상
2017091900100263,2017년 9월 19일 12시,화요일,인천광역시 남구 학익동,경상사고,0,0,2,0,차대차 - 측면충돌,차로위반,건조,맑음,단일로 - 교량,화물,남,62세,상해없음,승용,여,35세,경상
2017091900100281,2017년 9월 19일 13시,화요일,인천광역시 중구 신흥동3가,경상사고,0,0,2,0,차대차 - 추돌,안전운전불이행,건조,맑음,교차로 - 교차로부근,화물,남,60세,상해없음,승용,남,46세,경상
2017091900100350,2017년 9월 19일 15시,화요일,인천광역시 남구 학익동,경상사고,0,0,1,0,차대사람 - 횡단중,보행자보호의무위반,건조,맑음,교차로 - 교차로횡단보도내,승용,남,41세,상해없음,보행자,여,21세,경상
2017091900100416,2017년 9월 19일 17시,화요일,인천광역시 연수구 청학동,중상사고,0,1,0,0,차대사람 - 횡단중,안전운전불이행,건조,맑음,교차로 - 교차로부근,화물,남,58세,상해없음,보행자,여,74세,중상
2017091900100417,2017년 9월 19일 17시,화요일,인천광역시 서구 가정동,경상사고,0,0,1,2,차대차 - 추돌,안전거리미확보,건조,맑음,단일로 - 교량,승용,남,50세,상해없음,승용,남,51세,부상신고
2017091900100517,2017년 9월 19일 20시,화요일,인천광역시 서구 불로동,경상사고,0,0,5,0,차대차 - 추돌,안전운전불이행,젖음/습기,비,교차로 - 교차로부근,승용,남,56세,상해없음,승용,남,46세,경상
2017091900100561,2017년 9월 19일 21시,화요일,인천광역시 남동구 만수동,경상사고,0,0,1,0,차대사람 - 차도통행중,안전운전불이행,젖음/습기,흐림,단일로 - 기타,이륜,남,18세,상해없음,보행자,여,36세,경상
2017091900100562,2017년 9월 19일 21시,화요일,인천광역시 남동구 구월동,경상사고,0,0,3,0,차대차 - 측면충돌,교차로운행방법위반,젖음/습기,비,교차로 - 교차로안,화물,남,54세,상해없음,승용,남,26세,경상
2017091900100563,2017년 9월 19일 21시,화요일,인천광역시 서구 연희동,중상사고,0,2,0,0,차대사람 - 횡단중,안전운전불이행,건조,맑음,교차로 - 교차로안,승합,남,32세,상해없음,보행자,여,58세,중상
2017091900100593,2017년 9월 19일 22시,화요일,인천광역시 남동구 도림동,경상사고,0,0,1,0,차대차 - 측면충돌,안전운전불이행,건조,맑음,주차장 - 주차장,승용,남,48세,상해없음,승합,남,49세,경상
2017091900100594,2017년 9월 19일 22시,화요일,인천광역시 계양구 작전동,경상사고,0,0,1,0,차대차 - 측면충돌,안전운전불이행,건조,맑음,기타 - 기타,승용,여,61세,상해없음,승용,여,26세,경상
2017091900100613,2017년 9월 19일 23시,화요일,인천광역시 부평구 삼산동,경상사고,0,0,1,0,차대차 - 추돌,안전운전불이행,건조,맑음,단일로 - 기타,승용,남,35세,상해없음,승용,남,41세,경상
2017092000100071,2017년 9월 20일 03시,수요일,인천광역시 남동구 구월동,중상사고,0,1,0,0,차대사람 - 횡단중,신호위반,건조,흐림,교차로 - 교차로안,승용,남,23세,상해없음,보행자,남,27세,중상
2017092000100077,2017년 9월 20일 04시,수요일,인천광역시 남동구 간석동,경상사고,0,0,1,0,차대차 - 측면충돌,안전운전불이행,건조,맑음,교차로 - 교차로안,승용,남,28세,상해없음,승용,남,63세,경상
2017092000100078,2017년 9월 20일 04시,수요일,인천광역시 서구 마전동,중상사고,0,1,0,0,차대사람 - 기타,안전운전불이행,건조,맑음,기타 - 기타,승용,여,42세,상해없음,보행자,남,26세,중상
2017092000100090,2017년 9월 20일 05시,수요일,인천광역시 부평구 청천동,경상사고,0,0,1,0,차대차 - 측면충돌,교차로운행방법위반,건조,맑음,교차로 - 교차로안,승용,남,23세,상해없음,승용,여,42세,경상
2017092000100181,2017년 9월 20일 08시,수요일,인천광역시 중구 운서동,중상사고,0,2,0,0,차대차 - 측면충돌,신호위반,건조,맑음,교차로 - 교차로안,승용,남,48세,상해없음,승용,여,43세,중상
2017092000100182,2017년 9월 20일 08시,수요일,인천광역시 남동구 간석동,경상사고,0,0,2,0,차대차 - 추돌,안전운전불이행,건조,맑음,기타 - 기타,승용,여,26세,상해없음,승용,여,27세,경상
2017092000100183,2017년 9월 20일 08시,수요일,인천광역시 계양구 효성동,중상사고,0,1,0,0,차대사람 - 차도통행중,안전운전불이행,건조,맑음,교차로 - 교차로안,승용,여,42세,상해없음,보행자,여,74세,중상
2017092000100184,2017년 9월 20일 08시,수요일,인천광역시 연수구 옥련동,중상사고,0,1,0,0,차대차 - 측면충돌,중앙선침범,건조,맑음,단일로 - 기타,자전거,남,27세,중상,승합,남,49세,상해없음
2017092000100218,2017년 9월 20일 09시,수요일,인천광역시 남동구 구월동,경상사고,0,0,3,0,차대차 - 추돌,안전운전불이행,건조,맑음,기타 - 기타,이륜,남,18세,경상,승용,남,36세,경상
2017092000100219,2017년 9월 20일 09시,수요일,인천광역시 남동구 만수동,경상사고,0,0,1,0,차대사람 - 차도통행중,안전운전불이행,건조,맑음,단일로 - 기타,승용,여,44세,상해없음,보행자,남,43세,경상
2017092000100247,2017년 9월 20일 10시,수요일,인천광역시 계양구 동양동,경상사고,0,0,1,0,차대사람 - 차도통행중,안전운전불이행,건조,맑음,단일로 - 기타,승용,여,36세,상해없음,보행자,여,61세,경상
2017092000100248,2017년 9월 20일 10시,수요일,인천광역시 연수구 연수동,경상사고,0,0,1,0,차대차 - 측면충돌,안전운전불이행,건조,맑음,교차로 - 교차로부근,승용,여,46세,상해없음,승용,여,48세,경상
2017092000100285,2017년 9월 20일 11시,수요일,인천광역시 강화군 강화읍,중상사고,0,1,0,0,차대차 - 측면충돌,안전거리미확보,건조,맑음,단일로 - 기타,화물,남,59세,상해없음,자전거,남,47세,중상
2017092000100286,2017년 9월 20일 11시,수요일,인천광역시 남동구 장수동,중상사고,0,2,1,0,차대차 - 추돌,안전거리미확보,건조,맑음,단일로 - 교량,승용,여,42세,상해없음,승용,남,32세,중상
2017092000100358,2017년 9월 20일 13시,수요일,인천광역시 남동구 간석동,경상사고,0,0,2,0,차대차 - 추돌,안전운전불이행,건조,맑음,단일로 - 기타,승용,남,30세,기타불명,승용,남,30세,경상
2017092000100393,2017년 9월 20일 14시,수요일,인천광역시 남구 주안동,경상사고,0,0,1,0,차대차 - 기타,안전운전불이행,건조,맑음,단일로 - 기타,승용,남,74세,상해없음,승용,남,34세,경상
2017092000100394,2017년 9월 20일 14시,수요일,인천광역시 남동구 구월동,경상사고,0,0,3,0,차대차 - 측면충돌,신호위반,건조,맑음,교차로 - 교차로부근,승용,여,41세,상해없음,승용,여,56세,경상
2017092000100395,2017년 9월 20일 14시,수요일,인천광역시 남동구 만수동,경상사고,0,0,1,0,차대차 - 기타,안전운전불이행,건조,맑음,기타 - 기타,기타불명,기타불명,미분류,기타불명,승합,남,61세,상해없음
2017092000100396,2017년 9월 20일 14시,수요일,인천광역시 연수구 송도동,경상사고,0,0,3,0,차대차 - 측면충돌,신호위반,건조,맑음,단일로 - 기타,승용,여,31세,상해없음,승용,여,33세,경상
2017092000100397,2017년 9월 20일 14시,수요일,인천광역시 연수구 송도동,경상사고,0,0,2,0,차대차 - 측면충돌,안전거리미확보,건조,맑음,교차로 - 교차로부근,승용,여,36세,상해없음,승용,남,28세,경상
2017092000100466,2017년 9월 20일 16시,수요일,인천광역시 연수구 연수동,경상사고,0,0,1,0,차대사람 - 횡단중,안전운전불이행,건조,맑음,단일로 - 기타,화물,남,29세,상해없음,보행자,남,70세,경상
2017092000100467,2017년 9월 20일 16시,수요일,인천광역시 부평구 구산동,경상사고,0,0,1,0,차대차 - 추돌,안전운전불이행,건조,맑음,교차로 - 교차로부근,승용,여,35세,상해없음,화물,여,60세,경상
2017092000100520,2017년 9월 20일 17시,수요일,인천광역시 중구 운서동,경상사고,0,0,1,0,차대차 - 측면충돌,안전운전불이행,건조,맑음,기타 - 기타,승용,남,46세,상해없음,화물,남,25세,경상
2017092000100521,2017년 9월 20일 17시,수요일,인천광역시 남구 주안동,경상사고,0,0,1,0,차대차 - 측면충돌,안전운전불이행,건조,맑음,기타 - 기타,원동기,남,60세,상해없음,원동기,남,20세,경상
2017092000100522,2017년 9월 20일 17시,수요일,인천광역시 남동구 수산동,중상사고,0,1,0,0,차대사람 - 기타,안전운전불이행,건조,맑음,단일로 - 기타,승용,여,58세,상해없음,보행자,남,3세,중상
2017092000100523,2017년 9월 20일 17시,수요일,인천광역시 남동구 운연동,경상사고,0,0,2,0,차대차 - 추돌,안전운전불이행,건조,맑음,단일로 - 기타,승용,남,22세,상해없음,화물,남,35세,경상
2017092000100586,2017년 9월 20일 18시,수요일,인천광역시 남구 주안동,경상사고,0,0,1,0,차대차 - 추돌,안전운전불이행,건조,맑음,교차로 - 교차로부근,승용,남,32세,상해없음,승용,남,58세,경상
2017092000100587,2017년 9월 20일 18시,수요일,인천광역시 남동구 논현동,중상사고,0,1,1,0,차대차 - 측면충돌,신호위반,건조,맑음,교차로 - 교차로안,승용,남,40세,경상,이륜,남,46세,중상
2017092000100588,2017년 9월 20일 18시,수요일,인천광역시 서구 검암동,경상사고,0,0,1,0,차대사람 - 횡단중,안전운전불이행,건조,맑음,단일로 - 기타,승용,남,32세,상해없음,보행자,여,8세,경상
2017092000100589,2017년 9월 20일 18시,수요일,인천광역시 계양구 상야동,경상사고,0,0,1,0,차대차 - 후진중충돌,안전운전불이행,건조,맑음,단일로 - 기타,화물,남,65세,상해없음,승용,여,32세,경상
2017092000100640,2017년 9월 20일 19시,수요일,인천광역시 부평구 산곡동,경상사고,0,0,2,0,차대차 - 후진중충돌,안전운전불이행,건조,맑음,기타 - 기타,승용,남,55세,상해없음,승용,남,48세,경상
2017092000100641,2017년 9월 20일 19시,수요일,인천광역시 서구 가정동,경상사고,0,0,1,0,차대차 - 추돌,안전운전불이행,건조,맑음,교차로 - 교차로부근,승용,여,35세,상해없음,승용,남,29세,경상
2017092000100642,2017년 9월 20일 19시,수요일,인천광역시 남동구 서창동,경상사고,0,0,1,0,차대차 - 후진중충돌,안전운전불이행,건조,맑음,단일로 - 기타,승용,남,50세,상해없음,화물,남,58세,경상
2017092000100734,2017년 9월 20일 22시,수요일,인천광역시 남동구 남촌동,중상사고,0,1,0,0,차대차 - 측면충돌,신호위반,건조,맑음,교차로 - 교차로안,승합,남,58세,상해없음,승용,남,39세,중상
2017092100100045,2017년 9월 21일 01시,목요일,인천광역시 남구 주안동,경상사고,0,0,1,0,차대차 - 추돌,안전운전불이행,건조,맑음,교차로 - 교차로부근,승용,남,51세,상해없음,화물,남,56세,경상
2017092100100078,2017년 9월 21일 05시,목요일,인천광역시 부평구 십정동,경상사고,0,0,3,0,차대차 - 추돌,안전운전불이행,건조,맑음,교차로 - 교차로부근,화물,남,47세,상해없음,승용,여,64세,경상
2017092100100079,2017년 9월 21일 05시,목요일,인천광역시 서구 경서동,경상사고,0,0,1,0,차대차 - 측면충돌,신호위반,건조,기타,교차로 - 교차로안,화물,남,26세,상해없음,화물,남,45세,상해없음
2017092100100080,2017년 9월 21일 05시,목요일,인천광역시 서구 심곡동,경상사고,0,0,1,0,차대차 - 측면충돌,안전운전불이행,건조,맑음,단일로 - 기타,건설기계,남,45세,상해없음,승용,남,51세,경상
2017092100100114,2017년 9월 21일 07시,목요일,인천광역시 부평구 부평동,경상사고,0,0,1,0,차대차 - 측면충돌,교차로운행방법위반,건조,맑음,교차로 - 교차로안,승용,남,36세,상해없음,승용,여,49세,경상
2017092100100162,2017년 9월 21일 08시,목요일,인천광역시 남동구 고잔동,경상사고,0,0,2,0,차대차 - 추돌,안전운전불이행,건조,맑음,단일로 - 지하차도(도로)내,화물,남,53세,상해없음,승용,여,40세,경상
2017092100100305,2017년 9월 21일 12시,목요일,인천광역시 남동구 만수동,중상사고,0,1,0,0,차대사람 - 횡단중,안전운전불이행,건조,맑음,교차로 - 교차로안,승합,남,66세,상해없음,보행자,여,89세,중상
2017092100100339,2017년 9월 21일 13시,목요일,인천광역시 부평구 산곡동,경상사고,0,0,1,0,차대사람 - 기타,안전운전불이행,건조,맑음,단일로 - 기타,승용,남,68세,상해없음,보행자,남,6세,경상
2017092100100388,2017년 9월 21일 14시,목요일,인천광역시 남동구 만수동,중상사고,0,1,0,0,차대차 - 측면충돌,안전운전불이행,건조,맑음,기타 - 기타,승용,남,54세,상해없음,자전거,남,76세,중상
2017092100100389,2017년 9월 21일 14시,목요일,인천광역시 계양구 작전동,경상사고,0,0,1,0,차대차 - 측면충돌,신호위반,건조,맑음,단일로 - 기타,승합,남,60세,상해없음,승용,여,38세,경상
2017092100100562,2017년 9월 21일 18시,목요일,인천광역시 중구 항동7가,부상신고사고,0,0,0,1,차대사람 - 횡단중,안전운전불이행,건조,맑음,교차로 - 교차로부근,승용,남,45세,상해없음,보행자,남,10세,부상신고
2017092100100607,2017년 9월 21일 19시,목요일,인천광역시 동구 만석동,경상사고,0,0,1,0,차대사람 - 횡단중,신호위반,건조,맑음,교차로 - 교차로안,승용,남,60세,상해없음,보행자,여,42세,경상
2017092100100638,2017년 9월 21일 20시,목요일,인천광역시 남동구 장수동,경상사고,0,0,1,0,차대차 - 측면충돌,안전운전불이행,건조,맑음,단일로 - 기타,승합,남,23세,상해없음,승용,여,45세,경상
2017092100100671,2017년 9월 21일 21시,목요일,인천광역시 남동구 구월동,경상사고,0,0,1,0,차량단독 - 기타,안전운전불이행,건조,맑음,단일로 - 기타,승합,남,55세,상해없음,,,,
2017092100100695,2017년 9월 21일 22시,목요일,인천광역시 연수구 송도동,경상사고,0,0,2,0,차대차 - 후진중충돌,불법유턴,건조,맑음,단일로 - 기타,승용,남,47세,상해없음,승용,남,44세,경상
2017092100100715,2017년 9월 21일 23시,목요일,인천광역시 남동구 구월동,중상사고,0,1,3,0,차대차 - 기타,신호위반,건조,맑음,교차로 - 교차로안,원동기,남,16세,중상,승용,여,59세,경상
2017092100100716,2017년 9월 21일 23시,목요일,인천광역시 남동구 논현동,경상사고,0,0,1,0,차대차 - 추돌,안전운전불이행,건조,맑음,교차로 - 교차로부근,승용,남,48세,상해없음,승용,남,53세,경상
2017092200100045,2017년 9월 22일 00시,금요일,인천광역시 연수구 청학동,경상사고,0,0,1,0,차대사람 - 길가장자리구역통행중,안전운전불이행,건조,맑음,단일로 - 기타,승용,남,54세,상해없음,보행자,남,24세,경상
2017092200100046,2017년 9월 22일 00시,금요일,인천광역시 남동구 만수동,경상사고,0,0,1,0,차대차 - 기타,신호위반,건조,맑음,교차로 - 교차로부근,승용,여,61세,상해없음,승용,남,30세,경상
2017092200100062,2017년 9월 22일 01시,금요일,인천광역시 부평구 십정동,중상사고,0,1,1,0,차대차 - 기타,안전운전불이행,건조,맑음,단일로 - 기타,승용,남,33세,경상,승용,남,60세,중상
2017092200100151,2017년 9월 22일 07시,금요일,인천광역시 남동구 운연동,경상사고,0,0,2,0,차대차 - 추돌,안전운전불이행,건조,맑음,교차로 - 교차로부근,승용,여,36세,상해없음,승합,여,42세,경상
2017092200100186,2017년 9월 22일 08시,금요일,인천광역시 계양구 병방동,경상사고,0,0,1,0,차대사람 - 기타,안전운전불이행,건조,맑음,교차로 - 교차로안,화물,남,58세,상해없음,보행자,여,40세,경상
2017092200100226,2017년 9월 22일 09시,금요일,인천광역시 계양구 계산동,중상사고,0,1,0,0,차대차 - 측면충돌,중앙선침범,건조,맑음,단일로 - 기타,화물,남,49세,상해없음,승용,남,37세,중상
2017092200100284,2017년 9월 22일 11시,금요일,인천광역시 남구 주안동,경상사고,0,0,2,0,차대차 - 후진중충돌,안전운전불이행,건조,맑음,단일로 - 기타,승용,남,83세,상해없음,승용,여,46세,경상
2017092200100342,2017년 9월 22일 13시,금요일,인천광역시 동구 송림동,경상사고,0,0,1,0,차대차 - 측면충돌,안전운전불이행,건조,맑음,교차로 - 교차로안,화물,남,59세,상해없음,승용,남,21세,경상
2017092200100409,2017년 9월 22일 15시,금요일,인천광역시 남구 주안동,중상사고,0,1,0,0,차대사람 - 횡단중,보행자보호의무위반,건조,맑음,교차로 - 교차로횡단보도내,승합,남,61세,상해없음,보행자,여,61세,중상
2017092200100456,2017년 9월 22일 16시,금요일,인천광역시 남동구 구월동,경상사고,0,0,1,0,차대차 - 측면충돌,교차로운행방법위반,건조,맑음,교차로 - 교차로부근,승용,남,65세,상해없음,승용,남,41세,경상
2017092200100457,2017년 9월 22일 16시,금요일,인천광역시 강화군 강화읍,사망사고,1,0,0,0,차대차 - 추돌,교차로운행방법위반,건조,맑음,교차로 - 교차로안,자전거,남,65세,사망,화물,남,62세,상해없음
2017092200100576,2017년 9월 22일 18시,금요일,인천광역시 계양구 용종동,중상사고,0,1,0,0,차대차 - 기타,안전거리미확보,건조,맑음,단일로 - 기타,승용,여,61세,상해없음,이륜,남,56세,중상
2017092200100577,2017년 9월 22일 18시,금요일,인천광역시 계양구 계산동,중상사고,0,1,0,0,차대사람 - 기타,안전운전불이행,건조,맑음,단일로 - 기타,승합,남,43세,상해없음,보행자,남,61세,중상
2017092200100629,2017년 9월 22일 19시,금요일,인천광역시 서구 연희동,경상사고,0,0,2,0,차대차 - 정면충돌,안전운전불이행,건조,맑음,기타 - 기타,자전거,남,17세,경상,자전거,남,27세,경상
2017092200100630,2017년 9월 22일 19시,금요일,인천광역시 서구 오류동,경상사고,0,0,1,0,차대차 - 측면충돌,안전운전불이행,건조,맑음,단일로 - 기타,승용,남,19세,상해없음,승용,남,36세,경상
2017092200100631,2017년 9월 22일 19시,금요일,인천광역시 연수구 옥련동,경상사고,0,0,1,0,차대사람 - 횡단중,안전운전불이행,건조,맑음,기타 - 기타,승용,남,52세,상해없음,보행자,남,15세,경상
2017092200100671,2017년 9월 22일 20시,금요일,인천광역시 계양구 효성동,경상사고,0,0,2,0,차대차 - 측면충돌,신호위반,건조,맑음,교차로 - 교차로안,승용,남,52세,경상,승합,남,59세,경상
2017092200100672,2017년 9월 22일 20시,금요일,인천광역시 부평구 부평동,중상사고,0,1,0,0,차대사람 - 차도통행중,안전운전불이행,건조,맑음,단일로 - 기타,승용,여,33세,상해없음,보행자,남,50세,중상
2017092200100673,2017년 9월 22일 20시,금요일,인천광역시 남동구 논현동,경상사고,0,0,2,0,차대차 - 측면충돌,교차로운행방법위반,건조,맑음,교차로 - 교차로안,승용,여,61세,경상,승용,남,51세,경상
2017092200100753,2017년 9월 22일 22시,금요일,인천광역시 남구 도화동,경상사고,0,0,1,0,차대차 - 측면충돌,안전운전불이행,건조,맑음,교차로 - 교차로안,승용,남,28세,상해없음,승용,남,37세,경상
2017092200100754,2017년 9월 22일 22시,금요일,인천광역시 부평구 삼산동,중상사고,0,2,1,0,차대차 - 측면충돌,신호위반,건조,맑음,교차로 - 교차로안,이륜,남,17세,경상,승용,남,58세,중상
2017092200100779,2017년 9월 22일 23시,금요일,인천광역시 부평구 십정동,경상사고,0,0,1,0,차대사람 - 기타,안전운전불이행,건조,맑음,단일로 - 기타,승용,여,63세,상해없음,보행자,남,31세,경상
2017092200100780,2017년 9월 22일 23시,금요일,인천광역시 남동구 구월동,경상사고,0,0,2,0,차대차 - 측면충돌,중앙선침범,건조,맑음,교차로 - 교차로안,승용,남,49세,상해없음,승용,남,20세,경상
2017092300100046,2017년 9월 23일 00시,토요일,인천광역시 계양구 효성동,중상사고,0,1,3,0,차대차 - 측면충돌,차로위반,건조,맑음,단일로 - 기타,승용,남,50세,상해없음,승용,남,43세,경상