사고번호,사고일시,요일,시군구,사고내용,사망자수,중상자수,경상자수,부상신고자수,사고유형,법규위반,노면상태,기상상태,도로형태,가해운전자 차종,가해운전자 성별,가해운전자 연령,가해운전자 상해정도,피해운전자 차종,피해운전자 성별,피해운전자 연령,피해운전자 상해정도
2017092900100542,2017년 9월 29일 16시,금요일,인천광역시 남구 주안동,중상사고,0,1,0,0,차대차 - 측면충돌,신호위반,건조,맑음,단일로 - 기타,승용,남,37세,상해없음,원동기,남,33세,중상
2017092900100543,2017년 9월 29일 16시,금요일,인천광역시 계양구 작전동,부상신고사고,0,0,0,1,차대차 - 측면충돌,불법유턴,건조,맑음,교차로 - 교차로횡단보도내,자전거,남,76세,부상신고,승용,남,59세,상해없음
2017092900100544,2017년 9월 29일 16시,금요일,인천광역시 남동구 수산동,중상사고,0,1,0,0,차량단독 - 도로외이탈 - 추락,안전운전불이행,건조,맑음,단일로 - 기타,화물,남,41세,상해없음,,,,
2017092900100545,2017년 9월 29일 16시,금요일,인천광역시 부평구 청천동,경상사고,0,0,1,0,차대차 - 기타,차로위반,건조,맑음,단일로 - 교량,승용,남,66세,상해없음,승용,남,27세,상해없음
2017092900100713,2017년 9월 29일 19시,금요일,인천광역시 남구 주안동,경상사고,0,0,2,0,차대차 - 측면충돌,직진우회전진행방해,건조,맑음,교차로 - 교차로안,이륜,남,31세,경상,이륜,남,21세,경상
2017092900100714,2017년 9월 29일 19시,금요일,인천광역시 남동구 구월동,중상사고,0,1,0,0,차량단독 - 기타,기타,건조,맑음,기타 - 기타,승합,남,69세,상해없음,,,,
2017092900100715,2017년 9월 29일 19시,금요일,인천광역시 서구 가정동,중상사고,0,1,0,0,차대사람 - 횡단중,안전운전불이행,건조,맑음,교차로 - 교차로부근,승용,남,57세,상해없음,보행자,남,29세,중상
2017092900100716,2017년 9월 29일 19시,금요일,인천광역시 남동구 도림동,중상사고,0,2,1,0,차대차 - 기타,차로위반,건조,맑음,단일로 - 기타,기타불명,기타불명,미분류,기타불명,승용,남,65세,중상
2017092900100717,2017년 9월 29일 19시,금요일,인천광역시 서구 가정동,경상사고,0,0,1,0,차대차 - 측면충돌,안전거리미확보,건조,맑음,단일로 - 기타,승용,여,49세,상해없음,승용,여,30세,경상
2017092900100718,2017년 9월 29일 19시,금요일,인천광역시 계양구 작전동,경상사고,0,0,1,0,차대차 - 추돌,안전운전불이행,건조,맑음,단일로 - 기타,승용,남,34세,상해없음,승용,남,38세,경상
2017092900100804,2017년 9월 29일 21시,금요일,인천광역시 동구 송림동,경상사고,0,0,2,0,차대차 - 추돌,안전운전불이행,건조,맑음,단일로 - 기타,승용,남,29세,상해없음,승용,남,44세,경상
2017092900100805,2017년 9월 29일 21시,금요일,인천광역시 남구 주안동,부상신고사고,0,0,0,1,차대사람 - 길가장자리구역통행중,안전운전불이행,건조,맑음,기타 - 기타,승용,여,27세,기타불명,보행자,남,15세,부상신고
2017092900100836,2017년 9월 29일 22시,금요일,인천광역시 계양구 작전동,경상사고,0,0,1,0,차대차 - 추돌,안전운전불이행,건조,맑음,교차로 - 교차로안,승용,남,35세,상해없음,승용,남,51세,경상
2017092900100837,2017년 9월 29일 22시,금요일,인천광역시 연수구 옥련동,경상사고,0,0,1,0,차대사람 - 길가장자리구역통행중,안전운전불이행,건조,맑음,단일로 - 기타,건설기계,남,49세,상해없음,보행자,여,55세,경상
2017092900100838,2017년 9월 29일 22시,금요일,인천광역시 부평구 부평동,경상사고,0,0,1,0,차대차 - 측면충돌,안전운전불이행,건조,맑음,교차로 - 교차로부근,승용,여,59세,상해없음,원동기,남,26세,경상
2017092900100839,2017년 9월 29일 22시,금요일,인천광역시 남동구 고잔동,중상사고,0,1,1,0,차대차 - 기타,안전운전불이행,건조,맑음,교차로 - 교차로부근,화물,남,50세,상해없음,이륜,남,26세,중상
2017092900100863,2017년 9월 29일 23시,금요일,인천광역시 남구 주안동,경상사고,0,0,1,0,차대차 - 추돌,안전운전불이행,건조,맑음,단일로 - 기타,승용,남,34세,상해없음,승용,남,63세,경상
2017092900100864,2017년 9월 29일 23시,금요일,인천광역시 부평구 십정동,경상사고,0,0,3,0,차대차 - 기타,안전운전불이행,건조,맑음,단일로 - 기타,승용,여,38세,상해없음,승용,남,58세,경상
2017092900100865,2017년 9월 29일 23시,금요일,인천광역시 연수구 동춘동,경상사고,0,0,1,0,차대차 - 측면충돌,안전운전불이행,건조,맑음,교차로 - 교차로부근,이륜,남,33세,상해없음,이륜,남,23세,경상
2017093000100038,2017년 9월 30일 00시,토요일,인천광역시 계양구 효성동,경상사고,0,0,3,0,차대차 - 추돌,안전운전불이행,건조,맑음,단일로 - 기타,승용,남,53세,상해없음,승용,남,45세,경상
2017093000100066,2017년 9월 30일 02시,토요일,인천광역시 남구 학익동,중상사고,0,3,1,0,차대차 - 정면충돌,중앙선침범,건조,맑음,기타 - 기타,승용,남,61세,상해없음,승용,남,68세,중상
2017093000100067,2017년 9월 30일 02시,토요일,인천광역시 서구 마전동,중상사고,0,1,0,0,차대차 - 추돌,안전운전불이행,건조,맑음,교차로 - 교차로안,승용,여,27세,상해없음,승용,남,53세,중상
2017093000100124,2017년 9월 30일 07시,토요일,인천광역시 중구 답동,중상사고,0,1,0,0,차대사람 - 횡단중,과속,건조,맑음,교차로 - 교차로횡단보도내,승용,남,30세,상해없음,보행자,남,50세,중상
2017093000100125,2017년 9월 30일 07시,토요일,인천광역시 남구 주안동,경상사고,0,0,1,0,차대차 - 추돌,안전운전불이행,건조,맑음,교차로 - 교차로안,승용,남,34세,상해없음,승용,남,55세,경상
2017093000100241,2017년 9월 30일 11시,토요일,인천광역시 남구 주안동,경상사고,0,0,1,0,차대사람 - 길가장자리구역통행중,안전운전불이행,기타,기타,단일로 - 기타,승용,여,65세,상해없음,보행자,남,24세,경상
2017093000100272,2017년 9월 30일 12시,토요일,인천광역시 서구 마전동,경상사고,0,0,1,0,차대사람 - 횡단중,신호위반,건조,맑음,교차로 - 교차로부근,승용,남,35세,상해없음,보행자,여,9세,경상
2017093000100321,2017년 9월 30일 13시,토요일,인천광역시 강화군 교동면,중상사고,0,1,0,0,차대차 - 측면충돌,안전운전불이행,건조,맑음,단일로 - 기타,화물,남,47세,상해없음,원동기,남,74세,중상
2017093000100354,2017년 9월 30일 14시,토요일,인천광역시 부평구 부평동,중상사고,0,1,0,0,차대차 - 정면충돌,신호위반,건조,맑음,단일로 - 기타,승용,남,66세,상해없음,승용,여,31세,중상
2017093000100355,2017년 9월 30일 14시,토요일,인천광역시 남동구 수산동,경상사고,0,0,2,0,차대차 - 추돌,안전운전불이행,건조,맑음,단일로 - 기타,화물,남,61세,상해없음,승용,남,41세,경상
2017093000100356,2017년 9월 30일 14시,토요일,인천광역시 남동구 논현동,부상신고사고,0,0,0,1,차대차 - 측면충돌,안전운전불이행,건조,맑음,교차로 - 교차로안,자전거,여,52세,부상신고,자전거,남,13세,상해없음
2017093000100439,2017년 9월 30일 16시,토요일,인천광역시 부평구 삼산동,경상사고,0,0,3,0,차대차 - 추돌,안전운전불이행,건조,맑음,단일로 - 기타,승용,남,58세,상해없음,승용,남,42세,경상
2017093000100562,2017년 9월 30일 19시,토요일,인천광역시 남구 주안동,경상사고,0,0,2,0,차대차 - 추돌,안전운전불이행,건조,맑음,단일로 - 기타,승용,남,30세,상해없음,승용,남,48세,경상
2017093000100563,2017년 9월 30일 19시,토요일,인천광역시 남구 주안동,중상사고,0,1,0,0,차대사람 - 횡단중,안전운전불이행,건조,맑음,단일로 - 기타,이륜,남,24세,상해없음,보행자,여,61세,중상
2017093000100564,2017년 9월 30일 19시,토요일,인천광역시 남동구 논현동,중상사고,0,1,1,0,차대차 - 추돌,안전운전불이행,건조,맑음,교차로 - 교차로부근,승용,남,33세,상해없음,승용,여,40세,중상
2017093000100630,2017년 9월 30일 21시,토요일,인천광역시 서구 경서동,경상사고,0,0,2,3,차대차 - 추돌,안전운전불이행,건조,맑음,단일로 - 기타,승용,남,34세,상해없음,승용,남,42세,경상
2017093000100631,2017년 9월 30일 21시,토요일,인천광역시 서구 가정동,경상사고,0,0,4,0,차대차 - 측면충돌,안전운전불이행,건조,맑음,교차로 - 교차로안,화물,남,62세,경상,화물,남,29세,경상
2017093000100683,2017년 9월 30일 23시,토요일,인천광역시 남구 학익동,경상사고,0,0,1,2,차대차 - 측면충돌,신호위반,건조,맑음,교차로 - 교차로안,승용,남,65세,상해없음,승용,여,58세,경상
2017093000100684,2017년 9월 30일 23시,토요일,인천광역시 남구 주안동,중상사고,0,1,0,0,차대사람 - 횡단중,신호위반,건조,맑음,교차로 - 교차로안,승용,남,65세,상해없음,보행자,남,33세,중상
2017100100100045,2017년 10월 1일 00시,일요일,인천광역시 남동구 고잔동,경상사고,0,0,5,1,차대차 - 측면충돌,안전운전불이행,건조,맑음,단일로 - 지하차도(도로)내,승합,남,50세,상해없음,승용,여,51세,경상
2017100100100104,2017년 10월 1일 05시,일요일,인천광역시 서구 가정동,중상사고,0,2,0,0,차대차 - 측면충돌,신호위반,건조,맑음,교차로 - 교차로안,승용,남,57세,상해없음,승용,여,35세,중상
2017100100100139,2017년 10월 1일 08시,일요일,인천광역시 서구 석남동,중상사고,0,1,0,0,차대사람 - 기타,중앙선침범,건조,맑음,단일로 - 기타,승용,남,55세,상해없음,보행자,남,57세,중상
2017100100100140,2017년 10월 1일 08시,일요일,인천광역시 부평구 삼산동,경상사고,0,0,2,0,차대차 - 측면충돌,안전운전불이행,건조,맑음,단일로 - 터널,승용,남,28세,상해없음,승용,남,60세,경상
2017100100100141,2017년 10월 1일 08시,일요일,인천광역시 남동구 도림동,경상사고,0,0,1,0,차대차 - 측면충돌,차로위반,건조,맑음,단일로 - 기타,승용,남,81세,상해없음,승용,남,41세,경상
2017100100100215,2017년 10월 1일 12시,일요일,인천광역시 남동구 고잔동,중상사고,0,1,0,0,차대차 - 기타,신호위반,건조,맑음,교차로 - 교차로안,승용,여,45세,상해없음,승용,남,41세,중상
2017100100100247,2017년 10월 1일 13시,일요일,인천광역시 남구 관교동,경상사고,0,0,1,0,차대사람 - 기타,안전운전불이행,젖음/습기,비,단일로 - 기타,승합,남,56세,상해없음,보행자,여,64세,경상
2017100100100269,2017년 10월 1일 14시,일요일,인천광역시 남구 학익동,경상사고,0,0,4,0,차대차 - 추돌,안전운전불이행,젖음/습기,비,교차로 - 교차로부근,승합,남,57세,상해없음,승용,남,49세,경상
2017100100100270,2017년 10월 1일 14시,일요일,인천광역시 서구 가좌동,중상사고,0,2,1,0,차대차 - 측면충돌,직진우회전진행방해,건조,맑음,교차로 - 교차로안,승용,여,31세,경상,승용,남,62세,중상
2017100100100298,2017년 10월 1일 15시,일요일,인천광역시 부평구 청천동,경상사고,0,0,1,0,차대차 - 측면충돌,교차로운행방법위반,건조,맑음,교차로 - 교차로안,승용,남,54세,상해없음,승용,남,63세,경상
2017100100100397,2017년 10월 1일 18시,일요일,인천광역시 남동구 만수동,경상사고,0,0,3,0,차대차 - 측면충돌,중앙선침범,젖음/습기,맑음,단일로 - 기타,승용,남,43세,상해없음,승용,남,40세,경상
2017100100100533,2017년 10월 1일 21시,일요일,인천광역시 남구 관교동,경상사고,0,0,1,0,차대차 - 추돌,안전운전불이행,젖음/습기,비,단일로 - 기타,승용,남,37세,상해없음,승용,남,33세,경상
2017100100100534,2017년 10월 1일 21시,일요일,인천광역시 남동구 구월동,경상사고,0,0,4,0,차대차 - 추돌,안전운전불이행,젖음/습기,비,단일로 - 기타,승용,남,37세,상해없음,승용,남,35세,경상
2017100100100535,2017년 10월 1일 21시,일요일,인천광역시 서구 경서동,경상사고,0,0,1,0,차대차 - 측면충돌,신호위반,건조,맑음,교차로 - 교차로횡단보도내,승용,여,39세,상해없음,자전거,남,12세,경상
2017100100100605,2017년 10월 1일 23시,일요일,인천광역시 중구 인현동,경상사고,0,0,3,0,차대차 - 측면충돌,신호위반,젖음/습기,맑음,교차로 - 교차로안,승용,여,58세,상해없음,승용,남,54세,경상
2017100100100606,2017년 10월 1일 23시,일요일,인천광역시 부평구 십정동,부상신고사고,0,0,0,1,차대사람 - 기타,안전운전불이행,젖음/습기,비,단일로 - 기타,기타불명,기타불명,미분류,기타불명,보행자,남,52세,부상신고
2017100200100047,2017년 10월 2일 01시,월요일,인천광역시 동구 송림동,부상신고사고,0,0,0,2,차대차 - 측면충돌,안전거리미확보,젖음/습기,비,교차로 - 교차로안,승용,남,73세,상해없음,승용,남,32세,부상신고
2017100200100048,2017년 10월 2일 01시,월요일,인천광역시 계양구 효성동,경상사고,0,0,1,0,차대차 - 측면충돌,신호위반,젖음/습기,비,교차로 - 교차로안,승용,여,49세,상해없음,승용,여,52세,경상
2017100200100049,2017년 10월 2일 01시,월요일,인천광역시 남동구 도림동,중상사고,0,1,2,0,차대차 - 측면충돌,교차로운행방법위반,건조,맑음,교차로 - 교차로안,승용,남,38세,상해없음,승용,남,33세,중상
2017100200100074,2017년 10월 2일 02시,월요일,인천광역시 부평구 일신동,부상신고사고,0,0,0,1,차량단독 - 공작물충돌,기타,건조,맑음,단일로 - 기타,승용,남,19세,부상신고,,,,
2017100200100134,2017년 10월 2일 06시,월요일,인천광역시 서구 원창동,중상사고,0,1,0,0,차대차 - 정면충돌,신호위반,건조,맑음,교차로 - 교차로안,승용,남,54세,상해없음,승합,남,65세,중상
2017100200100221,2017년 10월 2일 10시,월요일,인천광역시 남동구 구월동,중상사고,0,1,0,0,차대차 - 측면충돌,안전거리미확보,건조,맑음,교차로 - 교차로부근,승용,여,38세,상해없음,승용,남,59세,중상
2017100200100251,2017년 10월 2일 11시,월요일,인천광역시 부평구 청천동,경상사고,0,0,2,0,차대차 - 측면충돌,안전운전불이행,건조,맑음,단일로 - 기타,화물,남,40세,상해없음,승용,여,37세,경상
2017100200100252,2017년 10월 2일 11시,월요일,인천광역시 서구 가정동,경상사고,0,0,1,0,차대차 - 추돌,안전운전불이행,건조,맑음,단일로 - 기타,승용,남,49세,상해없음,승용,남,40세,경상
2017100200100253,2017년 10월 2일 11시,월요일,인천광역시 계양구 계산동,경상사고,0,0,1,0,차대사람 - 차도통행중,안전운전불이행,건조,맑음,교차로 - 교차로부근,승용,남,52세,상해없음,보행자,남,65세,경상
2017100200100322,2017년 10월 2일 13시,월요일,인천광역시 남동구 구월동,경상사고,0,0,1,0,차대사람 - 길가장자리구역통행중,안전운전불이행,건조,맑음,단일로 - 기타,화물,남,38세,상해없음,보행자,남,35세,경상
2017100200100323,2017년 10월 2일 13시,월요일,인천광역시 계양구 병방동,경상사고,0,0,1,0,차대사람 - 길가장자리구역통행중,안전운전불이행,건조,맑음,단일로 - 기타,승용,여,62세,상해없음,보행자,여,58세,경상
2017100200100377,2017년 10월 2일 14시,월요일,인천광역시 남구 주안동,경상사고,0,0,3,0,차대차 - 측면충돌,신호위반,건조,맑음,교차로 - 교차로안,승합,남,47세,상해없음,승용,남,49세,경상
2017100200100378,2017년 10월 2일 14시,월요일,인천광역시 계양구 계산동,중상사고,0,1,0,0,차대사람 - 횡단중,신호위반,건조,맑음,교차로 - 교차로안,화물,남,37세,상해없음,보행자,여,70세,중상
2017100200100379,2017년 10월 2일 14시,월요일,인천광역시 계양구 계산동,경상사고,0,0,2,0,차대차 - 추돌,안전운전불이행,건조,맑음,기타 - 기타,승용,남,61세,상해없음,승용,여,59세,경상
2017100200100457,2017년 10월 2일 16시,월요일,인천광역시 부평구 부평동,중상사고,0,1,0,0,차대사람 - 횡단중,보행자보호의무위반,건조,맑음,단일로 - 기타,승용,여,34세,상해없음,보행자,남,66세,중상
2017100200100458,2017년 10월 2일 16시,월요일,인천광역시 서구 심곡동,중상사고,0,1,0,0,차대사람 - 횡단중,안전운전불이행,건조,맑음,기타 - 기타,승용,여,26세,상해없음,보행자,여,58세,중상
2017100200100506,2017년 10월 2일 17시,월요일,인천광역시 남동구 논현동,경상사고,0,0,1,0,차대차 - 기타,안전운전불이행,건조,맑음,단일로 - 기타,승용,남,24세,상해없음,이륜,남,34세,경상
2017100200100542,2017년 10월 2일 18시,월요일,인천광역시 서구 석남동,중상사고,0,1,0,0,차대사람 - 횡단중,교차로운행방법위반,건조,맑음,교차로 - 교차로횡단보도내,승용,남,40세,상해없음,보행자,남,45세,중상
2017100200100619,2017년 10월 2일 20시,월요일,인천광역시 서구 석남동,중상사고,0,1,0,0,차대차 - 기타,신호위반,건조,맑음,교차로 - 교차로안,이륜,남,59세,중상,이륜,남,61세,상해없음
2017100200100649,2017년 10월 2일 21시,월요일,인천광역시 남구 용현동,경상사고,0,0,1,0,차대사람 - 길가장자리구역통행중,안전운전불이행,건조,맑음,교차로 - 교차로안,기타불명,기타불명,미분류,기타불명,보행자,남,45세,경상
2017100300100050,2017년 10월 3일 02시,화요일,인천광역시 남동구 구월동,경상사고,0,0,2,0,차대차 - 측면충돌,안전운전불이행,건조,맑음,단일로 - 기타,이륜,남,20세,경상,화물,남,37세,상해없음
2017100300100066,2017년 10월 3일 04시,화요일,인천광역시 동구 송림동,중상사고,0,1,2,0,차대차 - 측면충돌,신호위반,건조,맑음,교차로 - 교차로안,이륜,남,21세,경상,승용,남,58세,경상
2017100300100258,2017년 10월 3일 15시,화요일,인천광역시 서구 원창동,경상사고,0,0,2,0,차대차 - 측면충돌,신호위반,건조,맑음,교차로 - 교차로안,승용,남,53세,상해없음,화물,남,50세,경상
2017100300100282,2017년 10월 3일 16시,화요일,인천광역시 남구 숭의동,중상사고,0,1,1,0,차대차 - 측면충돌,신호위반,건조,맑음,교차로 - 교차로안,승용,여,61세,중상,승용,남,62세,경상
2017100300100283,2017년 10월 3일 16시,화요일,인천광역시 남구 숭의동,부상신고사고,0,0,0,1,차대사람 - 기타,안전운전불이행,건조,맑음,교차로 - 교차로부근,기타불명,기타불명,미분류,기타불명,보행자,남,77세,부상신고
2017100300100284,2017년 10월 3일 16시,화요일,인천광역시 강화군 화도면,경상사고,0,0,1,0,차대차 - 측면충돌,중앙선침범,건조,맑음,단일로 - 기타,승용,남,39세,상해없음,이륜,남,37세,경상
2017100300100300,2017년 10월 3일 17시,화요일,인천광역시 서구 가좌동,경상사고,0,0,1,0,차대차 - 기타,안전운전불이행,건조,맑음,교차로 - 교차로안,승용,남,69세,상해없음,승합,남,52세,상해없음
2017100300100344,2017년 10월 3일 19시,화요일,인천광역시 부평구 십정동,중상사고,0,1,0,0,차대사람 - 횡단중,안전운전불이행,건조,맑음,교차로 - 교차로횡단보도내,승용,남,42세,상해없음,보행자,여,57세,중상
2017100300100370,2017년 10월 3일 20시,화요일,인천광역시 서구 당하동,경상사고,0,0,1,0,차대차 - 추돌,안전운전불이행,건조,흐림,교차로 - 교차로부근,승용,남,25세,상해없음,승용,여,50세,경상
2017100300100424,2017년 10월 3일 23시,화요일,인천광역시 연수구 선학동,경상사고,0,0,1,0,차대사람 - 횡단중,안전운전불이행,건조,맑음,단일로 - 기타,승용,남,24세,상해없음,보행자,남,31세,상해없음
2017100300100425,2017년 10월 3일 23시,화요일,인천광역시 연수구 연수동,중상사고,0,1,0,0,차대차 - 추돌,안전운전불이행,건조,맑음,단일로 - 기타,승용,여,34세,상해없음,승용,남,56세,중상
2017100400100045,2017년 10월 4일 02시,수요일,인천광역시 계양구 목상동,부상신고사고,0,0,0,1,차대차 - 추돌,안전운전불이행,건조,맑음,단일로 - 기타,승용,남,23세,상해없음,화물,남,36세,부상신고
2017100400100058,2017년 10월 4일 04시,수요일,인천광역시 연수구 동춘동,중상사고,0,1,0,0,차대사람 - 차도통행중,안전운전불이행,건조,맑음,단일로 - 기타,승용,남,65세,상해없음,보행자,남,19세,중상
2017100400100088,2017년 10월 4일 08시,수요일,인천광역시 남구 용현동,경상사고,0,0,2,0,차대차 - 측면충돌,안전운전불이행,건조,맑음,단일로 - 기타,승용,여,54세,상해없음,승용,여,66세,경상
2017100400100168,2017년 10월 4일 12시,수요일,인천광역시 부평구 산곡동,경상사고,0,0,2,0,차대차 - 측면충돌,신호위반,건조,맑음,교차로 - 교차로부근,이륜,남,22세,상해없음,승용,남,29세,경상
2017100400100169,2017년 10월 4일 12시,수요일,인천광역시 남동구 수산동,경상사고,0,0,2,0,차대차 - 추돌,안전운전불이행,건조,맑음,단일로 - 기타,승합,남,29세,상해없음,승용,남,32세,경상
2017100400100194,2017년 10월 4일 13시,수요일,인천광역시 남구 용현동,경상사고,0,0,1,0,차대차 - 측면충돌,신호위반,건조,맑음,교차로 - 교차로안,승용,남,61세,상해없음,화물,남,54세,경상
2017100400100195,2017년 10월 4일 13시,수요일,인천광역시 남구 용현동,중상사고,0,1,0,0,차대차 - 측면충돌,중앙선침범,건조,맑음,단일로 - 기타,개인형이동수단(PM),남,55세,중상,승용,남,37세,상해없음
2017100400100221,2017년 10월 4일 14시,수요일,인천광역시 남동구 구월동,경상사고,0,0,3,0,차대차 - 측면충돌,신호위반,건조,맑음,교차로 - 교차로안,승합,남,59세,상해없음,승합,남,50세,경상
2017100400100246,2017년 10월 4일 15시,수요일,인천광역시 강화군 양도면,경상사고,0,0,3,0,차대차 - 추돌,안전운전불이행,건조,맑음,단일로 - 기타,승용,남,56세,상해없음,승용,남,25세,경상
2017100400100328,2017년 10월 4일 19시,수요일,인천광역시 서구 석남동,경상사고,0,0,1,0,차대차 - 추돌,안전운전불이행,건조,맑음,교차로 - 교차로안,승합,남,57세,상해없음,승용,여,62세,경상
2017100400100349,2017년 10월 4일 20시,수요일,인천광역시 중구 을왕동,경상사고,0,0,1,0,차대사람 - 횡단중,안전운전불이행,건조,맑음,단일로 - 기타,승용,남,20세,상해없음,보행자,남,44세,경상
2017100400100375,2017년 10월 4일 22시,수요일,인천광역시 부평구 부평동,경상사고,0,0,1,0,차대사람 - 기타,안전운전불이행,건조,맑음,단일로 - 기타,화물,남,47세,상해없음,보행자,남,70세,경상
2017100400100388,2017년 10월 4일 23시,수요일,인천광역시 옹진군 영흥면,경상사고,0,0,1,0,차대차 - 측면충돌,안전운전불이행,건조,맑음,단일로 - 기타,화물,여,61세,기타불명,승용,여,33세,경상
2017100400100389,2017년 10월 4일 23시,수요일,인천광역시 부평구 부평동,중상사고,0,1,2,0,차대차 - 측면충돌,신호위반,건조,맑음,교차로 - 교차로부근,승용,남,40세,상해없음,승용,남,56세,경상
2017100500100051,2017년 10월 5일 03시,목요일,인천광역시 부평구 삼산동,사망사고,1,0,0,0,차대차 - 기타,안전운전불이행,건조,맑음,교차로 - 교차로안,승용,남,23세,상해없음,승용,남,53세,상해없음
2017100500100052,2017년 10월 5일 03시,목요일,인천광역시 남동구 논현동,경상사고,0,0,1,0,차대차 - 기타,안전운전불이행,건조,맑음,교차로 - 교차로부근,승용,남,36세,상해없음,승용,남,34세,경상
2017100500100188,2017년 10월 5일 14시,목요일,인천광역시 강화군 하점면,중상사고,0,1,1,0,차대차 - 측면충돌,안전운전불이행,건조,맑음,교차로 - 교차로안,승용,남,62세,경상,원동기,남,71세,중상
2017100500100211,2017년 10월 5일 15시,목요일,인천광역시 남동구 구월동,경상사고,0,0,2,0,차대차 - 추돌,안전운전불이행,건조,맑음,교차로 - 교차로부근,승용,남,20세,기타불명,승용,남,51세,경상
2017100500100233,2017년 10월 5일 16시,목요일,인천광역시 옹진군 연평면,중상사고,0,1,0,0,차대차 - 측면충돌,안전운전불이행,건조,맑음,기타 - 기타,승용,남,55세,상해없음,승용,남,28세,중상
2017100500100252,2017년 10월 5일 17시,목요일,인천광역시 중구 운서동,중상사고,0,1,0,0,차대차 - 측면충돌,안전운전불이행,건조,맑음,단일로 - 기타,승용,남,52세,상해없음,승용,남,63세,중상
2017100500100277,2017년 10월 5일 18시,목요일,인천광역시 옹진군 대청면,경상사고,0,0,1,0,차대사람 - 길가장자리구역통행중,중앙선침범,건조,맑음,단일로 - 기타,화물,남,64세,상해없음,보행자,여,52세,경상
2017100500100323,2017년 10월 5일 20시,목요일,인천광역시 서구 가좌동,중상사고,0,2,0,0,차대사람 - 길가장자리구역통행중,안전운전불이행,건조,맑음,단일로 - 기타,승용,여,35세,상해없음,보행자,남,60세,중상
2017100500100349,2017년 10월 5일 21시,목요일,인천광역시 부평구 삼산동,중상사고,0,1,1,0,차대차 - 측면충돌,신호위반,건조,맑음,교차로 - 교차로안,이륜,남,19세,중상,승용,남,55세,경상
2017100500100395,2017년 10월 5일 23시,목요일,인천광역시 서구 가좌동,경상사고,0,0,3,0,차대차 - 후진중충돌,안전운전불이행,건조,맑음,교차로 - 교차로부근,승용,남,54세,기타불명,승용,남,60세,경상
2017100600100043,2017년 10월 6일 01시,금요일,인천광역시 남동구 논현동,경상사고,0,0,1,0,차량단독 - 전도전복,안전운전불이행,건조,맑음,교차로 - 교차로안,원동기,남,17세,상해없음,미분류,미분류,미분류,미분류
2017100600100092,2017년 10월 6일 05시,금요일,인천광역시 남동구 구월동,중상사고,0,1,1,0,차대차 - 측면충돌,안전운전불이행,건조,맑음,단일로 - 기타,승합,남,70세,상해없음,승용,남,70세,중상
2017100600100138,2017년 10월 6일 09시,금요일,인천광역시 계양구 작전동,경상사고,0,0,1,0,차대차 - 기타,신호위반,건조,맑음,교차로 - 교차로부근,승용,여,57세,상해없음,승용,남,61세,경상
2017100600100149,2017년 10월 6일 10시,금요일,인천광역시 남동구 구월동,중상사고,0,1,0,0,차대차 - 기타,신호위반,건조,맑음,단일로 - 기타,이륜,남,65세,상해없음,화물,남,22세,중상
2017100600100174,2017년 10월 6일 11시,금요일,인천광역시 강화군 불은면,경상사고,0,0,2,0,차대차 - 추돌,안전운전불이행,건조,맑음,교차로 - 교차로부근,화물,남,54세,상해없음,승용,여,73세,경상
2017100600100189,2017년 10월 6일 12시,금요일,인천광역시 남동구 구월동,경상사고,0,0,2,0,차대차 - 측면충돌,신호위반,건조,맑음,교차로 - 교차로안,이륜,남,28세,상해없음,승용,남,25세,경상
2017100600100210,2017년 10월 6일 13시,금요일,인천광역시 남동구 고잔동,경상사고,0,0,3,0,차대차 - 측면충돌,신호위반,건조,맑음,교차로 - 교차로안,승용,남,67세,상해없음,승용,남,34세,경상
2017100600100235,2017년 10월 6일 14시,금요일,인천광역시 연수구 송도동,경상사고,0,0,1,0,차대차 - 측면충돌,안전운전불이행,건조,맑음,교차로 - 교차로부근,승용,남,44세,상해없음,승용,남,25세,경상
2017100600100287,2017년 10월 6일 17시,금요일,인천광역시 동구 송림동,경상사고,0,0,5,1,차대차 - 측면충돌,안전운전불이행,건조,맑음,단일로 - 기타,승용,남,32세,경상,승합,남,51세,상해없음
2017100600100288,2017년 10월 6일 17시,금요일,인천광역시 남구 숭의동,중상사고,0,1,0,0,차대차 - 기타,안전운전불이행,건조,맑음,단일로 - 기타,승용,남,48세,기타불명,자전거,남,24세,중상
2017100600100344,2017년 10월 6일 19시,금요일,인천광역시 남동구 장수동,경상사고,0,0,4,0,차대차 - 측면충돌,신호위반,건조,맑음,교차로 - 교차로안,승용,여,24세,상해없음,승용,남,61세,경상
2017100600100391,2017년 10월 6일 21시,금요일,인천광역시 부평구 부평동,경상사고,0,0,1,0,차대차 - 측면충돌,안전운전불이행,건조,맑음,단일로 - 기타,기타불명,기타불명,미분류,기타불명,승합,남,58세,상해없음
2017100600100392,2017년 10월 6일 21시,금요일,인천광역시 남동구 논현동,부상신고사고,0,0,0,1,차대차 - 기타,안전운전불이행,건조,맑음,교차로 - 교차로안,기타불명,기타불명,미분류,기타불명,자전거,남,26세,부상신고