사고번호,사고일시,요일,시군구,사고내용,사망자수,중상자수,경상자수,부상신고자수,사고유형,법규위반,노면상태,기상상태,도로형태,가해운전자 차종,가해운전자 성별,가해운전자 연령,가해운전자 상해정도,피해운전자 차종,피해운전자 성별,피해운전자 연령,피해운전자 상해정도
2017100600100422,2017년 10월 6일 22시,금요일,인천광역시 서구 연희동,경상사고,0,0,1,0,차대차 - 추돌,안전운전불이행,건조,맑음,단일로 - 기타,승용,남,37세,상해없음,승용,여,52세,경상
2017100600100423,2017년 10월 6일 22시,금요일,인천광역시 연수구 동춘동,경상사고,0,0,1,0,차대차 - 측면충돌,교차로운행방법위반,건조,맑음,교차로 - 교차로안,승용,여,31세,상해없음,승용,남,39세,경상
2017100700100032,2017년 10월 7일 00시,토요일,인천광역시 부평구 십정동,중상사고,0,1,0,0,차량단독 - 기타,안전운전불이행,건조,맑음,교차로 - 교차로부근,승용,남,53세,상해없음,,,,
2017100700100049,2017년 10월 7일 01시,토요일,인천광역시 남동구 구월동,경상사고,0,0,2,0,차대차 - 추돌,안전거리미확보,건조,맑음,교차로 - 교차로부근,승용,남,29세,상해없음,승용,남,64세,경상
2017100700100060,2017년 10월 7일 02시,토요일,인천광역시 남동구 구월동,경상사고,0,0,2,0,차량단독 - 공작물충돌,안전운전불이행,건조,맑음,교차로 - 교차로안,승용,남,55세,상해없음,,,,
2017100700100081,2017년 10월 7일 05시,토요일,인천광역시 남동구 간석동,경상사고,0,0,1,0,차대사람 - 기타,안전운전불이행,건조,맑음,기타 - 기타,승합,남,23세,상해없음,보행자,남,36세,경상
2017100700100089,2017년 10월 7일 06시,토요일,인천광역시 남동구 구월동,중상사고,0,1,0,0,차대차 - 추돌,안전운전불이행,건조,기타,단일로 - 기타,기타불명,기타불명,미분류,기타불명,자전거,남,76세,중상
2017100700100171,2017년 10월 7일 11시,토요일,인천광역시 중구 신흥동3가,경상사고,0,0,1,0,차대차 - 측면충돌,안전거리미확보,건조,맑음,단일로 - 기타,승용,여,35세,상해없음,승용,남,30세,경상
2017100700100201,2017년 10월 7일 12시,토요일,인천광역시 부평구 부개동,경상사고,0,0,1,0,차대차 - 추돌,안전운전불이행,건조,맑음,교차로 - 교차로부근,승용,남,52세,상해없음,승용,여,48세,경상
2017100700100202,2017년 10월 7일 12시,토요일,인천광역시 남동구 장수동,경상사고,0,0,1,0,차대차 - 추돌,안전운전불이행,건조,맑음,교차로 - 교차로부근,승용,남,49세,상해없음,승용,여,37세,경상
2017100700100229,2017년 10월 7일 13시,토요일,인천광역시 중구 중산동,경상사고,0,0,1,0,차대사람 - 횡단중,보행자보호의무위반,건조,맑음,교차로 - 교차로안,승용,남,71세,상해없음,보행자,남,1세,경상
2017100700100230,2017년 10월 7일 13시,토요일,인천광역시 중구 유동,경상사고,0,0,1,0,차대차 - 추돌,안전운전불이행,건조,맑음,교차로 - 교차로부근,승용,남,45세,상해없음,승용,남,42세,경상
2017100700100262,2017년 10월 7일 14시,토요일,인천광역시 강화군 길상면,중상사고,0,1,1,0,차대차 - 측면충돌,안전운전불이행,건조,맑음,단일로 - 기타,승용,남,51세,상해없음,승용,남,58세,중상
2017100700100292,2017년 10월 7일 15시,토요일,인천광역시 서구 마전동,경상사고,0,0,1,0,차대차 - 측면충돌,안전거리미확보,건조,맑음,기타 - 기타,승용,남,54세,경상,승용,남,53세,상해없음
2017100700100327,2017년 10월 7일 16시,토요일,인천광역시 강화군 양도면,중상사고,0,2,0,0,차대차 - 후진중충돌,불법유턴,건조,맑음,단일로 - 기타,화물,남,56세,상해없음,승용,남,34세,중상
2017100700100349,2017년 10월 7일 17시,토요일,인천광역시 남구 숭의동,경상사고,0,0,3,0,차대차 - 측면충돌,신호위반,건조,맑음,교차로 - 교차로안,승용,여,52세,상해없음,승용,남,56세,경상
2017100700100417,2017년 10월 7일 19시,토요일,인천광역시 동구 송현동,경상사고,0,0,4,0,차대차 - 측면충돌,중앙선침범,건조,맑음,교차로 - 교차로부근,승용,남,51세,상해없음,승용,남,18세,경상
2017100700100418,2017년 10월 7일 19시,토요일,인천광역시 중구 운서동,경상사고,0,0,1,0,차량단독 - 공작물충돌,안전운전불이행,건조,맑음,단일로 - 기타,이륜,남,16세,상해없음,,,,
2017100700100419,2017년 10월 7일 19시,토요일,인천광역시 부평구 청천동,경상사고,0,0,1,0,차대차 - 측면충돌,중앙선침범,건조,맑음,단일로 - 기타,승용,남,53세,상해없음,이륜,남,17세,경상
2017100700100420,2017년 10월 7일 19시,토요일,인천광역시 서구 마전동,중상사고,0,1,0,0,차대차 - 측면충돌,안전운전불이행,건조,맑음,교차로 - 교차로안,승용,남,57세,상해없음,이륜,남,18세,중상
2017100700100446,2017년 10월 7일 20시,토요일,인천광역시 옹진군 영흥면,중상사고,0,1,2,11,차대차 - 추돌,중앙선침범,건조,맑음,단일로 - 기타,화물,남,20세,부상신고,승합,남,62세,경상
2017100700100468,2017년 10월 7일 21시,토요일,인천광역시 남구 관교동,경상사고,0,0,1,0,차대사람 - 횡단중,안전운전불이행,건조,맑음,교차로 - 교차로횡단보도내,승용,남,63세,상해없음,보행자,남,35세,경상
2017100700100469,2017년 10월 7일 21시,토요일,인천광역시 계양구 작전동,경상사고,0,0,1,0,차대차 - 측면충돌,신호위반,건조,맑음,교차로 - 교차로안,승용,여,51세,상해없음,승용,남,25세,경상
2017100700100489,2017년 10월 7일 22시,토요일,인천광역시 부평구 십정동,사망사고,1,0,0,0,차대사람 - 기타,안전운전불이행,건조,맑음,단일로 - 기타,승용,여,36세,상해없음,보행자,남,56세,사망
2017100800100057,2017년 10월 8일 04시,일요일,인천광역시 계양구 귤현동,중상사고,0,1,0,0,차대차 - 측면충돌,중앙선침범,건조,맑음,단일로 - 기타,승합,남,42세,상해없음,승용,남,58세,중상
2017100800100069,2017년 10월 8일 06시,일요일,인천광역시 계양구 계산동,경상사고,0,0,1,0,차대차 - 추돌,안전운전불이행,건조,맑음,교차로 - 교차로안,승용,남,50세,상해없음,승용,남,59세,경상
2017100800100091,2017년 10월 8일 08시,일요일,인천광역시 부평구 청천동,경상사고,0,0,2,0,차대차 - 기타,중앙선침범,건조,맑음,단일로 - 기타,승용,남,55세,상해없음,승용,남,50세,경상
2017100800100159,2017년 10월 8일 12시,일요일,인천광역시 남동구 간석동,경상사고,0,0,1,0,차대사람 - 횡단중,안전운전불이행,건조,맑음,단일로 - 기타,승용,여,38세,상해없음,보행자,남,69세,경상
2017100800100181,2017년 10월 8일 13시,일요일,인천광역시 남동구 만수동,중상사고,0,1,0,0,차대사람 - 차도통행중,안전운전불이행,건조,맑음,단일로 - 기타,승용,남,32세,상해없음,보행자,남,77세,중상
2017100800100204,2017년 10월 8일 14시,일요일,인천광역시 서구 경서동,중상사고,0,1,0,0,차대사람 - 횡단중,신호위반,건조,맑음,교차로 - 교차로부근,승용,여,30세,상해없음,보행자,여,9세,중상
2017100800100283,2017년 10월 8일 17시,일요일,인천광역시 남구 용현동,경상사고,0,0,1,0,차대차 - 측면충돌,중앙선침범,건조,맑음,단일로 - 기타,자전거,남,72세,경상,승용,여,51세,상해없음
2017100800100284,2017년 10월 8일 17시,일요일,인천광역시 서구 연희동,경상사고,0,0,4,0,차대차 - 측면충돌,안전운전불이행,건조,맑음,교차로 - 교차로안,승용,남,47세,상해없음,화물,남,48세,경상
2017100800100285,2017년 10월 8일 17시,일요일,인천광역시 계양구 귤현동,부상신고사고,0,0,0,1,차대차 - 기타,안전운전불이행,건조,맑음,단일로 - 기타,자전거,남,22세,상해없음,자전거,남,5세,부상신고
2017100900100029,2017년 10월 9일 00시,월요일,인천광역시 남구 숭의동,경상사고,0,0,1,0,차대차 - 추돌,안전운전불이행,건조,맑음,교차로 - 교차로부근,승용,남,57세,기타불명,승용,남,56세,경상
2017100900100071,2017년 10월 9일 05시,월요일,인천광역시 부평구 부평동,중상사고,0,2,0,0,차대차 - 측면충돌,신호위반,건조,맑음,교차로 - 교차로안,이륜,남,20세,기타불명,승용,남,64세,상해없음
2017100900100084,2017년 10월 9일 06시,월요일,인천광역시 서구 연희동,부상신고사고,0,0,0,1,차대차 - 측면충돌,안전운전불이행,건조,맑음,교차로 - 교차로안,이륜,남,17세,부상신고,승용,여,56세,상해없음
2017100900100221,2017년 10월 9일 14시,월요일,인천광역시 부평구 부평동,경상사고,0,0,1,0,차대차 - 측면충돌,안전운전불이행,건조,맑음,교차로 - 교차로부근,승용,여,53세,상해없음,승용,여,28세,경상
2017100900100249,2017년 10월 9일 15시,월요일,인천광역시 계양구 계산동,경상사고,0,0,1,0,차대차 - 기타,안전운전불이행,건조,맑음,단일로 - 기타,이륜,남,16세,상해없음,승용,남,30세,상해없음
2017100900100293,2017년 10월 9일 16시,월요일,인천광역시 서구 석남동,경상사고,0,0,1,0,차대사람 - 보도통행중,기타,건조,맑음,기타 - 기타,이륜,남,21세,상해없음,보행자,남,8세,경상
2017100900100294,2017년 10월 9일 16시,월요일,인천광역시 강화군 선원면,중상사고,0,1,0,0,차대차 - 측면충돌,안전운전불이행,건조,맑음,교차로 - 교차로안,승용,여,46세,상해없음,원동기,남,67세,중상
2017100900100330,2017년 10월 9일 17시,월요일,인천광역시 부평구 청천동,중상사고,0,1,0,0,차대사람 - 횡단중,보행자보호의무위반,건조,맑음,교차로 - 교차로횡단보도내,화물,남,51세,상해없음,보행자,남,25세,중상
2017100900100331,2017년 10월 9일 17시,월요일,인천광역시 남동구 만수동,중상사고,0,1,0,0,차대사람 - 길가장자리구역통행중,안전운전불이행,건조,맑음,단일로 - 기타,승용,남,31세,상해없음,보행자,여,85세,중상
2017100900100395,2017년 10월 9일 19시,월요일,인천광역시 서구 연희동,경상사고,0,0,1,0,차대차 - 측면충돌,안전운전불이행,건조,맑음,교차로 - 교차로안,승용,남,36세,상해없음,이륜,남,58세,경상
2017100900100420,2017년 10월 9일 20시,월요일,인천광역시 남구 용현동,중상사고,0,1,0,0,차대사람 - 기타,안전운전불이행,기타,기타,단일로 - 기타,승용,남,49세,상해없음,보행자,남,60세,중상
2017100900100435,2017년 10월 9일 21시,월요일,인천광역시 남동구 간석동,경상사고,0,0,1,0,차대차 - 측면충돌,신호위반,건조,맑음,교차로 - 교차로안,승합,남,25세,상해없음,화물,남,35세,경상
2017100900100436,2017년 10월 9일 21시,월요일,인천광역시 부평구 삼산동,경상사고,0,0,1,0,차대차 - 추돌,안전거리미확보,건조,맑음,교차로 - 교차로부근,승용,남,49세,상해없음,이륜,남,58세,경상
2017100900100451,2017년 10월 9일 22시,월요일,인천광역시 남동구 구월동,경상사고,0,0,1,0,차대차 - 측면충돌,신호위반,건조,맑음,교차로 - 교차로안,이륜,남,17세,상해없음,승용,남,54세,상해없음
2017101000100073,2017년 10월 10일 06시,화요일,인천광역시 계양구 작전동,경상사고,0,0,2,0,차대차 - 추돌,안전운전불이행,건조,맑음,교차로 - 교차로부근,승용,여,48세,상해없음,승용,남,35세,경상
2017101000100093,2017년 10월 10일 07시,화요일,인천광역시 남동구 구월동,경상사고,0,0,1,0,차대차 - 추돌,안전거리미확보,건조,맑음,교차로 - 교차로부근,승용,남,23세,상해없음,승용,남,74세,상해없음
2017101000100129,2017년 10월 10일 08시,화요일,인천광역시 중구 항동7가,중상사고,0,1,0,0,차대사람 - 횡단중,안전운전불이행,건조,흐림,단일로 - 기타,화물,남,60세,상해없음,보행자,여,59세,중상
2017101000100130,2017년 10월 10일 08시,화요일,인천광역시 남동구 만수동,경상사고,0,0,1,0,차대차 - 기타,안전운전불이행,건조,맑음,교차로 - 교차로안,승용,여,44세,상해없음,승용,여,37세,경상
2017101000100170,2017년 10월 10일 09시,화요일,인천광역시 동구 송림동,중상사고,0,1,1,0,차대차 - 측면충돌,중앙선침범,건조,맑음,단일로 - 기타,자전거,남,63세,중상,이륜,남,35세,경상
2017101000100171,2017년 10월 10일 09시,화요일,인천광역시 남동구 만수동,중상사고,0,1,0,0,차량단독 - 기타,안전운전불이행,건조,맑음,단일로 - 기타,승합,남,61세,상해없음,,,,
2017101000100199,2017년 10월 10일 10시,화요일,인천광역시 계양구 오류동,중상사고,0,1,0,0,차대차 - 측면충돌,안전운전불이행,젖음/습기,비,교차로 - 교차로안,승용,여,54세,상해없음,화물,남,64세,중상
2017101000100288,2017년 10월 10일 13시,화요일,인천광역시 부평구 청천동,중상사고,0,1,0,0,차대사람 - 보도통행중,기타,건조,맑음,단일로 - 기타,화물,남,56세,상해없음,보행자,여,74세,중상
2017101000100325,2017년 10월 10일 14시,화요일,인천광역시 계양구 동양동,중상사고,0,1,0,0,차대차 - 측면충돌,신호위반,건조,맑음,교차로 - 교차로안,이륜,남,71세,중상,화물,남,47세,상해없음
2017101000100353,2017년 10월 10일 15시,화요일,인천광역시 남구 문학동,경상사고,0,0,2,0,차대차 - 측면충돌,안전운전불이행,건조,맑음,기타 - 기타,승용,여,36세,상해없음,승합,남,38세,경상
2017101000100354,2017년 10월 10일 15시,화요일,인천광역시 남동구 논현동,중상사고,0,1,0,0,차대사람 - 횡단중,안전운전불이행,건조,맑음,교차로 - 교차로부근,특수,남,50세,상해없음,보행자,남,58세,중상
2017101000100387,2017년 10월 10일 16시,화요일,인천광역시 남구 문학동,경상사고,0,0,1,0,차대사람 - 횡단중,안전운전불이행,건조,맑음,단일로 - 기타,승용,남,59세,상해없음,보행자,여,22세,경상
2017101000100462,2017년 10월 10일 18시,화요일,인천광역시 남동구 구월동,경상사고,0,0,1,0,차대사람 - 길가장자리구역통행중,안전운전불이행,건조,맑음,단일로 - 기타,승용,남,61세,상해없음,보행자,여,8세,경상
2017101000100463,2017년 10월 10일 18시,화요일,인천광역시 서구 가좌동,중상사고,0,1,0,0,차대차 - 추돌,신호위반,건조,기타,교차로 - 교차로안,승용,남,57세,상해없음,이륜,남,19세,중상
2017101000100464,2017년 10월 10일 18시,화요일,인천광역시 연수구 송도동,경상사고,0,0,1,0,차대차 - 측면충돌,안전운전불이행,건조,맑음,단일로 - 기타,승용,여,57세,상해없음,자전거,여,22세,경상
2017101000100510,2017년 10월 10일 19시,화요일,인천광역시 서구 심곡동,경상사고,0,0,1,0,차대차 - 추돌,안전운전불이행,건조,기타,교차로 - 교차로안,승합,남,52세,경상,승용,여,53세,상해없음
2017101000100511,2017년 10월 10일 19시,화요일,인천광역시 서구 경서동,경상사고,0,0,2,0,차대차 - 추돌,교차로운행방법위반,건조,기타,교차로 - 교차로안,화물,남,50세,상해없음,승용,남,45세,경상
2017101000100512,2017년 10월 10일 19시,화요일,인천광역시 남동구 논현동,경상사고,0,0,3,0,차대차 - 추돌,안전운전불이행,건조,맑음,교차로 - 교차로부근,승용,여,42세,상해없음,승용,남,27세,경상
2017101000100532,2017년 10월 10일 20시,화요일,인천광역시 남동구 운연동,중상사고,0,1,0,0,차대차 - 추돌,안전거리미확보,건조,맑음,단일로 - 교량,승용,남,37세,상해없음,승용,남,31세,중상
2017101000100556,2017년 10월 10일 21시,화요일,인천광역시 부평구 부평동,부상신고사고,0,0,0,1,차대사람 - 기타,안전운전불이행,건조,맑음,단일로 - 기타,기타불명,기타불명,미분류,기타불명,보행자,여,16세,부상신고
2017101000100557,2017년 10월 10일 21시,화요일,인천광역시 서구 검암동,경상사고,0,0,1,0,차대차 - 추돌,안전운전불이행,건조,기타,기타 - 기타,승용,남,32세,상해없음,승합,남,51세,경상
2017101000100558,2017년 10월 10일 21시,화요일,인천광역시 부평구 갈산동,중상사고,0,1,0,0,차대사람 - 횡단중,보행자보호의무위반,건조,맑음,교차로 - 교차로안,승용,남,40세,상해없음,보행자,여,62세,중상
2017101000100576,2017년 10월 10일 22시,화요일,인천광역시 강화군 길상면,중상사고,0,1,0,0,차대차 - 추돌,안전운전불이행,젖음/습기,비,단일로 - 기타,화물,남,46세,상해없음,이륜,남,76세,중상
2017101000100577,2017년 10월 10일 22시,화요일,인천광역시 남동구 서창동,중상사고,0,1,0,0,차대차 - 측면충돌,안전운전불이행,건조,맑음,단일로 - 기타,승용,남,58세,상해없음,승합,남,61세,상해없음
2017101000100599,2017년 10월 10일 23시,화요일,인천광역시 남동구 구월동,경상사고,0,0,1,1,차대차 - 추돌,안전운전불이행,젖음/습기,비,단일로 - 기타,승용,여,35세,상해없음,승용,남,60세,경상
2017101100100062,2017년 10월 11일 02시,수요일,인천광역시 부평구 갈산동,경상사고,0,0,2,0,차대차 - 추돌,안전운전불이행,젖음/습기,비,단일로 - 기타,화물,남,32세,상해없음,승용,남,63세,경상
2017101100100065,2017년 10월 11일 03시,수요일,인천광역시 서구 불로동,사망사고,1,0,0,0,차대사람 - 기타,안전운전불이행,젖음/습기,비,교차로 - 교차로부근,승용,남,52세,상해없음,보행자,여,79세,사망
2017101100100097,2017년 10월 11일 06시,수요일,인천광역시 남동구 장수동,경상사고,0,0,1,0,차대차 - 측면충돌,안전운전불이행,젖음/습기,비,단일로 - 기타,승용,여,38세,상해없음,승용,남,32세,경상
2017101100100162,2017년 10월 11일 08시,수요일,인천광역시 서구 심곡동,경상사고,0,0,2,0,차대차 - 추돌,안전운전불이행,건조,맑음,교차로 - 교차로부근,승용,남,52세,상해없음,승용,여,39세,경상
2017101100100192,2017년 10월 11일 09시,수요일,인천광역시 중구 운서동,중상사고,0,1,0,0,차대차 - 측면충돌,안전운전불이행,건조,맑음,단일로 - 기타,승합,남,74세,상해없음,화물,남,47세,중상
2017101100100222,2017년 10월 11일 10시,수요일,인천광역시 서구 공촌동,경상사고,0,0,1,0,차대차 - 측면충돌,안전운전불이행,건조,맑음,단일로 - 기타,화물,남,65세,상해없음,승용,여,48세,경상
2017101100100283,2017년 10월 11일 12시,수요일,인천광역시 부평구 부개동,경상사고,0,0,1,0,차대차 - 측면충돌,기타,건조,흐림,단일로 - 기타,기타불명,기타불명,미분류,기타불명,자전거,여,57세,경상
2017101100100307,2017년 10월 11일 13시,수요일,인천광역시 서구 마전동,경상사고,0,0,1,0,차대차 - 측면충돌,안전거리미확보,건조,맑음,단일로 - 기타,승용,여,56세,상해없음,승합,남,68세,상해없음
2017101100100308,2017년 10월 11일 13시,수요일,인천광역시 계양구 작전동,경상사고,0,0,1,0,차대차 - 측면충돌,교차로운행방법위반,건조,맑음,교차로 - 교차로안,승용,여,30세,상해없음,승용,여,42세,경상
2017101100100309,2017년 10월 11일 13시,수요일,인천광역시 연수구 동춘동,경상사고,0,0,1,0,차대사람 - 횡단중,안전운전불이행,건조,맑음,교차로 - 교차로부근,승합,남,54세,상해없음,보행자,여,62세,경상
2017101100100331,2017년 10월 11일 14시,수요일,인천광역시 중구 신흥동3가,경상사고,0,0,1,0,차대차 - 측면충돌,안전거리미확보,건조,맑음,단일로 - 기타,화물,남,37세,상해없음,승용,남,66세,경상
2017101100100389,2017년 10월 11일 16시,수요일,인천광역시 남동구 만수동,경상사고,0,0,1,0,차대사람 - 횡단중,안전운전불이행,건조,맑음,교차로 - 교차로안,승용,남,35세,상해없음,보행자,여,13세,경상
2017101100100390,2017년 10월 11일 16시,수요일,인천광역시 서구 석남동,중상사고,0,1,0,0,차대차 - 측면충돌,안전운전불이행,건조,맑음,단일로 - 기타,화물,여,52세,상해없음,이륜,남,63세,중상
2017101100100391,2017년 10월 11일 16시,수요일,인천광역시 서구 가좌동,중상사고,0,1,1,0,차대차 - 측면충돌,안전운전불이행,건조,맑음,교차로 - 교차로안,승용,남,65세,경상,승용,남,25세,중상
2017101100100510,2017년 10월 11일 19시,수요일,인천광역시 남동구 구월동,중상사고,0,1,0,0,차대차 - 측면충돌,안전운전불이행,건조,맑음,교차로 - 교차로안,승합,남,37세,상해없음,이륜,남,25세,중상
2017101100100572,2017년 10월 11일 21시,수요일,인천광역시 남동구 간석동,경상사고,0,0,2,0,차대차 - 기타,안전운전불이행,기타,맑음,기타 - 기타,승용,남,28세,상해없음,승용,남,58세,경상
2017101100100596,2017년 10월 11일 22시,수요일,인천광역시 남구 도화동,경상사고,0,0,2,0,차대차 - 기타,안전운전불이행,건조,맑음,교차로 - 교차로안,승용,여,38세,기타불명,승용,남,27세,경상
2017101200100065,2017년 10월 12일 04시,목요일,인천광역시 부평구 삼산동,경상사고,0,0,1,0,차대차 - 측면충돌,안전거리미확보,건조,맑음,단일로 - 기타,승용,남,35세,상해없음,승용,남,62세,경상
2017101200100135,2017년 10월 12일 08시,목요일,인천광역시 남동구 남촌동,경상사고,0,0,1,0,차대차 - 측면충돌,교차로운행방법위반,건조,맑음,교차로 - 교차로안,승용,남,52세,상해없음,자전거,여,51세,경상
2017101200100165,2017년 10월 12일 09시,목요일,인천광역시 부평구 십정동,경상사고,0,0,1,0,차대차 - 추돌,안전운전불이행,건조,맑음,단일로 - 고가도로위,승용,남,27세,상해없음,승용,여,50세,경상
2017101200100194,2017년 10월 12일 10시,목요일,인천광역시 서구 당하동,경상사고,0,0,1,0,차대차 - 기타,안전운전불이행,건조,맑음,교차로 - 교차로부근,승용,여,58세,경상,승합,남,38세,상해없음
2017101200100323,2017년 10월 12일 14시,목요일,인천광역시 서구 경서동,경상사고,0,0,1,0,차대차 - 기타,안전운전불이행,건조,맑음,단일로 - 기타,승용,남,38세,상해없음,승용,남,52세,상해없음
2017101200100384,2017년 10월 12일 16시,목요일,인천광역시 부평구 십정동,경상사고,0,0,2,0,차대사람 - 보도통행중,기타,건조,맑음,기타 - 기타,화물,남,46세,상해없음,보행자,여,37세,경상
2017101200100474,2017년 10월 12일 18시,목요일,인천광역시 남구 주안동,경상사고,0,0,1,0,차대차 - 기타,안전운전불이행,건조,맑음,단일로 - 기타,이륜,남,48세,상해없음,승합,남,50세,상해없음
2017101200100475,2017년 10월 12일 18시,목요일,인천광역시 남동구 만수동,경상사고,0,0,3,0,차대차 - 측면충돌,신호위반,건조,맑음,교차로 - 교차로안,승용,남,28세,경상,화물,남,55세,상해없음
2017101200100525,2017년 10월 12일 19시,목요일,인천광역시 부평구 청천동,중상사고,0,1,0,0,차대차 - 기타,안전운전불이행,건조,맑음,단일로 - 기타,승용,남,38세,상해없음,이륜,남,19세,중상
2017101200100555,2017년 10월 12일 20시,목요일,인천광역시 부평구 산곡동,중상사고,0,1,0,0,차대사람 - 횡단중,교차로운행방법위반,건조,맑음,교차로 - 교차로안,승용,여,41세,상해없음,보행자,남,30세,중상
2017101200100581,2017년 10월 12일 21시,목요일,인천광역시 남동구 구월동,중상사고,0,1,0,0,차대차 - 기타,안전운전불이행,건조,맑음,교차로 - 교차로부근,승용,남,50세,상해없음,자전거,여,11세,중상
2017101200100582,2017년 10월 12일 21시,목요일,인천광역시 강화군 강화읍,중상사고,0,1,2,0,차대차 - 측면충돌,안전운전불이행,건조,맑음,교차로 - 교차로안,이륜,남,18세,상해없음,승용,여,39세,중상
2017101200100583,2017년 10월 12일 21시,목요일,인천광역시 서구 가좌동,경상사고,0,0,2,0,차대차 - 추돌,안전운전불이행,건조,맑음,단일로 - 기타,승용,남,29세,상해없음,승용,남,53세,경상
2017101200100632,2017년 10월 12일 23시,목요일,인천광역시 남구 주안동,부상신고사고,0,0,0,1,차대사람 - 길가장자리구역통행중,안전운전불이행,건조,맑음,기타 - 기타,기타불명,기타불명,미분류,기타불명,보행자,남,27세,부상신고
2017101200100633,2017년 10월 12일 23시,목요일,인천광역시 남동구 도림동,경상사고,0,0,1,0,차대차 - 측면충돌,신호위반,건조,맑음,교차로 - 교차로안,승용,남,20세,상해없음,승용,남,47세,경상
2017101300100041,2017년 10월 13일 01시,금요일,인천광역시 남동구 구월동,중상사고,0,1,0,0,차대사람 - 횡단중,안전운전불이행,건조,맑음,단일로 - 기타,승용,남,61세,상해없음,보행자,여,23세,중상
2017101300100059,2017년 10월 13일 03시,금요일,인천광역시 연수구 연수동,중상사고,0,1,1,0,차대차 - 측면충돌,신호위반,건조,맑음,교차로 - 교차로안,승용,남,21세,상해없음,승용,남,58세,중상
2017101300100078,2017년 10월 13일 05시,금요일,인천광역시 남동구 간석동,경상사고,0,0,2,0,차대차 - 측면충돌,신호위반,건조,맑음,교차로 - 교차로안,화물,남,69세,상해없음,승용,남,51세,경상
2017101300100079,2017년 10월 13일 05시,금요일,인천광역시 부평구 부개동,경상사고,0,0,1,0,차대차 - 추돌,안전거리미확보,건조,맑음,단일로 - 기타,승용,남,42세,기타불명,승용,남,39세,경상
2017101300100093,2017년 10월 13일 06시,금요일,인천광역시 중구 운서동,부상신고사고,0,0,0,1,차대사람 - 횡단중,안전운전불이행,건조,맑음,단일로 - 기타,승용,남,43세,상해없음,보행자,남,42세,부상신고
2017101300100126,2017년 10월 13일 07시,금요일,인천광역시 연수구 청학동,경상사고,0,0,1,0,차대차 - 측면충돌,안전운전불이행,기타,맑음,단일로 - 기타,승용,남,49세,상해없음,승용,남,27세,경상
2017101300100166,2017년 10월 13일 08시,금요일,인천광역시 서구 금곡동,경상사고,0,0,1,3,차대차 - 측면충돌,안전운전불이행,건조,맑음,교차로 - 교차로안,승용,여,33세,부상신고,승용,여,25세,경상
2017101300100325,2017년 10월 13일 13시,금요일,인천광역시 강화군 내가면,사망사고,1,0,0,0,차대사람 - 횡단중,안전운전불이행,건조,맑음,단일로 - 기타,건설기계,남,60세,상해없음,보행자,여,82세,사망
2017101300100361,2017년 10월 13일 14시,금요일,인천광역시 계양구 효성동,경상사고,0,0,1,0,차대차 - 기타,안전운전불이행,건조,맑음,단일로 - 기타,승합,남,54세,상해없음,화물,남,35세,경상
2017101300100362,2017년 10월 13일 14시,금요일,인천광역시 남동구 논현동,경상사고,0,0,1,0,차대차 - 측면충돌,안전운전불이행,건조,맑음,교차로 - 교차로안,승용,여,44세,상해없음,승용,남,44세,경상
2017101300100403,2017년 10월 13일 15시,금요일,인천광역시 부평구 청천동,경상사고,0,0,1,0,차대차 - 추돌,안전운전불이행,건조,맑음,단일로 - 기타,승용,남,53세,상해없음,승용,남,61세,경상
2017101300100404,2017년 10월 13일 15시,금요일,인천광역시 서구 마전동,부상신고사고,0,0,0,1,차대사람 - 횡단중,보행자보호의무위반,건조,맑음,단일로 - 기타,승합,여,25세,상해없음,보행자,여,9세,부상신고
2017101300100405,2017년 10월 13일 15시,금요일,인천광역시 계양구 동양동,경상사고,0,0,1,0,차대차 - 추돌,안전운전불이행,건조,맑음,교차로 - 교차로부근,승용,남,20세,상해없음,승용,남,53세,상해없음
2017101300100448,2017년 10월 13일 16시,금요일,인천광역시 남동구 구월동,경상사고,0,0,1,0,차대차 - 측면충돌,교차로운행방법위반,건조,맑음,교차로 - 교차로안,승용,여,43세,상해없음,승용,남,68세,상해없음
2017101300100554,2017년 10월 13일 18시,금요일,인천광역시 서구 경서동,경상사고,0,0,1,0,차대사람 - 횡단중,안전운전불이행,건조,맑음,교차로 - 교차로횡단보도내,이륜,남,35세,상해없음,보행자,여,9세,경상
2017101300100685,2017년 10월 13일 22시,금요일,인천광역시 연수구 동춘동,중상사고,0,1,0,0,차대차 - 측면충돌,안전운전불이행,건조,맑음,단일로 - 기타,자전거,남,28세,상해없음,자전거,여,17세,중상
2017101400100031,2017년 10월 14일 00시,토요일,인천광역시 서구 석남동,경상사고,0,0,1,0,차대차 - 추돌,안전운전불이행,건조,맑음,단일로 - 기타,승용,남,27세,상해없음,승용,남,52세,경상
2017101400100059,2017년 10월 14일 02시,토요일,인천광역시 연수구 송도동,경상사고,0,0,2,0,차대차 - 측면충돌,신호위반,건조,맑음,교차로 - 교차로안,승합,남,58세,상해없음,승용,남,41세,경상