사고번호,사고일시,요일,시군구,사고내용,사망자수,중상자수,경상자수,부상신고자수,사고유형,법규위반,노면상태,기상상태,도로형태,가해운전자 차종,가해운전자 성별,가해운전자 연령,가해운전자 상해정도,피해운전자 차종,피해운전자 성별,피해운전자 연령,피해운전자 상해정도
2017111100100188,2017년 11월 11일 09시,토요일,인천광역시 남동구 만수동,경상사고,0,0,3,0,차대차 - 기타,중앙선침범,건조,맑음,단일로 - 기타,승용,여,36세,상해없음,승용,남,45세,경상
2017111100100253,2017년 11월 11일 11시,토요일,인천광역시 남동구 만수동,경상사고,0,0,1,0,차대차 - 측면충돌,중앙선침범,건조,맑음,교차로 - 교차로부근,화물,여,55세,상해없음,승용,남,20세,경상
2017111100100298,2017년 11월 11일 12시,토요일,인천광역시 연수구 선학동,중상사고,0,1,0,0,차대차 - 측면충돌,신호위반,건조,맑음,교차로 - 교차로안,승용,남,68세,상해없음,원동기,남,28세,중상
2017111100100385,2017년 11월 11일 14시,토요일,인천광역시 남구 도화동,부상신고사고,0,0,0,1,차대사람 - 길가장자리구역통행중,안전운전불이행,건조,맑음,기타 - 기타,승용,여,49세,기타불명,보행자,여,62세,부상신고
2017111100100386,2017년 11월 11일 14시,토요일,인천광역시 남구 용현동,경상사고,0,0,1,0,차대차 - 기타,안전운전불이행,건조,맑음,교차로 - 교차로부근,승용,남,51세,기타불명,승용,남,66세,경상
2017111100100463,2017년 11월 11일 16시,토요일,인천광역시 남구 용현동,사망사고,1,0,0,0,차대사람 - 기타,안전운전불이행,건조,맑음,교차로 - 교차로부근,승용,여,29세,상해없음,보행자,여,64세,사망
2017111100100464,2017년 11월 11일 16시,토요일,인천광역시 서구 마전동,경상사고,0,0,1,0,차대사람 - 횡단중,안전운전불이행,건조,맑음,교차로 - 교차로부근,승용,남,37세,상해없음,보행자,남,9세,경상
2017111100100465,2017년 11월 11일 16시,토요일,인천광역시 서구 가정동,경상사고,0,0,3,0,차대차 - 추돌,안전거리미확보,건조,맑음,단일로 - 기타,승용,남,46세,상해없음,승용,여,32세,경상
2017111100100571,2017년 11월 11일 18시,토요일,인천광역시 남구 관교동,경상사고,0,0,1,0,차대차 - 측면충돌,교차로운행방법위반,건조,맑음,교차로 - 교차로안,승용,남,56세,상해없음,승용,남,59세,경상
2017111100100572,2017년 11월 11일 18시,토요일,인천광역시 서구 가좌동,부상신고사고,0,0,0,1,차대차 - 추돌,안전거리미확보,건조,맑음,단일로 - 기타,기타불명,기타불명,미분류,기타불명,승용,남,57세,부상신고
2017111100100614,2017년 11월 11일 19시,토요일,인천광역시 중구 운서동,경상사고,0,0,1,0,차대차 - 측면충돌,안전운전불이행,건조,맑음,교차로 - 교차로부근,승용,남,32세,상해없음,승용,여,38세,경상
2017111100100657,2017년 11월 11일 21시,토요일,인천광역시 남구 용현동,경상사고,0,0,2,0,차대차 - 측면충돌,신호위반,건조,맑음,교차로 - 교차로안,승용,여,26세,상해없음,승용,남,48세,경상
2017111100100658,2017년 11월 11일 21시,토요일,인천광역시 남동구 구월동,중상사고,0,1,0,0,차대차 - 측면충돌,중앙선침범,건조,맑음,단일로 - 기타,승용,남,27세,상해없음,이륜,남,29세,중상
2017111100100659,2017년 11월 11일 21시,토요일,인천광역시 강화군 길상면,중상사고,0,2,0,0,차대차 - 측면충돌,중앙선침범,건조,맑음,단일로 - 기타,승용,여,24세,상해없음,승용,여,32세,중상
2017111100100660,2017년 11월 11일 21시,토요일,인천광역시 부평구 삼산동,경상사고,0,0,1,0,차대차 - 측면충돌,신호위반,건조,맑음,교차로 - 교차로안,이륜,남,33세,상해없음,승용,여,53세,경상
2017111100100661,2017년 11월 11일 21시,토요일,인천광역시 부평구 삼산동,경상사고,0,0,2,0,차대차 - 측면충돌,안전운전불이행,건조,맑음,교차로 - 교차로부근,승용,남,26세,상해없음,승용,여,38세,경상
2017111100100683,2017년 11월 11일 22시,토요일,인천광역시 계양구 계산동,경상사고,0,0,1,0,차대차 - 측면충돌,안전운전불이행,건조,맑음,단일로 - 기타,기타불명,기타불명,미분류,기타불명,승용,남,55세,경상
2017111200100020,2017년 11월 12일 00시,일요일,인천광역시 남구 숭의동,부상신고사고,0,0,0,1,차대사람 - 횡단중,안전운전불이행,기타,기타,단일로 - 기타,기타불명,기타불명,미분류,기타불명,보행자,남,52세,부상신고
2017111200100038,2017년 11월 12일 01시,일요일,인천광역시 남구 용현동,경상사고,0,0,1,0,차량단독 - 공작물충돌,안전운전불이행,건조,맑음,기타 - 기타,승용,남,51세,상해없음,,,,
2017111200100090,2017년 11월 12일 06시,일요일,인천광역시 남동구 만수동,사망사고,1,0,0,0,차대사람 - 횡단중,안전운전불이행,건조,맑음,교차로 - 교차로부근,승용,남,56세,상해없음,보행자,남,72세,사망
2017111200100119,2017년 11월 12일 08시,일요일,인천광역시 남동구 구월동,경상사고,0,0,1,0,차대차 - 측면충돌,안전운전불이행,건조,맑음,단일로 - 기타,화물,남,68세,기타불명,승용,남,30세,경상
2017111200100134,2017년 11월 12일 09시,일요일,인천광역시 연수구 송도동,경상사고,0,0,1,0,차대차 - 측면충돌,차로위반,건조,맑음,교차로 - 교차로부근,화물,남,66세,상해없음,승용,남,35세,경상
2017111200100182,2017년 11월 12일 11시,일요일,인천광역시 부평구 갈산동,중상사고,0,1,0,0,차대사람 - 횡단중,기타,건조,맑음,단일로 - 기타,승용,남,49세,상해없음,보행자,남,7세,중상
2017111200100210,2017년 11월 12일 12시,일요일,인천광역시 부평구 갈산동,중상사고,0,1,0,0,차대차 - 측면충돌,안전운전불이행,건조,맑음,단일로 - 기타,승용,남,69세,상해없음,이륜,남,56세,중상
2017111200100252,2017년 11월 12일 13시,일요일,인천광역시 남동구 논현동,경상사고,0,0,1,0,차대사람 - 기타,보행자보호의무위반,건조,맑음,기타 - 기타,승용,남,35세,상해없음,보행자,남,5세,경상
2017111200100358,2017년 11월 12일 16시,일요일,인천광역시 남동구 간석동,중상사고,0,1,0,0,차대사람 - 기타,안전운전불이행,건조,맑음,단일로 - 기타,승용,남,25세,상해없음,보행자,남,6세,중상
2017111200100389,2017년 11월 12일 17시,일요일,인천광역시 서구 원당동,중상사고,0,1,1,0,차대차 - 추돌,안전운전불이행,건조,맑음,교차로 - 교차로부근,승용,여,40세,상해없음,화물,남,28세,중상
2017111200100390,2017년 11월 12일 17시,일요일,인천광역시 남동구 장수동,부상신고사고,0,0,0,5,차대차 - 추돌,안전운전불이행,건조,맑음,단일로 - 기타,승용,남,56세,부상신고,건설기계,남,60세,상해없음
2017111200100437,2017년 11월 12일 18시,일요일,인천광역시 강화군 불은면,중상사고,0,1,0,0,차대차 - 추돌,신호위반,건조,맑음,교차로 - 교차로안,승용,여,60세,상해없음,농기계,남,65세,중상
2017111200100469,2017년 11월 12일 19시,일요일,인천광역시 서구 금곡동,경상사고,0,0,4,0,차대차 - 측면충돌,신호위반,건조,맑음,교차로 - 교차로부근,승용,남,51세,경상,승용,여,59세,경상
2017111200100470,2017년 11월 12일 19시,일요일,인천광역시 남동구 논현동,경상사고,0,0,1,0,차대차 - 추돌,안전운전불이행,건조,맑음,교차로 - 교차로부근,화물,남,56세,상해없음,승용,남,28세,경상
2017111200100496,2017년 11월 12일 20시,일요일,인천광역시 중구 덕교동,중상사고,0,5,1,0,차대차 - 측면충돌,안전운전불이행,건조,맑음,교차로 - 교차로안,승용,남,60세,중상,승용,남,48세,중상
2017111200100527,2017년 11월 12일 21시,일요일,인천광역시 부평구 십정동,경상사고,0,0,1,0,차대차 - 측면충돌,신호위반,건조,맑음,교차로 - 교차로안,승용,여,55세,상해없음,승용,남,61세,경상
2017111200100528,2017년 11월 12일 21시,일요일,인천광역시 부평구 부평동,경상사고,0,0,1,0,차대차 - 측면충돌,신호위반,건조,맑음,교차로 - 교차로안,승용,남,62세,상해없음,이륜,남,23세,경상
2017111200100555,2017년 11월 12일 22시,일요일,인천광역시 남동구 간석동,경상사고,0,0,2,0,차대차 - 측면충돌,신호위반,건조,맑음,교차로 - 교차로안,승용,여,33세,상해없음,승용,여,44세,경상
2017111200100572,2017년 11월 12일 23시,일요일,인천광역시 부평구 청천동,경상사고,0,0,1,0,차대차 - 기타,안전운전불이행,건조,맑음,단일로 - 기타,승용,남,21세,상해없음,승합,여,50세,경상
2017111300100043,2017년 11월 13일 02시,월요일,인천광역시 남구 주안동,경상사고,0,0,1,0,차대차 - 추돌,안전운전불이행,건조,맑음,교차로 - 교차로부근,승용,남,31세,상해없음,승용,남,51세,경상
2017111300100044,2017년 11월 13일 02시,월요일,인천광역시 부평구 청천동,중상사고,0,1,0,0,차대차 - 측면충돌,교차로운행방법위반,서리/결빙,맑음,교차로 - 교차로안,이륜,남,55세,상해없음,이륜,남,24세,중상
2017111300100045,2017년 11월 13일 02시,월요일,인천광역시 남동구 구월동,중상사고,0,1,0,0,차대사람 - 길가장자리구역통행중,안전운전불이행,건조,맑음,단일로 - 기타,승용,남,46세,상해없음,보행자,남,22세,중상
2017111300100147,2017년 11월 13일 08시,월요일,인천광역시 부평구 부개동,경상사고,0,0,1,0,차대사람 - 보도통행중,신호위반,건조,맑음,교차로 - 교차로안,승용,여,53세,상해없음,보행자,남,12세,경상
2017111300100178,2017년 11월 13일 09시,월요일,인천광역시 중구 운서동,중상사고,0,2,0,0,차대차 - 측면충돌,중앙선침범,건조,흐림,기타 - 기타,화물,남,48세,중상,화물,남,37세,중상
2017111300100180,2017년 11월 13일 09시,월요일,인천광역시 남구 용현동,경상사고,0,0,1,1,차대차 - 측면충돌,안전거리미확보,건조,맑음,단일로 - 교량,화물,남,54세,상해없음,승용,여,47세,경상
2017111300100215,2017년 11월 13일 10시,월요일,인천광역시 연수구 송도동,중상사고,0,1,0,0,차대사람 - 횡단중,기타,건조,맑음,기타 - 기타,화물,여,68세,상해없음,보행자,남,76세,중상
2017111300100285,2017년 11월 13일 12시,월요일,인천광역시 남구 주안동,경상사고,0,0,1,0,차대차 - 측면충돌,중앙선침범,건조,맑음,기타 - 기타,승용,남,24세,상해없음,승용,여,44세,경상
2017111300100310,2017년 11월 13일 13시,월요일,인천광역시 서구 석남동,중상사고,0,1,0,0,차대차 - 측면충돌,신호위반,건조,맑음,단일로 - 기타,승용,여,60세,상해없음,이륜,남,48세,중상
2017111300100311,2017년 11월 13일 13시,월요일,인천광역시 연수구 송도동,경상사고,0,0,1,0,차대차 - 측면충돌,신호위반,건조,맑음,교차로 - 교차로부근,화물,남,59세,상해없음,승용,여,24세,경상
2017111300100407,2017년 11월 13일 16시,월요일,인천광역시 부평구 청천동,경상사고,0,0,1,0,차대차 - 기타,안전운전불이행,건조,맑음,단일로 - 기타,승합,남,35세,상해없음,화물,남,37세,경상
2017111300100459,2017년 11월 13일 17시,월요일,인천광역시 서구 석남동,중상사고,0,1,0,0,차대차 - 측면충돌,안전운전불이행,건조,맑음,교차로 - 교차로안,자전거,남,13세,중상,화물,남,58세,상해없음
2017111300100460,2017년 11월 13일 17시,월요일,인천광역시 서구 당하동,경상사고,0,0,1,0,차대사람 - 보도통행중,보행자보호의무위반,건조,맑음,단일로 - 기타,승용,여,55세,상해없음,보행자,여,26세,경상
2017111300100461,2017년 11월 13일 17시,월요일,인천광역시 연수구 연수동,경상사고,0,0,1,0,차대사람 - 횡단중,신호위반,젖음/습기,흐림,단일로 - 기타,승용,남,33세,상해없음,보행자,남,7세,경상
2017111300100462,2017년 11월 13일 17시,월요일,인천광역시 남동구 논현동,경상사고,0,0,1,0,차대사람 - 기타,안전운전불이행,건조,맑음,단일로 - 기타,승용,남,41세,상해없음,보행자,남,48세,경상
2017111300100543,2017년 11월 13일 19시,월요일,인천광역시 연수구 옥련동,경상사고,0,0,1,0,차대차 - 측면충돌,차로위반,건조,맑음,단일로 - 기타,승용,남,66세,기타불명,승용,여,26세,경상
2017111300100544,2017년 11월 13일 19시,월요일,인천광역시 부평구 갈산동,중상사고,0,1,0,0,차대차 - 추돌,안전운전불이행,건조,맑음,단일로 - 기타,화물,여,48세,상해없음,승용,여,48세,중상
2017111300100545,2017년 11월 13일 19시,월요일,인천광역시 남동구 만수동,중상사고,0,1,1,0,차대차 - 측면충돌,신호위반,건조,맑음,교차로 - 교차로안,승용,남,48세,경상,화물,남,64세,중상
2017111300100609,2017년 11월 13일 21시,월요일,인천광역시 남동구 구월동,중상사고,0,1,0,0,차대사람 - 횡단중,신호위반,젖음/습기,비,단일로 - 기타,이륜,남,17세,상해없음,보행자,남,50세,중상
2017111300100610,2017년 11월 13일 21시,월요일,인천광역시 서구 검암동,중상사고,0,1,0,0,차량단독 - 공작물충돌,안전운전불이행,젖음/습기,비,단일로 - 지하차도(도로)내,승용,남,51세,상해없음,,,,
2017111300100611,2017년 11월 13일 21시,월요일,인천광역시 연수구 송도동,경상사고,0,0,2,0,차대차 - 측면충돌,신호위반,젖음/습기,비,교차로 - 교차로안,승용,남,23세,경상,승합,남,39세,경상
2017111300100661,2017년 11월 13일 23시,월요일,인천광역시 서구 가좌동,중상사고,0,1,2,0,차대차 - 측면충돌,교차로운행방법위반,젖음/습기,흐림,교차로 - 교차로안,이륜,남,19세,경상,이륜,남,26세,중상
2017111400100045,2017년 11월 14일 03시,화요일,인천광역시 서구 연희동,경상사고,0,0,2,0,차대차 - 추돌,안전운전불이행,건조,맑음,단일로 - 기타,승용,남,32세,상해없음,승용,여,35세,경상
2017111400100105,2017년 11월 14일 07시,화요일,인천광역시 계양구 효성동,중상사고,0,1,2,0,차대차 - 측면충돌,신호위반,건조,맑음,교차로 - 교차로안,승용,여,22세,상해없음,승용,여,46세,중상
2017111400100183,2017년 11월 14일 09시,화요일,인천광역시 남동구 만수동,경상사고,0,0,1,0,차대차 - 측면충돌,안전운전불이행,건조,맑음,교차로 - 교차로부근,승용,여,59세,상해없음,승용,남,30세,경상
2017111400100241,2017년 11월 14일 11시,화요일,인천광역시 동구 송림동,중상사고,0,1,1,0,차대차 - 측면충돌,중앙선침범,건조,맑음,교차로 - 교차로부근,승합,남,54세,상해없음,승용,여,38세,중상
2017111400100242,2017년 11월 14일 11시,화요일,인천광역시 남구 숭의동,경상사고,0,0,1,0,차대차 - 기타,안전거리미확보,건조,맑음,단일로 - 기타,화물,남,67세,상해없음,특수,남,46세,경상
2017111400100243,2017년 11월 14일 11시,화요일,인천광역시 계양구 계산동,경상사고,0,0,1,0,차대차 - 기타,안전운전불이행,건조,맑음,단일로 - 기타,승용,여,69세,기타불명,이륜,남,24세,경상
2017111400100264,2017년 11월 14일 12시,화요일,인천광역시 남구 주안동,중상사고,0,1,0,0,차량단독 - 기타,안전운전불이행,건조,맑음,단일로 - 기타,승합,남,57세,상해없음,,,,
2017111400100265,2017년 11월 14일 12시,화요일,인천광역시 서구 경서동,경상사고,0,0,1,0,차대사람 - 횡단중,안전운전불이행,건조,맑음,교차로 - 교차로횡단보도내,기타불명,기타불명,미분류,기타불명,보행자,여,61세,경상
2017111400100342,2017년 11월 14일 14시,화요일,인천광역시 남구 관교동,경상사고,0,0,1,0,차대차 - 추돌,안전운전불이행,건조,맑음,교차로 - 교차로횡단보도내,승용,남,25세,상해없음,승용,남,30세,경상
2017111400100391,2017년 11월 14일 15시,화요일,인천광역시 부평구 부평동,경상사고,0,0,1,0,차대차 - 측면충돌,안전운전불이행,건조,맑음,교차로 - 교차로부근,건설기계,남,63세,상해없음,승용,여,56세,경상
2017111400100421,2017년 11월 14일 16시,화요일,인천광역시 동구 금곡동,경상사고,0,0,2,0,차대차 - 측면충돌,차로위반,건조,맑음,단일로 - 터널,건설기계,남,59세,상해없음,승용,여,61세,경상
2017111400100463,2017년 11월 14일 17시,화요일,인천광역시 연수구 송도동,경상사고,0,0,2,0,차대차 - 측면충돌,신호위반,건조,맑음,교차로 - 교차로안,승용,여,60세,상해없음,승용,여,47세,경상
2017111400100520,2017년 11월 14일 18시,화요일,인천광역시 계양구 병방동,경상사고,0,0,2,0,차대차 - 추돌,안전운전불이행,젖음/습기,흐림,단일로 - 기타,승용,남,41세,상해없음,화물,남,54세,경상
2017111400100654,2017년 11월 14일 22시,화요일,인천광역시 중구 운서동,경상사고,0,0,1,0,차대사람 - 횡단중,신호위반,건조,맑음,교차로 - 교차로횡단보도내,승용,남,59세,상해없음,보행자,여,19세,경상
2017111500100049,2017년 11월 15일 01시,수요일,인천광역시 서구 왕길동,경상사고,0,0,1,0,차대사람 - 횡단중,안전운전불이행,건조,맑음,단일로 - 기타,승용,남,40세,상해없음,보행자,남,32세,경상
2017111500100059,2017년 11월 15일 02시,수요일,인천광역시 연수구 옥련동,경상사고,0,0,1,0,차대차 - 추돌,안전거리미확보,젖음/습기,비,교차로 - 교차로부근,승용,남,64세,상해없음,이륜,남,23세,경상
2017111500100098,2017년 11월 15일 06시,수요일,인천광역시 동구 송현동,경상사고,0,0,1,0,차대사람 - 횡단중,보행자보호의무위반,건조,맑음,교차로 - 교차로안,승용,여,47세,상해없음,보행자,남,16세,경상
2017111500100099,2017년 11월 15일 06시,수요일,인천광역시 부평구 산곡동,경상사고,0,0,1,0,차대사람 - 횡단중,보행자보호의무위반,건조,흐림,교차로 - 교차로부근,승합,남,65세,상해없음,보행자,남,49세,경상
2017111500100167,2017년 11월 15일 08시,수요일,인천광역시 남구 용현동,경상사고,0,0,1,0,차대차 - 추돌,안전운전불이행,건조,맑음,단일로 - 기타,승용,남,58세,상해없음,승용,남,34세,경상
2017111500100188,2017년 11월 15일 09시,수요일,인천광역시 남구 문학동,경상사고,0,0,1,0,차대차 - 측면충돌,교차로운행방법위반,건조,맑음,교차로 - 교차로안,승용,여,24세,상해없음,승용,남,60세,경상
2017111500100220,2017년 11월 15일 10시,수요일,인천광역시 남동구 간석동,경상사고,0,0,1,0,차대차 - 측면충돌,안전운전불이행,건조,맑음,기타 - 기타,승용,여,31세,상해없음,화물,남,30세,경상
2017111500100240,2017년 11월 15일 11시,수요일,인천광역시 부평구 청천동,중상사고,0,1,0,0,차대사람 - 횡단중,신호위반,건조,맑음,교차로 - 교차로횡단보도내,승용,남,44세,상해없음,보행자,여,66세,중상
2017111500100283,2017년 11월 15일 12시,수요일,인천광역시 남구 주안동,경상사고,0,0,1,0,차대사람 - 기타,안전운전불이행,건조,맑음,교차로 - 교차로부근,승용,여,51세,상해없음,보행자,여,60세,경상
2017111500100284,2017년 11월 15일 12시,수요일,인천광역시 남동구 구월동,경상사고,0,0,1,0,차대차 - 측면충돌,차로위반,건조,맑음,기타 - 기타,승용,남,27세,상해없음,승용,여,63세,경상
2017111500100285,2017년 11월 15일 12시,수요일,인천광역시 남동구 논현동,경상사고,0,0,1,0,차대차 - 기타,신호위반,건조,맑음,교차로 - 교차로부근,승용,여,56세,상해없음,자전거,남,79세,경상
2017111500100322,2017년 11월 15일 13시,수요일,인천광역시 남구 주안동,경상사고,0,0,2,0,차대차 - 후진중충돌,안전운전불이행,건조,맑음,단일로 - 기타,승용,남,75세,기타불명,승용,남,31세,경상
2017111500100323,2017년 11월 15일 13시,수요일,인천광역시 서구 신현동,경상사고,0,0,2,0,차대차 - 추돌,안전운전불이행,건조,맑음,기타 - 기타,승용,남,58세,상해없음,승용,남,39세,경상
2017111500100369,2017년 11월 15일 14시,수요일,인천광역시 서구 경서동,경상사고,0,0,1,0,차대차 - 추돌,안전운전불이행,건조,기타,기타 - 기타,승합,남,65세,상해없음,승용,여,40세,경상
2017111500100406,2017년 11월 15일 15시,수요일,인천광역시 서구 신현동,중상사고,0,1,0,0,차대차 - 추돌,안전거리미확보,건조,맑음,단일로 - 기타,승용,여,59세,상해없음,화물,남,49세,중상
2017111500100407,2017년 11월 15일 15시,수요일,인천광역시 연수구 연수동,중상사고,0,1,0,0,차대차 - 측면충돌,신호위반,건조,맑음,교차로 - 교차로횡단보도내,이륜,남,17세,중상,승용,여,49세,상해없음
2017111500100408,2017년 11월 15일 15시,수요일,인천광역시 연수구 송도동,경상사고,0,0,1,0,차대차 - 측면충돌,교차로운행방법위반,건조,맑음,교차로 - 교차로안,승용,남,43세,상해없음,승용,남,39세,경상
2017111500100444,2017년 11월 15일 16시,수요일,인천광역시 남구 학익동,경상사고,0,0,1,0,차대차 - 측면충돌,안전운전불이행,건조,맑음,교차로 - 교차로부근,승용,여,59세,상해없음,승용,여,50세,경상
2017111500100491,2017년 11월 15일 17시,수요일,인천광역시 남구 용현동,경상사고,0,0,1,0,차대사람 - 차도통행중,안전운전불이행,건조,맑음,교차로 - 교차로안,승합,남,75세,상해없음,보행자,여,46세,경상
2017111500100492,2017년 11월 15일 17시,수요일,인천광역시 서구 경서동,사망사고,1,0,0,0,차대차 - 측면충돌,직진우회전진행방해,건조,맑음,교차로 - 교차로안,승용,남,32세,상해없음,자전거,남,58세,사망
2017111500100493,2017년 11월 15일 17시,수요일,인천광역시 강화군 선원면,중상사고,0,1,0,0,차대차 - 측면충돌,안전운전불이행,건조,맑음,단일로 - 기타,건설기계,남,38세,상해없음,원동기,남,20세,중상
2017111500100494,2017년 11월 15일 17시,수요일,인천광역시 부평구 부평동,중상사고,0,1,0,0,차대차 - 기타,신호위반,건조,맑음,교차로 - 교차로횡단보도내,승용,남,71세,상해없음,자전거,남,13세,중상
2017111500100495,2017년 11월 15일 17시,수요일,인천광역시 남동구 만수동,부상신고사고,0,0,0,1,차대사람 - 횡단중,안전운전불이행,건조,맑음,교차로 - 교차로횡단보도내,기타불명,기타불명,미분류,기타불명,보행자,여,49세,부상신고
2017111500100547,2017년 11월 15일 18시,수요일,인천광역시 남구 주안동,경상사고,0,0,2,0,차대차 - 추돌,안전운전불이행,건조,맑음,단일로 - 기타,화물,남,51세,상해없음,승용,남,56세,경상
2017111500100548,2017년 11월 15일 18시,수요일,인천광역시 서구 경서동,경상사고,0,0,1,0,차대차 - 추돌,안전운전불이행,건조,맑음,단일로 - 기타,승용,남,60세,상해없음,승용,여,53세,경상
2017111500100549,2017년 11월 15일 18시,수요일,인천광역시 남동구 고잔동,경상사고,0,0,1,0,차대사람 - 기타,보행자보호의무위반,건조,맑음,교차로 - 교차로부근,승용,여,34세,상해없음,보행자,여,62세,경상
2017111500100586,2017년 11월 15일 19시,수요일,인천광역시 남동구 구월동,경상사고,0,0,4,0,차대차 - 측면충돌,안전운전불이행,건조,맑음,단일로 - 기타,승용,남,27세,경상,승용,남,41세,경상
2017111500100620,2017년 11월 15일 20시,수요일,인천광역시 서구 금곡동,경상사고,0,0,1,0,차대차 - 측면충돌,안전운전불이행,건조,맑음,단일로 - 기타,이륜,남,49세,경상,승용,여,36세,상해없음
2017111500100621,2017년 11월 15일 20시,수요일,인천광역시 남동구 만수동,경상사고,0,0,1,0,차대차 - 기타,중앙선침범,건조,맑음,단일로 - 기타,승용,남,28세,상해없음,이륜,남,33세,경상
2017111500100622,2017년 11월 15일 20시,수요일,인천광역시 서구 검암동,부상신고사고,0,0,0,1,차대차 - 추돌,안전거리미확보,건조,맑음,단일로 - 교량,승용,남,47세,상해없음,승용,남,45세,부상신고
2017111500100648,2017년 11월 15일 21시,수요일,인천광역시 중구 중산동,경상사고,0,0,3,0,차대차 - 측면충돌,신호위반,건조,맑음,교차로 - 교차로안,승용,여,44세,상해없음,승합,남,37세,경상
2017111500100649,2017년 11월 15일 21시,수요일,인천광역시 서구 연희동,중상사고,0,1,0,0,차대차 - 측면충돌,안전운전불이행,건조,기타,교차로 - 교차로안,원동기,남,36세,중상,승용,여,41세,상해없음
2017111500100650,2017년 11월 15일 21시,수요일,인천광역시 계양구 효성동,중상사고,0,1,0,0,차대사람 - 횡단중,보행자보호의무위반,건조,맑음,교차로 - 교차로횡단보도내,승용,남,48세,상해없음,보행자,여,57세,중상
2017111500100700,2017년 11월 15일 23시,수요일,인천광역시 남동구 논현동,경상사고,0,0,2,0,차대차 - 기타,안전운전불이행,건조,맑음,단일로 - 기타,승용,여,38세,상해없음,승용,남,24세,경상
2017111600100045,2017년 11월 16일 01시,목요일,인천광역시 연수구 동춘동,경상사고,0,0,1,0,차대차 - 측면충돌,안전운전불이행,건조,맑음,단일로 - 기타,승용,남,29세,상해없음,승용,남,23세,경상
2017111600100050,2017년 11월 16일 02시,목요일,인천광역시 남동구 만수동,중상사고,0,1,0,0,차대사람 - 횡단중,안전운전불이행,건조,맑음,교차로 - 교차로부근,이륜,남,24세,상해없음,보행자,여,54세,중상
2017111600100071,2017년 11월 16일 05시,목요일,인천광역시 남구 용현동,부상신고사고,0,0,0,1,차대사람 - 기타,안전운전불이행,건조,맑음,단일로 - 기타,기타불명,기타불명,미분류,기타불명,보행자,남,59세,부상신고
2017111600100096,2017년 11월 16일 06시,목요일,인천광역시 남구 주안동,중상사고,0,1,0,0,차대차 - 추돌,안전운전불이행,건조,맑음,교차로 - 교차로부근,승용,남,46세,상해없음,이륜,남,26세,중상
2017111600100097,2017년 11월 16일 06시,목요일,인천광역시 남동구 만수동,경상사고,0,0,1,0,차대차 - 추돌,안전거리미확보,건조,맑음,교차로 - 교차로안,이륜,남,59세,경상,승용,남,61세,상해없음
2017111600100098,2017년 11월 16일 06시,목요일,인천광역시 서구 백석동,부상신고사고,0,0,0,1,차대차 - 정면충돌,안전운전불이행,건조,맑음,기타 - 기타,승용,남,36세,부상신고,화물,남,53세,상해없음
2017111600100153,2017년 11월 16일 08시,목요일,인천광역시 중구 중산동,중상사고,0,1,0,0,차대차 - 측면충돌,신호위반,건조,맑음,단일로 - 기타,승용,남,35세,상해없음,자전거,여,27세,중상
2017111600100154,2017년 11월 16일 08시,목요일,인천광역시 계양구 효성동,중상사고,0,2,0,0,차대차 - 측면충돌,교차로운행방법위반,건조,맑음,교차로 - 교차로안,승용,남,64세,상해없음,이륜,남,16세,중상
2017111600100209,2017년 11월 16일 10시,목요일,인천광역시 계양구 용종동,경상사고,0,0,1,0,차대차 - 측면충돌,불법유턴,건조,맑음,단일로 - 기타,승용,여,34세,상해없음,승용,남,20세,경상
2017111600100210,2017년 11월 16일 10시,목요일,인천광역시 남동구 고잔동,경상사고,0,0,1,0,차대차 - 추돌,안전운전불이행,건조,맑음,단일로 - 기타,건설기계,남,50세,상해없음,화물,남,57세,경상
2017111600100275,2017년 11월 16일 12시,목요일,인천광역시 서구 석남동,부상신고사고,0,0,0,1,차량단독 - 기타,안전운전불이행,건조,맑음,단일로 - 기타,승합,남,52세,상해없음,,,,
2017111600100276,2017년 11월 16일 12시,목요일,인천광역시 계양구 계산동,중상사고,0,1,0,0,차대차 - 기타,안전운전불이행,건조,맑음,단일로 - 기타,승용,남,27세,상해없음,승용,여,55세,중상
2017111600100328,2017년 11월 16일 14시,목요일,인천광역시 남동구 구월동,경상사고,0,0,1,1,차대차 - 측면충돌,안전운전불이행,건조,맑음,기타 - 기타,승용,여,50세,기타불명,승용,여,63세,부상신고
2017111600100395,2017년 11월 16일 16시,목요일,인천광역시 계양구 작전동,경상사고,0,0,1,0,차대사람 - 기타,안전운전불이행,건조,맑음,단일로 - 기타,승용,여,57세,상해없음,보행자,여,43세,경상
2017111600100433,2017년 11월 16일 17시,목요일,인천광역시 남동구 만수동,부상신고사고,0,0,0,1,차대사람 - 기타,안전운전불이행,건조,맑음,단일로 - 기타,기타불명,기타불명,미분류,기타불명,보행자,남,9세,부상신고
2017111600100499,2017년 11월 16일 18시,목요일,인천광역시 서구 원창동,경상사고,0,0,1,0,차대차 - 측면충돌,신호위반,건조,맑음,교차로 - 교차로안,승용,남,64세,상해없음,승용,여,29세,경상