사고번호,사고일시,요일,시군구,사고내용,사망자수,중상자수,경상자수,부상신고자수,사고유형,법규위반,노면상태,기상상태,도로형태,가해운전자 차종,가해운전자 성별,가해운전자 연령,가해운전자 상해정도,피해운전자 차종,피해운전자 성별,피해운전자 연령,피해운전자 상해정도
2017120300100420,2017년 12월 3일 19시,일요일,인천광역시 부평구 청천동,경상사고,0,0,3,0,차대차 - 기타,교차로운행방법위반,건조,맑음,교차로 - 교차로부근,승용,남,31세,상해없음,승용,남,39세,경상
2017120300100421,2017년 12월 3일 19시,일요일,인천광역시 연수구 송도동,경상사고,0,0,1,0,차대차 - 추돌,안전운전불이행,건조,맑음,교차로 - 교차로부근,승용,남,56세,상해없음,승용,여,51세,경상
2017120300100447,2017년 12월 3일 20시,일요일,인천광역시 서구 경서동,경상사고,0,0,1,0,차대차 - 기타,안전운전불이행,건조,맑음,교차로 - 교차로부근,승용,남,51세,상해없음,이륜,남,37세,경상
2017120300100465,2017년 12월 3일 21시,일요일,인천광역시 부평구 부평동,경상사고,0,0,1,0,차대차 - 측면충돌,중앙선침범,건조,맑음,단일로 - 기타,승용,남,54세,상해없음,이륜,남,18세,경상
2017120300100466,2017년 12월 3일 21시,일요일,인천광역시 계양구 효성동,경상사고,0,0,1,0,차량단독 - 기타,기타,건조,맑음,단일로 - 기타,승합,남,53세,상해없음,,,,
2017120300100484,2017년 12월 3일 22시,일요일,인천광역시 부평구 삼산동,경상사고,0,0,1,0,차대사람 - 횡단중,안전운전불이행,건조,맑음,단일로 - 기타,승용,남,62세,상해없음,보행자,남,55세,경상
2017120400100030,2017년 12월 4일 00시,월요일,인천광역시 부평구 산곡동,경상사고,0,0,1,0,차대차 - 추돌,안전운전불이행,건조,맑음,기타 - 기타,승용,남,68세,상해없음,승용,남,38세,경상
2017120400100079,2017년 12월 4일 06시,월요일,인천광역시 부평구 청천동,경상사고,0,0,1,0,차대차 - 측면충돌,신호위반,건조,맑음,교차로 - 교차로안,승용,여,21세,기타불명,화물,남,49세,경상
2017120400100107,2017년 12월 4일 07시,월요일,인천광역시 서구 원창동,중상사고,0,1,0,0,차대사람 - 횡단중,보행자보호의무위반,건조,맑음,교차로 - 교차로안,승합,남,60세,상해없음,보행자,여,57세,중상
2017120400100162,2017년 12월 4일 08시,월요일,인천광역시 계양구 작전동,중상사고,0,1,0,0,차대사람 - 횡단중,안전운전불이행,건조,맑음,교차로 - 교차로안,승용,여,45세,상해없음,보행자,여,70세,중상
2017120400100196,2017년 12월 4일 09시,월요일,인천광역시 강화군 하점면,중상사고,0,1,0,0,차대차 - 측면충돌,교차로운행방법위반,건조,맑음,교차로 - 교차로안,화물,남,48세,상해없음,승용,남,59세,중상
2017120400100265,2017년 12월 4일 12시,월요일,인천광역시 서구 경서동,경상사고,0,0,1,0,차대차 - 정면충돌,신호위반,건조,맑음,교차로 - 교차로안,승용,여,49세,상해없음,건설기계,남,56세,상해없음
2017120400100266,2017년 12월 4일 12시,월요일,인천광역시 서구 석남동,경상사고,0,0,1,0,차대차 - 측면충돌,안전운전불이행,건조,맑음,교차로 - 교차로안,승용,여,28세,경상,승용,여,47세,상해없음
2017120400100394,2017년 12월 4일 16시,월요일,인천광역시 부평구 부평동,중상사고,0,1,0,0,차대사람 - 기타,신호위반,건조,맑음,단일로 - 기타,화물,남,54세,상해없음,보행자,여,23세,중상
2017120400100395,2017년 12월 4일 16시,월요일,인천광역시 서구 왕길동,경상사고,0,0,1,0,차대차 - 측면충돌,신호위반,건조,맑음,교차로 - 교차로안,승용,남,62세,상해없음,승용,남,45세,경상
2017120400100433,2017년 12월 4일 17시,월요일,인천광역시 연수구 옥련동,경상사고,0,0,1,0,차대차 - 측면충돌,안전거리미확보,건조,맑음,단일로 - 기타,화물,남,43세,상해없음,승용,남,33세,경상
2017120400100491,2017년 12월 4일 18시,월요일,인천광역시 남구 도화동,경상사고,0,0,1,0,차대차 - 추돌,안전운전불이행,건조,맑음,단일로 - 기타,승용,여,36세,상해없음,승용,남,62세,경상
2017120400100492,2017년 12월 4일 18시,월요일,인천광역시 부평구 부평동,중상사고,0,1,0,0,차대사람 - 기타,안전운전불이행,건조,맑음,기타 - 기타,화물,남,64세,상해없음,보행자,남,54세,중상
2017120400100493,2017년 12월 4일 18시,월요일,인천광역시 계양구 계산동,경상사고,0,0,1,0,차대사람 - 보도통행중,안전운전불이행,건조,맑음,단일로 - 기타,승용,여,52세,상해없음,보행자,남,32세,경상
2017120400100538,2017년 12월 4일 19시,월요일,인천광역시 남구 도화동,경상사고,0,0,1,0,차대차 - 추돌,안전운전불이행,건조,맑음,단일로 - 기타,승용,남,25세,상해없음,이륜,남,22세,경상
2017120400100539,2017년 12월 4일 19시,월요일,인천광역시 남동구 구월동,경상사고,0,0,2,0,차대차 - 측면충돌,신호위반,건조,맑음,교차로 - 교차로안,승용,남,69세,상해없음,승용,남,50세,경상
2017120400100579,2017년 12월 4일 21시,월요일,인천광역시 계양구 작전동,경상사고,0,0,1,0,차대차 - 측면충돌,직진우회전진행방해,건조,맑음,교차로 - 교차로안,승용,여,45세,상해없음,자전거,남,58세,경상
2017120400100580,2017년 12월 4일 21시,월요일,인천광역시 연수구 송도동,경상사고,0,0,2,0,차대차 - 측면충돌,안전운전불이행,건조,맑음,교차로 - 교차로부근,승용,남,22세,상해없음,승용,남,32세,경상
2017120400100581,2017년 12월 4일 21시,월요일,인천광역시 부평구 부평동,중상사고,0,1,0,0,차대사람 - 기타,안전운전불이행,건조,맑음,교차로 - 교차로안,승용,남,41세,상해없음,보행자,여,71세,중상
2017120400100606,2017년 12월 4일 22시,월요일,인천광역시 남구 주안동,중상사고,0,1,0,0,차대사람 - 기타,안전운전불이행,건조,맑음,단일로 - 기타,승용,남,30세,상해없음,보행자,여,67세,중상
2017120400100607,2017년 12월 4일 22시,월요일,인천광역시 남동구 고잔동,경상사고,0,0,1,1,차대차 - 측면충돌,안전운전불이행,건조,맑음,단일로 - 기타,승용,남,32세,경상,화물,남,44세,기타불명
2017120400100632,2017년 12월 4일 23시,월요일,인천광역시 남동구 논현동,중상사고,0,1,2,0,차대차 - 측면충돌,신호위반,건조,맑음,단일로 - 기타,승용,여,39세,경상,승용,여,47세,중상
2017120500100082,2017년 12월 5일 05시,화요일,인천광역시 계양구 임학동,경상사고,0,0,1,0,차대차 - 기타,안전운전불이행,건조,맑음,단일로 - 기타,승용,여,43세,상해없음,화물,남,67세,기타불명
2017120500100196,2017년 12월 5일 09시,화요일,인천광역시 서구 공촌동,중상사고,0,1,0,0,차대차 - 측면충돌,안전운전불이행,건조,맑음,단일로 - 기타,화물,남,56세,상해없음,승용,여,58세,중상
2017120500100197,2017년 12월 5일 09시,화요일,인천광역시 남동구 고잔동,경상사고,0,0,1,0,차대차 - 추돌,안전거리미확보,건조,맑음,교차로 - 교차로부근,승용,여,37세,상해없음,화물,남,54세,경상
2017120500100220,2017년 12월 5일 10시,화요일,인천광역시 연수구 연수동,중상사고,0,1,0,0,차대차 - 측면충돌,안전운전불이행,건조,맑음,교차로 - 교차로안,자전거,남,77세,중상,승용,남,55세,상해없음
2017120500100255,2017년 12월 5일 11시,화요일,인천광역시 남구 주안동,중상사고,0,1,0,0,차대사람 - 횡단중,안전운전불이행,건조,맑음,교차로 - 교차로횡단보도내,승용,여,46세,상해없음,보행자,여,77세,중상
2017120500100256,2017년 12월 5일 11시,화요일,인천광역시 계양구 계산동,경상사고,0,0,1,0,차대차 - 기타,안전운전불이행,건조,맑음,단일로 - 기타,승용,남,28세,상해없음,이륜,남,29세,경상
2017120500100316,2017년 12월 5일 13시,화요일,인천광역시 서구 원창동,경상사고,0,0,1,0,차대차 - 측면충돌,안전운전불이행,건조,맑음,단일로 - 기타,화물,남,54세,상해없음,승용,남,29세,경상
2017120500100437,2017년 12월 5일 17시,화요일,인천광역시 남동구 간석동,경상사고,0,0,3,0,차대차 - 측면충돌,교차로운행방법위반,건조,맑음,교차로 - 교차로부근,승용,남,66세,경상,화물,남,49세,경상
2017120500100496,2017년 12월 5일 18시,화요일,인천광역시 남동구 간석동,경상사고,0,0,1,0,차대차 - 측면충돌,안전운전불이행,건조,맑음,교차로 - 교차로안,승용,여,57세,기타불명,승용,남,36세,경상
2017120500100532,2017년 12월 5일 19시,화요일,인천광역시 남구 학익동,중상사고,0,1,1,0,차대차 - 측면충돌,신호위반,건조,맑음,교차로 - 교차로안,승용,남,51세,상해없음,승용,남,59세,경상
2017120500100595,2017년 12월 5일 22시,화요일,인천광역시 서구 왕길동,경상사고,0,0,2,0,차대차 - 측면충돌,교차로운행방법위반,적설,눈,교차로 - 교차로안,승용,여,68세,상해없음,승용,남,37세,경상
2017120500100596,2017년 12월 5일 22시,화요일,인천광역시 연수구 옥련동,부상신고사고,0,0,0,1,차대차 - 측면충돌,안전운전불이행,서리/결빙,눈,단일로 - 기타,승용,여,39세,상해없음,승용,남,27세,부상신고
2017120500100607,2017년 12월 5일 23시,화요일,인천광역시 서구 가좌동,사망사고,1,7,0,0,차대차 - 측면충돌,중앙선침범,서리/결빙,눈,단일로 - 고가도로위,승용,남,58세,상해없음,승용,남,33세,중상
2017120500100608,2017년 12월 5일 23시,화요일,인천광역시 서구 원창동,경상사고,0,0,1,0,차대차 - 추돌,안전운전불이행,적설,눈,단일로 - 기타,승용,남,53세,상해없음,승용,여,49세,경상
2017120600100045,2017년 12월 6일 00시,수요일,인천광역시 남동구 논현동,중상사고,0,2,0,0,차대차 - 기타,안전운전불이행,서리/결빙,눈,교차로 - 교차로부근,승용,남,45세,상해없음,승용,남,28세,상해없음
2017120600100071,2017년 12월 6일 02시,수요일,인천광역시 남동구 만수동,경상사고,0,0,2,0,차대차 - 추돌,안전운전불이행,적설,눈,교차로 - 교차로부근,승용,남,46세,상해없음,승용,남,53세,경상
2017120600100119,2017년 12월 6일 06시,수요일,인천광역시 남동구 남촌동,경상사고,0,0,2,0,차대차 - 기타,안전운전불이행,서리/결빙,맑음,단일로 - 기타,승용,남,30세,상해없음,승용,남,48세,상해없음
2017120600100144,2017년 12월 6일 07시,수요일,인천광역시 남구 용현동,경상사고,0,0,2,0,차대차 - 추돌,안전운전불이행,건조,맑음,교차로 - 교차로부근,화물,남,37세,상해없음,화물,남,36세,경상
2017120600100194,2017년 12월 6일 08시,수요일,인천광역시 연수구 옥련동,중상사고,0,1,0,0,차대사람 - 횡단중,신호위반,건조,맑음,교차로 - 교차로횡단보도내,승용,남,52세,상해없음,보행자,여,84세,중상
2017120600100283,2017년 12월 6일 11시,수요일,인천광역시 남동구 구월동,경상사고,0,0,2,0,차대차 - 추돌,안전거리미확보,건조,맑음,단일로 - 기타,승용,남,53세,상해없음,승용,남,63세,경상
2017120600100284,2017년 12월 6일 11시,수요일,인천광역시 연수구 옥련동,중상사고,0,1,0,0,차대차 - 측면충돌,신호위반,젖음/습기,맑음,교차로 - 교차로안,화물,남,52세,상해없음,승용,여,39세,중상
2017120600100285,2017년 12월 6일 11시,수요일,인천광역시 부평구 부평동,경상사고,0,0,1,0,차대사람 - 기타,안전운전불이행,건조,맑음,단일로 - 기타,기타불명,기타불명,미분류,기타불명,보행자,남,60세,경상
2017120600100312,2017년 12월 6일 12시,수요일,인천광역시 남구 학익동,경상사고,0,0,1,0,차대차 - 측면충돌,안전운전불이행,건조,맑음,교차로 - 교차로안,승용,남,50세,상해없음,이륜,남,35세,경상
2017120600100313,2017년 12월 6일 12시,수요일,인천광역시 부평구 청천동,경상사고,0,0,2,0,차대차 - 기타,안전운전불이행,건조,맑음,교차로 - 교차로안,원동기,남,16세,경상,승용,여,41세,경상
2017120600100314,2017년 12월 6일 12시,수요일,인천광역시 남동구 논현동,경상사고,0,0,3,0,차대차 - 측면충돌,신호위반,건조,맑음,교차로 - 교차로안,승용,여,56세,상해없음,승합,남,59세,경상
2017120600100359,2017년 12월 6일 13시,수요일,인천광역시 계양구 효성동,중상사고,0,1,0,0,차대사람 - 기타,안전운전불이행,건조,맑음,기타 - 기타,승용,여,44세,상해없음,보행자,여,81세,중상
2017120600100395,2017년 12월 6일 14시,수요일,인천광역시 남구 도화동,경상사고,0,0,1,0,차대차 - 기타,안전운전불이행,건조,맑음,기타 - 기타,승합,남,48세,상해없음,이륜,남,23세,경상
2017120600100396,2017년 12월 6일 14시,수요일,인천광역시 서구 가정동,중상사고,0,1,0,0,차대차 - 측면충돌,신호위반,건조,맑음,교차로 - 교차로안,승용,여,62세,상해없음,이륜,남,36세,중상
2017120600100432,2017년 12월 6일 15시,수요일,인천광역시 서구 석남동,경상사고,0,0,1,0,차대차 - 추돌,안전운전불이행,건조,맑음,교차로 - 교차로부근,승용,남,38세,상해없음,승용,남,24세,경상
2017120600100475,2017년 12월 6일 16시,수요일,인천광역시 남구 학익동,경상사고,0,0,2,0,차대차 - 측면충돌,안전운전불이행,젖음/습기,흐림,교차로 - 교차로안,화물,남,55세,상해없음,승용,여,26세,경상
2017120600100476,2017년 12월 6일 16시,수요일,인천광역시 남동구 구월동,경상사고,0,0,1,0,차대차 - 추돌,안전운전불이행,건조,기타,기타 - 기타,승용,남,40세,기타불명,승용,여,42세,경상
2017120600100477,2017년 12월 6일 16시,수요일,인천광역시 계양구 계산동,부상신고사고,0,0,0,1,차대차 - 기타,안전운전불이행,건조,기타,기타 - 기타,기타불명,남,미분류,상해없음,승용,여,53세,부상신고
2017120600100533,2017년 12월 6일 17시,수요일,인천광역시 남구 학익동,경상사고,0,0,1,0,차대차 - 후진중충돌,안전운전불이행,건조,맑음,기타 - 기타,화물,남,38세,상해없음,승용,남,65세,경상
2017120600100534,2017년 12월 6일 17시,수요일,인천광역시 서구 오류동,중상사고,0,1,0,0,차대사람 - 횡단중,안전운전불이행,건조,맑음,단일로 - 기타,승용,여,51세,상해없음,보행자,여,26세,중상
2017120600100535,2017년 12월 6일 17시,수요일,인천광역시 계양구 계산동,중상사고,0,1,0,0,차대사람 - 횡단중,안전운전불이행,젖음/습기,비,단일로 - 기타,승용,남,56세,상해없음,보행자,남,83세,중상
2017120600100536,2017년 12월 6일 17시,수요일,인천광역시 부평구 갈산동,중상사고,0,1,0,0,차대사람 - 기타,안전운전불이행,건조,맑음,기타 - 기타,승용,남,65세,상해없음,보행자,여,24세,중상
2017120600100639,2017년 12월 6일 19시,수요일,인천광역시 남동구 구월동,경상사고,0,0,1,0,차대차 - 측면충돌,안전운전불이행,건조,맑음,단일로 - 기타,승용,남,24세,상해없음,승용,여,51세,경상
2017120600100669,2017년 12월 6일 20시,수요일,인천광역시 남동구 간석동,경상사고,0,0,2,0,차대차 - 측면충돌,안전거리미확보,젖음/습기,비,단일로 - 기타,화물,남,60세,상해없음,승용,남,21세,경상
2017120600100670,2017년 12월 6일 20시,수요일,인천광역시 계양구 작전동,경상사고,0,0,1,0,차대차 - 측면충돌,안전운전불이행,건조,맑음,단일로 - 기타,승용,남,56세,상해없음,승용,남,29세,경상
2017120600100671,2017년 12월 6일 20시,수요일,인천광역시 연수구 동춘동,경상사고,0,0,2,0,차대차 - 측면충돌,중앙선침범,건조,맑음,단일로 - 기타,승용,남,64세,상해없음,승용,여,41세,경상
2017120600100692,2017년 12월 6일 21시,수요일,인천광역시 서구 가좌동,경상사고,0,0,1,0,차대차 - 측면충돌,안전운전불이행,건조,맑음,단일로 - 기타,승용,남,21세,상해없음,화물,남,42세,상해없음
2017120600100693,2017년 12월 6일 21시,수요일,인천광역시 남동구 구월동,경상사고,0,0,1,0,차대차 - 측면충돌,안전운전불이행,젖음/습기,맑음,단일로 - 기타,승용,남,34세,상해없음,승합,남,52세,상해없음
2017120600100721,2017년 12월 6일 22시,수요일,인천광역시 중구 중산동,경상사고,0,0,2,0,차대차 - 후진중충돌,안전운전불이행,건조,맑음,단일로 - 기타,승용,남,38세,상해없음,승용,남,43세,경상
2017120600100722,2017년 12월 6일 22시,수요일,인천광역시 남동구 고잔동,중상사고,0,1,1,0,차대차 - 측면충돌,신호위반,건조,맑음,교차로 - 교차로안,승용,남,63세,상해없음,승용,남,54세,중상
2017120700100041,2017년 12월 7일 01시,목요일,인천광역시 서구 석남동,중상사고,0,1,0,0,차대사람 - 횡단중,안전운전불이행,젖음/습기,비,단일로 - 기타,승용,남,60세,상해없음,보행자,여,37세,중상
2017120700100064,2017년 12월 7일 04시,목요일,인천광역시 중구 운서동,중상사고,0,3,5,4,차대차 - 추돌,안전운전불이행,건조,흐림,단일로 - 기타,승합,남,56세,상해없음,화물,남,64세,중상
2017120700100135,2017년 12월 7일 07시,목요일,인천광역시 남동구 논현동,경상사고,0,0,1,0,차대차 - 측면충돌,차로위반,건조,맑음,교차로 - 교차로부근,승합,남,31세,상해없음,승용,여,49세,경상
2017120700100136,2017년 12월 7일 07시,목요일,인천광역시 남동구 고잔동,중상사고,0,1,0,0,차대차 - 후진중충돌,안전운전불이행,서리/결빙,맑음,단일로 - 기타,화물,남,58세,상해없음,승용,남,37세,중상
2017120700100176,2017년 12월 7일 08시,목요일,인천광역시 남구 숭의동,경상사고,0,0,1,0,차대사람 - 횡단중,안전운전불이행,건조,맑음,단일로 - 기타,승용,여,53세,상해없음,보행자,여,6세,경상
2017120700100177,2017년 12월 7일 08시,목요일,인천광역시 남동구 만수동,경상사고,0,0,1,0,차대사람 - 길가장자리구역통행중,안전운전불이행,건조,맑음,교차로 - 교차로부근,승용,여,63세,상해없음,보행자,여,20세,경상
2017120700100178,2017년 12월 7일 08시,목요일,인천광역시 계양구 효성동,경상사고,0,0,1,0,차대차 - 추돌,안전운전불이행,건조,맑음,단일로 - 기타,건설기계,남,54세,상해없음,승용,남,58세,경상
2017120700100205,2017년 12월 7일 09시,목요일,인천광역시 서구 마전동,경상사고,0,0,3,0,차대차 - 측면충돌,안전운전불이행,건조,맑음,단일로 - 기타,승용,남,45세,상해없음,승용,남,48세,경상
2017120700100206,2017년 12월 7일 09시,목요일,인천광역시 서구 오류동,경상사고,0,0,2,0,차대차 - 정면충돌,안전운전불이행,젖음/습기,비,교차로 - 교차로안,특수,남,42세,경상,승용,남,22세,경상
2017120700100218,2017년 12월 7일 10시,목요일,인천광역시 서구 원창동,중상사고,0,1,1,0,차대차 - 측면충돌,안전운전불이행,서리/결빙,맑음,단일로 - 기타,승합,남,47세,상해없음,화물,남,61세,경상
2017120700100241,2017년 12월 7일 11시,목요일,인천광역시 부평구 십정동,경상사고,0,0,1,0,차대차 - 측면충돌,중앙선침범,건조,맑음,단일로 - 기타,승용,남,52세,상해없음,승용,여,51세,경상
2017120700100242,2017년 12월 7일 11시,목요일,인천광역시 남동구 장수동,경상사고,0,0,2,0,차대차 - 추돌,안전거리미확보,건조,맑음,단일로 - 기타,화물,남,61세,경상,화물,남,50세,상해없음
2017120700100270,2017년 12월 7일 12시,목요일,인천광역시 연수구 옥련동,경상사고,0,0,1,0,차대차 - 측면충돌,안전운전불이행,건조,맑음,단일로 - 기타,승용,여,37세,상해없음,승용,남,56세,상해없음
2017120700100289,2017년 12월 7일 13시,목요일,인천광역시 서구 가좌동,경상사고,0,0,1,0,차대차 - 측면충돌,안전운전불이행,건조,맑음,단일로 - 기타,승용,남,30세,상해없음,승용,남,40세,경상
2017120700100313,2017년 12월 7일 14시,목요일,인천광역시 중구 도원동,경상사고,0,0,1,0,차대차 - 측면충돌,안전운전불이행,건조,맑음,교차로 - 교차로안,승용,남,62세,상해없음,이륜,여,50세,경상
2017120700100374,2017년 12월 7일 16시,목요일,인천광역시 남동구 만수동,중상사고,0,1,0,0,차대사람 - 횡단중,신호위반,건조,맑음,단일로 - 기타,승합,남,60세,상해없음,보행자,남,16세,중상
2017120700100419,2017년 12월 7일 17시,목요일,인천광역시 서구 가정동,경상사고,0,0,2,0,차대차 - 측면충돌,안전운전불이행,건조,맑음,교차로 - 교차로부근,화물,남,43세,상해없음,승용,남,42세,경상
2017120700100420,2017년 12월 7일 17시,목요일,인천광역시 부평구 갈산동,경상사고,0,0,1,0,차대차 - 추돌,안전운전불이행,건조,맑음,단일로 - 기타,승합,남,58세,상해없음,이륜,남,41세,경상
2017120700100504,2017년 12월 7일 19시,목요일,인천광역시 서구 심곡동,중상사고,0,1,0,0,차대차 - 측면충돌,중앙선침범,건조,맑음,단일로 - 기타,승용,남,60세,상해없음,이륜,남,25세,중상
2017120700100505,2017년 12월 7일 19시,목요일,인천광역시 서구 석남동,경상사고,0,0,1,0,차량단독 - 기타,안전운전불이행,건조,맑음,단일로 - 기타,승합,남,27세,상해없음,,,,
2017120700100532,2017년 12월 7일 20시,목요일,인천광역시 남동구 간석동,경상사고,0,0,1,0,차대차 - 추돌,안전운전불이행,건조,맑음,단일로 - 기타,승용,남,45세,상해없음,승용,남,56세,경상
2017120700100553,2017년 12월 7일 21시,목요일,인천광역시 계양구 작전동,경상사고,0,0,1,0,차대차 - 측면충돌,신호위반,건조,맑음,교차로 - 교차로안,승용,여,43세,상해없음,승용,남,55세,경상
2017120700100615,2017년 12월 7일 23시,목요일,인천광역시 부평구 산곡동,경상사고,0,0,3,0,차대차 - 기타,안전운전불이행,건조,맑음,단일로 - 기타,승용,남,48세,상해없음,승용,남,28세,경상
2017120700100616,2017년 12월 7일 23시,목요일,인천광역시 부평구 부평동,중상사고,0,1,1,0,차대차 - 측면충돌,신호위반,건조,맑음,교차로 - 교차로안,승용,여,25세,상해없음,승용,남,50세,중상
2017120800100045,2017년 12월 8일 00시,금요일,인천광역시 서구 경서동,경상사고,0,0,2,0,차대차 - 측면충돌,안전운전불이행,건조,맑음,단일로 - 기타,승용,남,54세,상해없음,승합,남,55세,경상
2017120800100046,2017년 12월 8일 00시,금요일,인천광역시 부평구 부평동,중상사고,0,1,1,0,차대차 - 추돌,안전운전불이행,건조,맑음,단일로 - 기타,승합,남,40세,상해없음,승용,남,24세,중상
2017120800100064,2017년 12월 8일 01시,금요일,인천광역시 남동구 간석동,중상사고,0,4,3,0,차대차 - 정면충돌,신호위반,서리/결빙,맑음,단일로 - 기타,승용,남,28세,상해없음,승합,남,58세,중상
2017120800100074,2017년 12월 8일 02시,금요일,인천광역시 부평구 부평동,경상사고,0,0,1,0,차대사람 - 길가장자리구역통행중,안전운전불이행,건조,맑음,단일로 - 기타,기타불명,기타불명,미분류,기타불명,보행자,여,61세,경상
2017120800100091,2017년 12월 8일 04시,금요일,인천광역시 남구 주안동,사망사고,1,0,0,0,차대차 - 기타,안전운전불이행,건조,맑음,단일로 - 기타,화물,남,66세,상해없음,승합,남,32세,상해없음
2017120800100099,2017년 12월 8일 05시,금요일,인천광역시 남구 주안동,경상사고,0,0,1,0,차대사람 - 횡단중,안전운전불이행,건조,맑음,단일로 - 기타,승용,남,68세,상해없음,보행자,남,19세,경상
2017120800100153,2017년 12월 8일 07시,금요일,인천광역시 계양구 임학동,경상사고,0,0,1,0,차대사람 - 기타,기타,건조,맑음,단일로 - 기타,승용,남,56세,기타불명,보행자,여,34세,경상
2017120800100194,2017년 12월 8일 08시,금요일,인천광역시 중구 운서동,중상사고,0,1,0,0,차대차 - 측면충돌,안전운전불이행,건조,맑음,교차로 - 교차로안,승용,남,54세,상해없음,승용,여,33세,중상
2017120800100195,2017년 12월 8일 08시,금요일,인천광역시 남구 도화동,경상사고,0,0,1,0,차대차 - 추돌,안전운전불이행,건조,맑음,단일로 - 기타,승용,남,47세,상해없음,승용,남,28세,경상
2017120800100229,2017년 12월 8일 09시,금요일,인천광역시 서구 가좌동,경상사고,0,0,1,0,차대차 - 측면충돌,안전운전불이행,건조,맑음,기타 - 기타,승용,남,25세,상해없음,승용,남,35세,경상
2017120800100230,2017년 12월 8일 09시,금요일,인천광역시 남동구 서창동,경상사고,0,0,2,0,차대차 - 추돌,안전운전불이행,건조,맑음,교차로 - 교차로부근,승용,남,58세,상해없음,승용,남,36세,경상
2017120800100297,2017년 12월 8일 11시,금요일,인천광역시 남구 주안동,경상사고,0,0,1,0,차대차 - 측면충돌,안전운전불이행,건조,맑음,기타 - 기타,승용,여,38세,기타불명,승용,여,50세,경상
2017120800100298,2017년 12월 8일 11시,금요일,인천광역시 서구 왕길동,경상사고,0,0,2,0,차대차 - 측면충돌,안전운전불이행,건조,맑음,단일로 - 기타,화물,남,63세,상해없음,화물,남,63세,경상
2017120800100322,2017년 12월 8일 12시,금요일,인천광역시 남구 주안동,경상사고,0,0,1,0,차대사람 - 기타,안전운전불이행,건조,맑음,단일로 - 기타,승용,남,66세,상해없음,보행자,여,38세,경상
2017120800100323,2017년 12월 8일 12시,금요일,인천광역시 부평구 부평동,경상사고,0,0,1,0,차대사람 - 기타,안전운전불이행,건조,맑음,단일로 - 기타,승용,남,24세,상해없음,보행자,여,18세,경상
2017120800100324,2017년 12월 8일 12시,금요일,인천광역시 남동구 서창동,경상사고,0,0,1,0,차대사람 - 기타,보행자보호의무위반,건조,맑음,교차로 - 교차로안,기타불명,기타불명,미분류,기타불명,보행자,여,22세,경상
2017120800100352,2017년 12월 8일 13시,금요일,인천광역시 강화군 내가면,중상사고,0,1,2,0,차대차 - 측면충돌,교차로운행방법위반,건조,맑음,교차로 - 교차로안,승용,남,53세,상해없음,승용,남,60세,경상
2017120800100409,2017년 12월 8일 15시,금요일,인천광역시 옹진군 영흥면,경상사고,0,0,2,0,차대차 - 측면충돌,중앙선침범,건조,맑음,기타 - 기타,화물,남,74세,상해없음,승용,여,61세,경상
2017120800100410,2017년 12월 8일 15시,금요일,인천광역시 남동구 구월동,경상사고,0,0,1,0,차대차 - 측면충돌,신호위반,건조,맑음,교차로 - 교차로안,승용,남,55세,상해없음,승용,남,21세,상해없음
2017120800100510,2017년 12월 8일 17시,금요일,인천광역시 서구 오류동,중상사고,0,1,0,0,차대차 - 측면충돌,신호위반,건조,맑음,교차로 - 교차로안,승용,남,44세,상해없음,이륜,남,46세,중상
2017120800100563,2017년 12월 8일 18시,금요일,인천광역시 서구 경서동,경상사고,0,0,1,0,차대사람 - 보도통행중,기타,건조,맑음,단일로 - 기타,이륜,남,18세,상해없음,보행자,여,24세,경상
2017120800100564,2017년 12월 8일 18시,금요일,인천광역시 서구 금곡동,경상사고,0,0,2,0,차대차 - 정면충돌,교차로운행방법위반,건조,기타,교차로 - 교차로안,승용,남,20세,경상,승용,남,65세,경상
2017120800100565,2017년 12월 8일 18시,금요일,인천광역시 계양구 병방동,경상사고,0,0,1,0,차대차 - 측면충돌,신호위반,건조,맑음,교차로 - 교차로부근,승용,남,57세,상해없음,이륜,남,25세,경상
2017120800100566,2017년 12월 8일 18시,금요일,인천광역시 강화군 송해면,경상사고,0,0,1,0,차대차 - 측면충돌,중앙선침범,건조,맑음,단일로 - 기타,이륜,남,59세,상해없음,승용,남,49세,경상
2017120800100649,2017년 12월 8일 20시,금요일,인천광역시 남동구 구월동,경상사고,0,0,1,0,차대차 - 측면충돌,불법유턴,건조,맑음,교차로 - 교차로부근,이륜,남,25세,경상,화물,남,53세,상해없음
2017120800100678,2017년 12월 8일 21시,금요일,인천광역시 연수구 연수동,경상사고,0,0,5,0,차대차 - 추돌,안전운전불이행,건조,맑음,단일로 - 기타,화물,남,57세,상해없음,승용,남,60세,경상
2017120800100679,2017년 12월 8일 21시,금요일,인천광역시 부평구 부평동,경상사고,0,0,1,0,차대차 - 측면충돌,안전운전불이행,건조,맑음,단일로 - 기타,승용,여,43세,상해없음,이륜,남,20세,경상
2017120800100703,2017년 12월 8일 22시,금요일,인천광역시 연수구 송도동,중상사고,0,1,1,0,차대차 - 측면충돌,신호위반,건조,맑음,교차로 - 교차로안,이륜,남,32세,중상,승용,남,29세,경상