사고번호,사고일시,요일,시군구,사고내용,사망자수,중상자수,경상자수,부상신고자수,사고유형,법규위반,노면상태,기상상태,도로형태,가해운전자 차종,가해운전자 성별,가해운전자 연령,가해운전자 상해정도,피해운전자 차종,피해운전자 성별,피해운전자 연령,피해운전자 상해정도
2017121400100141,2017년 12월 14일 07시,목요일,인천광역시 남동구 간석동,경상사고,0,0,2,0,차대차 - 추돌,안전운전불이행,건조,맑음,교차로 - 교차로부근,승용,남,31세,경상,승용,남,47세,상해없음
2017121400100142,2017년 12월 14일 07시,목요일,인천광역시 남동구 논현동,중상사고,0,1,0,0,차대사람 - 기타,신호위반,건조,맑음,교차로 - 교차로횡단보도내,승용,여,40세,상해없음,보행자,남,17세,중상
2017121400100214,2017년 12월 14일 09시,목요일,인천광역시 서구 가정동,중상사고,0,1,0,0,차대사람 - 기타,안전운전불이행,건조,맑음,단일로 - 기타,승용,남,36세,상해없음,보행자,남,61세,중상
2017121400100215,2017년 12월 14일 09시,목요일,인천광역시 연수구 송도동,중상사고,0,1,1,0,차대차 - 측면충돌,신호위반,건조,맑음,교차로 - 교차로안,승용,여,35세,중상,승용,여,27세,경상
2017121400100242,2017년 12월 14일 10시,목요일,인천광역시 남동구 구월동,중상사고,0,1,1,0,차대차 - 추돌,안전운전불이행,건조,맑음,교차로 - 교차로부근,승용,여,53세,상해없음,승용,여,45세,경상
2017121400100294,2017년 12월 14일 12시,목요일,인천광역시 서구 당하동,중상사고,0,1,3,0,차대차 - 측면충돌,신호위반,건조,맑음,교차로 - 교차로안,승용,여,34세,상해없음,승용,남,31세,중상
2017121400100322,2017년 12월 14일 13시,목요일,인천광역시 중구 항동7가,중상사고,0,1,0,0,차대사람 - 차도통행중,안전운전불이행,건조,맑음,단일로 - 기타,특수,남,48세,상해없음,보행자,남,65세,중상
2017121400100323,2017년 12월 14일 13시,목요일,인천광역시 부평구 부개동,경상사고,0,0,1,0,차대차 - 측면충돌,안전운전불이행,건조,맑음,단일로 - 기타,화물,남,60세,상해없음,승용,남,33세,경상
2017121400100351,2017년 12월 14일 14시,목요일,인천광역시 서구 당하동,경상사고,0,0,1,0,차대사람 - 횡단중,안전운전불이행,건조,맑음,교차로 - 교차로부근,승용,남,23세,상해없음,보행자,여,16세,경상
2017121400100374,2017년 12월 14일 15시,목요일,인천광역시 강화군 강화읍,중상사고,0,1,2,0,차대차 - 측면충돌,신호위반,건조,맑음,교차로 - 교차로안,승용,여,60세,상해없음,승용,남,59세,경상
2017121400100395,2017년 12월 14일 16시,목요일,인천광역시 계양구 다남동,경상사고,0,0,1,0,차대차 - 측면충돌,불법유턴,건조,맑음,교차로 - 교차로안,화물,남,77세,상해없음,승합,남,42세,경상
2017121400100434,2017년 12월 14일 17시,목요일,인천광역시 남동구 구월동,중상사고,0,1,0,0,차대사람 - 기타,안전운전불이행,건조,맑음,기타 - 기타,승용,여,44세,상해없음,보행자,여,38세,중상
2017121400100435,2017년 12월 14일 17시,목요일,인천광역시 남동구 간석동,경상사고,0,0,1,0,차대차 - 추돌,안전운전불이행,건조,맑음,단일로 - 기타,승용,남,20세,기타불명,승용,여,31세,경상
2017121400100436,2017년 12월 14일 17시,목요일,인천광역시 계양구 효성동,경상사고,0,0,1,0,차대사람 - 차도통행중,안전운전불이행,건조,맑음,교차로 - 교차로부근,이륜,남,22세,상해없음,보행자,여,77세,경상
2017121400100482,2017년 12월 14일 18시,목요일,인천광역시 부평구 부평동,경상사고,0,0,1,0,차대차 - 기타,신호위반,건조,맑음,기타 - 기타,승용,남,55세,상해없음,자전거,남,43세,경상
2017121400100533,2017년 12월 14일 20시,목요일,인천광역시 남구 용현동,중상사고,0,1,0,0,차대사람 - 기타,기타,건조,맑음,단일로 - 기타,승용,여,37세,상해없음,보행자,남,71세,중상
2017121400100588,2017년 12월 14일 22시,목요일,인천광역시 동구 송림동,경상사고,0,0,1,0,차대사람 - 횡단중,안전운전불이행,건조,맑음,교차로 - 교차로횡단보도내,승용,남,45세,상해없음,보행자,남,42세,경상
2017121400100600,2017년 12월 14일 23시,목요일,인천광역시 남구 도화동,중상사고,0,1,0,0,차대차 - 측면충돌,안전운전불이행,건조,맑음,단일로 - 기타,승용,남,61세,상해없음,화물,남,29세,상해없음
2017121400100601,2017년 12월 14일 23시,목요일,인천광역시 계양구 계산동,경상사고,0,0,1,0,차대차 - 추돌,안전운전불이행,건조,맑음,교차로 - 교차로부근,승용,남,26세,상해없음,승용,남,59세,경상
2017121500100070,2017년 12월 15일 02시,금요일,인천광역시 남구 주안동,경상사고,0,0,2,0,차대차 - 추돌,안전거리미확보,건조,맑음,교차로 - 교차로부근,승용,남,21세,상해없음,승용,남,60세,경상
2017121500100098,2017년 12월 15일 05시,금요일,인천광역시 남구 도화동,사망사고,1,0,0,0,차대사람 - 횡단중,안전운전불이행,건조,맑음,기타 - 기타,승용,남,29세,상해없음,보행자,남,68세,사망
2017121500100099,2017년 12월 15일 05시,금요일,인천광역시 연수구 송도동,경상사고,0,0,1,0,차대차 - 측면충돌,차로위반,건조,맑음,단일로 - 기타,승용,남,47세,상해없음,승용,여,58세,경상
2017121500100136,2017년 12월 15일 07시,금요일,인천광역시 서구 당하동,중상사고,0,1,1,0,차대차 - 정면충돌,중앙선침범,건조,맑음,단일로 - 기타,승용,남,73세,상해없음,승용,남,54세,상해없음
2017121500100198,2017년 12월 15일 09시,금요일,인천광역시 중구 남북동,경상사고,0,0,1,0,차대차 - 측면충돌,안전운전불이행,건조,흐림,교차로 - 교차로안,승용,남,25세,상해없음,화물,남,43세,경상
2017121500100199,2017년 12월 15일 09시,금요일,인천광역시 연수구 송도동,경상사고,0,0,1,0,차대차 - 측면충돌,신호위반,건조,맑음,교차로 - 교차로안,화물,남,39세,상해없음,승용,남,41세,경상
2017121500100247,2017년 12월 15일 11시,금요일,인천광역시 남구 숭의동,경상사고,0,0,1,0,차대차 - 추돌,안전거리미확보,건조,맑음,교차로 - 교차로부근,승용,남,35세,상해없음,승용,남,66세,경상
2017121500100248,2017년 12월 15일 11시,금요일,인천광역시 강화군 강화읍,경상사고,0,0,1,0,차대차 - 측면충돌,안전운전불이행,건조,맑음,단일로 - 기타,승용,여,47세,상해없음,승합,남,33세,경상
2017121500100249,2017년 12월 15일 11시,금요일,인천광역시 남동구 서창동,부상신고사고,0,0,0,1,차대차 - 측면충돌,안전거리미확보,건조,맑음,단일로 - 기타,화물,남,52세,상해없음,승용,여,48세,부상신고
2017121500100363,2017년 12월 15일 15시,금요일,인천광역시 남동구 만수동,경상사고,0,0,1,0,차대사람 - 차도통행중,안전운전불이행,건조,흐림,교차로 - 교차로안,승용,여,29세,상해없음,보행자,여,82세,경상
2017121500100444,2017년 12월 15일 17시,금요일,인천광역시 중구 신흥동3가,경상사고,0,0,1,0,차대차 - 측면충돌,안전운전불이행,건조,맑음,단일로 - 기타,화물,남,57세,상해없음,승용,여,44세,경상
2017121500100445,2017년 12월 15일 17시,금요일,인천광역시 남동구 논현동,경상사고,0,0,1,0,차대사람 - 횡단중,안전운전불이행,건조,맑음,교차로 - 교차로부근,승용,남,61세,상해없음,보행자,남,11세,경상
2017121500100556,2017년 12월 15일 20시,금요일,인천광역시 부평구 십정동,중상사고,0,1,1,0,차대차 - 추돌,안전운전불이행,서리/결빙,눈,교차로 - 교차로안,승용,남,29세,상해없음,승용,여,44세,경상
2017121500100557,2017년 12월 15일 20시,금요일,인천광역시 서구 연희동,중상사고,0,1,1,0,차대차 - 기타,안전운전불이행,건조,맑음,교차로 - 교차로안,승용,남,20세,상해없음,승합,남,56세,상해없음
2017121500100558,2017년 12월 15일 20시,금요일,인천광역시 서구 왕길동,경상사고,0,0,1,0,차대차 - 기타,안전운전불이행,건조,맑음,교차로 - 교차로부근,승합,남,31세,상해없음,승용,남,53세,경상
2017121500100655,2017년 12월 15일 23시,금요일,인천광역시 서구 마전동,중상사고,0,1,0,0,차대사람 - 횡단중,안전운전불이행,건조,맑음,교차로 - 교차로부근,승용,남,25세,상해없음,보행자,남,67세,중상
2017121600100056,2017년 12월 16일 00시,토요일,인천광역시 남구 주안동,사망사고,1,0,1,0,차대사람 - 횡단중,과속,건조,맑음,단일로 - 기타,승용,남,54세,상해없음,보행자,남,50세,사망
2017121600100057,2017년 12월 16일 00시,토요일,인천광역시 계양구 작전동,중상사고,0,1,0,0,차대사람 - 기타,안전운전불이행,건조,맑음,단일로 - 기타,승용,남,54세,상해없음,보행자,여,52세,중상
2017121600100077,2017년 12월 16일 01시,토요일,인천광역시 남동구 간석동,경상사고,0,0,2,0,차대차 - 측면충돌,안전운전불이행,건조,맑음,교차로 - 교차로부근,화물,남,65세,상해없음,승용,남,41세,경상
2017121600100078,2017년 12월 16일 01시,토요일,인천광역시 계양구 계산동,경상사고,0,0,3,0,차대차 - 추돌,안전운전불이행,건조,맑음,교차로 - 교차로부근,승용,남,26세,상해없음,승용,남,31세,경상
2017121600100101,2017년 12월 16일 02시,토요일,인천광역시 남구 주안동,경상사고,0,0,1,0,차대사람 - 기타,안전운전불이행,건조,맑음,기타 - 기타,승용,남,35세,기타불명,보행자,여,33세,경상
2017121600100102,2017년 12월 16일 02시,토요일,인천광역시 서구 마전동,중상사고,0,1,0,0,차대사람 - 횡단중,신호위반,건조,맑음,교차로 - 교차로안,승용,남,32세,상해없음,보행자,여,43세,중상
2017121600100122,2017년 12월 16일 04시,토요일,인천광역시 남구 용현동,중상사고,0,1,0,0,차대차 - 기타,중앙선침범,건조,맑음,단일로 - 고가도로위,승용,남,51세,기타불명,화물,남,62세,중상
2017121600100123,2017년 12월 16일 04시,토요일,인천광역시 계양구 상야동,중상사고,0,1,0,0,차대차 - 정면충돌,중앙선침범,건조,맑음,단일로 - 기타,승용,남,40세,상해없음,승용,남,48세,중상
2017121600100134,2017년 12월 16일 05시,토요일,인천광역시 남동구 수산동,경상사고,0,0,1,0,차대차 - 측면충돌,안전운전불이행,건조,맑음,단일로 - 기타,승용,남,27세,상해없음,화물,남,41세,경상
2017121600100150,2017년 12월 16일 06시,토요일,인천광역시 동구 송현동,중상사고,0,1,1,0,차대차 - 추돌,안전운전불이행,건조,맑음,단일로 - 기타,화물,남,35세,상해없음,승합,남,65세,중상
2017121600100162,2017년 12월 16일 07시,토요일,인천광역시 서구 원당동,중상사고,0,1,1,0,차대사람 - 횡단중,안전운전불이행,건조,맑음,단일로 - 기타,승용,남,35세,상해없음,보행자,남,69세,경상
2017121600100234,2017년 12월 16일 10시,토요일,인천광역시 강화군 내가면,중상사고,0,1,0,0,차대사람 - 횡단중,안전운전불이행,건조,맑음,교차로 - 교차로횡단보도내,승용,여,48세,상해없음,보행자,남,79세,중상
2017121600100260,2017년 12월 16일 11시,토요일,인천광역시 동구 송림동,경상사고,0,0,1,0,차대차 - 추돌,안전거리미확보,건조,맑음,교차로 - 교차로부근,승용,남,55세,상해없음,승용,남,29세,경상
2017121600100261,2017년 12월 16일 11시,토요일,인천광역시 남동구 구월동,경상사고,0,0,1,0,차대사람 - 횡단중,신호위반,건조,맑음,단일로 - 기타,승용,남,56세,상해없음,보행자,남,25세,경상
2017121600100286,2017년 12월 16일 12시,토요일,인천광역시 남동구 간석동,경상사고,0,0,2,0,차대차 - 측면충돌,안전운전불이행,건조,맑음,단일로 - 기타,화물,남,55세,상해없음,화물,남,55세,경상
2017121600100287,2017년 12월 16일 12시,토요일,인천광역시 계양구 동양동,경상사고,0,0,1,0,차대사람 - 횡단중,안전운전불이행,건조,맑음,기타 - 기타,승용,남,61세,상해없음,보행자,여,5세,경상
2017121600100321,2017년 12월 16일 13시,토요일,인천광역시 남동구 간석동,경상사고,0,0,1,0,차대차 - 측면충돌,안전운전불이행,건조,맑음,단일로 - 기타,승용,남,40세,상해없음,승용,남,45세,경상
2017121600100351,2017년 12월 16일 14시,토요일,인천광역시 남구 주안동,부상신고사고,0,0,0,1,차대사람 - 길가장자리구역통행중,안전운전불이행,건조,맑음,기타 - 기타,기타불명,기타불명,미분류,기타불명,보행자,여,64세,부상신고
2017121600100352,2017년 12월 16일 14시,토요일,인천광역시 서구 석남동,중상사고,0,1,0,0,차대사람 - 차도통행중,신호위반,건조,맑음,단일로 - 기타,승용,여,64세,상해없음,보행자,여,11세,중상
2017121600100512,2017년 12월 16일 18시,토요일,인천광역시 남동구 구월동,경상사고,0,0,1,0,차대차 - 기타,안전운전불이행,건조,맑음,교차로 - 교차로부근,승용,여,25세,상해없음,승용,남,61세,경상
2017121600100513,2017년 12월 16일 18시,토요일,인천광역시 남동구 고잔동,경상사고,0,0,1,0,차대차 - 측면충돌,신호위반,건조,맑음,교차로 - 교차로안,승용,남,57세,상해없음,승용,여,27세,경상
2017121600100538,2017년 12월 16일 19시,토요일,인천광역시 남구 주안동,경상사고,0,0,2,0,차대차 - 측면충돌,안전운전불이행,건조,맑음,기타 - 기타,기타불명,기타불명,미분류,기타불명,승용,남,56세,경상
2017121600100591,2017년 12월 16일 21시,토요일,인천광역시 부평구 부평동,경상사고,0,0,1,0,차대사람 - 횡단중,보행자보호의무위반,건조,맑음,교차로 - 교차로횡단보도내,승용,남,45세,상해없음,보행자,남,23세,경상
2017121600100621,2017년 12월 16일 22시,토요일,인천광역시 동구 송림동,중상사고,0,1,0,0,차대사람 - 횡단중,안전운전불이행,건조,맑음,교차로 - 교차로횡단보도내,이륜,남,51세,상해없음,보행자,여,55세,중상
2017121600100622,2017년 12월 16일 22시,토요일,인천광역시 남구 주안동,경상사고,0,0,2,0,차대차 - 측면충돌,신호위반,건조,맑음,교차로 - 교차로안,승용,남,33세,상해없음,승용,남,28세,경상
2017121600100654,2017년 12월 16일 23시,토요일,인천광역시 부평구 갈산동,경상사고,0,0,2,0,차대사람 - 횡단중,보행자보호의무위반,건조,맑음,교차로 - 교차로부근,승합,남,57세,상해없음,보행자,남,54세,경상
2017121700100041,2017년 12월 17일 00시,일요일,인천광역시 중구 인현동,중상사고,0,1,0,0,차대사람 - 횡단중,안전운전불이행,건조,맑음,기타 - 기타,화물,남,52세,상해없음,보행자,여,67세,중상
2017121700100058,2017년 12월 17일 01시,일요일,인천광역시 서구 석남동,경상사고,0,0,2,0,차대차 - 추돌,안전운전불이행,건조,맑음,교차로 - 교차로부근,승용,남,47세,상해없음,승용,남,55세,경상
2017121700100092,2017년 12월 17일 03시,일요일,인천광역시 부평구 갈산동,경상사고,0,0,2,0,차대차 - 추돌,안전운전불이행,건조,맑음,교차로 - 교차로안,승용,남,34세,상해없음,승용,남,28세,경상
2017121700100125,2017년 12월 17일 06시,일요일,인천광역시 중구 경동,경상사고,0,0,1,0,차대차 - 측면충돌,안전운전불이행,건조,맑음,교차로 - 교차로부근,승용,남,59세,상해없음,승용,남,74세,경상
2017121700100145,2017년 12월 17일 08시,일요일,인천광역시 남구 학익동,중상사고,0,1,0,0,차대사람 - 기타,안전운전불이행,건조,맑음,교차로 - 교차로안,승합,남,51세,상해없음,보행자,여,75세,중상
2017121700100160,2017년 12월 17일 09시,일요일,인천광역시 서구 심곡동,중상사고,0,1,0,0,차대차 - 측면충돌,안전운전불이행,건조,맑음,단일로 - 기타,승용,남,41세,상해없음,승용,여,41세,중상
2017121700100199,2017년 12월 17일 12시,일요일,인천광역시 연수구 청학동,경상사고,0,0,1,0,차대차 - 측면충돌,안전운전불이행,건조,맑음,단일로 - 기타,승용,여,30세,상해없음,승용,남,77세,경상
2017121700100233,2017년 12월 17일 13시,일요일,인천광역시 서구 오류동,경상사고,0,0,2,0,차대차 - 측면충돌,안전운전불이행,건조,맑음,교차로 - 교차로안,승용,남,31세,상해없음,승용,남,27세,경상
2017121700100234,2017년 12월 17일 13시,일요일,인천광역시 부평구 부평동,경상사고,0,0,3,0,차대차 - 추돌,안전운전불이행,건조,맑음,단일로 - 기타,승용,남,23세,상해없음,승용,남,41세,경상
2017121700100338,2017년 12월 17일 17시,일요일,인천광역시 계양구 작전동,중상사고,0,1,0,0,차대사람 - 기타,안전운전불이행,건조,맑음,교차로 - 교차로안,승용,남,62세,상해없음,보행자,남,79세,중상
2017121700100339,2017년 12월 17일 17시,일요일,인천광역시 남동구 고잔동,경상사고,0,0,1,0,차대차 - 기타,신호위반,건조,맑음,교차로 - 교차로부근,승용,여,49세,상해없음,승용,남,61세,경상
2017121700100377,2017년 12월 17일 18시,일요일,인천광역시 남구 용현동,중상사고,0,1,6,0,차대차 - 추돌,신호위반,건조,기타,교차로 - 교차로안,승용,남,40세,기타불명,승용,남,40세,경상
2017121700100379,2017년 12월 17일 18시,일요일,인천광역시 부평구 일신동,경상사고,0,0,2,0,차대차 - 측면충돌,안전거리미확보,건조,맑음,단일로 - 기타,화물,남,32세,상해없음,승용,여,47세,경상
2017121700100413,2017년 12월 17일 19시,일요일,인천광역시 서구 연희동,중상사고,0,1,0,0,차대차 - 정면충돌,직진우회전진행방해,건조,맑음,교차로 - 교차로안,승용,여,40세,상해없음,이륜,남,18세,중상
2017121700100439,2017년 12월 17일 20시,일요일,인천광역시 부평구 산곡동,경상사고,0,0,1,0,차대사람 - 기타,신호위반,건조,맑음,교차로 - 교차로안,원동기,남,16세,상해없음,보행자,남,52세,경상
2017121700100471,2017년 12월 17일 22시,일요일,인천광역시 부평구 청천동,중상사고,0,1,0,0,차대차 - 기타,안전운전불이행,건조,맑음,단일로 - 기타,승용,남,52세,상해없음,이륜,남,42세,중상
2017121800100032,2017년 12월 18일 00시,월요일,인천광역시 부평구 산곡동,경상사고,0,0,2,0,차대차 - 정면충돌,중앙선침범,건조,맑음,단일로 - 기타,승용,남,33세,상해없음,승용,남,56세,경상
2017121800100033,2017년 12월 18일 00시,월요일,인천광역시 연수구 옥련동,경상사고,0,0,2,0,차대차 - 측면충돌,안전운전불이행,젖음/습기,흐림,단일로 - 기타,승용,남,31세,상해없음,화물,남,32세,상해없음
2017121800100034,2017년 12월 18일 00시,월요일,인천광역시 남동구 서창동,경상사고,0,0,1,0,차대차 - 기타,안전운전불이행,건조,맑음,단일로 - 기타,승용,남,38세,상해없음,승용,여,50세,경상
2017121800100048,2017년 12월 18일 02시,월요일,인천광역시 남동구 간석동,부상신고사고,0,0,0,1,차대사람 - 기타,안전운전불이행,서리/결빙,눈,기타 - 기타,기타불명,기타불명,미분류,기타불명,보행자,여,80세,부상신고
2017121800100058,2017년 12월 18일 04시,월요일,인천광역시 남구 주안동,중상사고,0,1,0,0,차대사람 - 횡단중,보행자보호의무위반,적설,눈,교차로 - 교차로횡단보도내,화물,남,55세,상해없음,보행자,여,68세,중상
2017121800100083,2017년 12월 18일 06시,월요일,인천광역시 남구 용현동,경상사고,0,0,1,0,차대차 - 측면충돌,안전운전불이행,건조,맑음,교차로 - 교차로부근,승용,남,56세,상해없음,승용,남,28세,경상
2017121800100155,2017년 12월 18일 08시,월요일,인천광역시 서구 경서동,경상사고,0,0,2,0,차대차 - 측면충돌,안전운전불이행,적설,눈,교차로 - 교차로안,승용,남,53세,상해없음,승용,남,36세,경상
2017121800100193,2017년 12월 18일 09시,월요일,인천광역시 중구 운남동,경상사고,0,0,2,0,차대차 - 측면충돌,안전운전불이행,적설,눈,단일로 - 기타,승합,남,69세,상해없음,화물,남,58세,경상
2017121800100194,2017년 12월 18일 09시,월요일,인천광역시 연수구 옥련동,경상사고,0,0,1,0,차대차 - 기타,기타,적설,맑음,단일로 - 기타,승합,남,61세,상해없음,승용,남,63세,상해없음
2017121800100226,2017년 12월 18일 10시,월요일,인천광역시 남동구 만수동,경상사고,0,0,1,0,차대차 - 추돌,안전운전불이행,서리/결빙,눈,단일로 - 기타,승용,여,41세,상해없음,승용,남,37세,경상
2017121800100248,2017년 12월 18일 11시,월요일,인천광역시 중구 운서동,경상사고,0,0,1,0,차대차 - 측면충돌,안전운전불이행,적설,눈,단일로 - 기타,승용,남,53세,상해없음,승용,남,37세,경상
2017121800100249,2017년 12월 18일 11시,월요일,인천광역시 강화군 불은면,경상사고,0,0,1,0,차대차 - 측면충돌,안전운전불이행,적설,눈,단일로 - 기타,화물,남,44세,상해없음,승합,남,56세,경상
2017121800100305,2017년 12월 18일 13시,월요일,인천광역시 부평구 부평동,부상신고사고,0,0,0,1,차대차 - 측면충돌,교차로운행방법위반,적설,흐림,교차로 - 교차로안,승용,남,72세,상해없음,승용,남,35세,부상신고
2017121800100359,2017년 12월 18일 15시,월요일,인천광역시 서구 연희동,부상신고사고,0,0,0,1,차대차 - 추돌,안전운전불이행,건조,맑음,단일로 - 기타,승용,남,56세,상해없음,승용,남,60세,부상신고
2017121800100360,2017년 12월 18일 15시,월요일,인천광역시 남동구 논현동,중상사고,0,1,0,0,차대차 - 측면충돌,중앙선침범,건조,맑음,단일로 - 기타,화물,남,42세,상해없음,승용,남,55세,중상
2017121800100385,2017년 12월 18일 16시,월요일,인천광역시 연수구 옥련동,중상사고,0,1,0,0,차대차 - 기타,중앙선침범,건조,맑음,교차로 - 교차로부근,이륜,남,49세,상해없음,이륜,남,50세,중상
2017121800100421,2017년 12월 18일 17시,월요일,인천광역시 남동구 구월동,중상사고,0,1,0,0,차대차 - 기타,안전운전불이행,건조,맑음,교차로 - 교차로안,승용,남,59세,상해없음,승용,남,44세,중상
2017121800100470,2017년 12월 18일 18시,월요일,인천광역시 연수구 선학동,경상사고,0,0,1,0,차대차 - 측면충돌,신호위반,건조,맑음,교차로 - 교차로횡단보도내,원동기,남,36세,상해없음,승용,남,34세,상해없음
2017121800100505,2017년 12월 18일 19시,월요일,인천광역시 부평구 부평동,중상사고,0,5,3,0,차대차 - 추돌,안전운전불이행,젖음/습기,기타,단일로 - 기타,승합,남,54세,상해없음,승합,남,59세,상해없음
2017121800100535,2017년 12월 18일 20시,월요일,인천광역시 부평구 부평동,경상사고,0,0,1,0,차대사람 - 기타,안전운전불이행,젖음/습기,맑음,기타 - 기타,승용,남,35세,상해없음,보행자,남,62세,경상
2017121800100556,2017년 12월 18일 21시,월요일,인천광역시 부평구 삼산동,중상사고,0,1,0,0,차대차 - 추돌,안전운전불이행,서리/결빙,눈,교차로 - 교차로부근,승용,남,26세,상해없음,승용,남,49세,중상
2017121800100579,2017년 12월 18일 22시,월요일,인천광역시 부평구 십정동,경상사고,0,0,1,0,차대사람 - 횡단중,안전운전불이행,건조,맑음,교차로 - 교차로횡단보도내,기타불명,기타불명,미분류,기타불명,보행자,여,23세,경상
2017121800100580,2017년 12월 18일 22시,월요일,인천광역시 서구 석남동,경상사고,0,0,1,0,차대차 - 측면충돌,안전운전불이행,건조,맑음,교차로 - 교차로부근,승용,남,57세,상해없음,이륜,남,22세,경상
2017121800100581,2017년 12월 18일 22시,월요일,인천광역시 강화군 하점면,경상사고,0,0,3,0,차대차 - 기타,중앙선침범,건조,맑음,단일로 - 기타,승용,남,46세,상해없음,승용,남,25세,경상
2017121800100582,2017년 12월 18일 22시,월요일,인천광역시 남동구 논현동,중상사고,0,1,0,0,차대차 - 측면충돌,신호위반,건조,맑음,단일로 - 기타,원동기,남,28세,상해없음,자전거,여,45세,중상
2017121900100039,2017년 12월 19일 00시,화요일,인천광역시 남동구 논현동,부상신고사고,0,0,0,1,차대사람 - 기타,안전운전불이행,건조,맑음,단일로 - 기타,기타불명,기타불명,미분류,기타불명,보행자,여,24세,부상신고
2017121900100086,2017년 12월 19일 06시,화요일,인천광역시 서구 원창동,경상사고,0,0,1,0,차대차 - 측면충돌,안전운전불이행,건조,맑음,교차로 - 교차로부근,건설기계,남,57세,상해없음,승용,남,63세,경상
2017121900100087,2017년 12월 19일 06시,화요일,인천광역시 계양구 계산동,중상사고,0,1,0,0,차대사람 - 횡단중,안전운전불이행,건조,맑음,단일로 - 기타,승합,남,62세,상해없음,보행자,남,60세,중상
2017121900100149,2017년 12월 19일 09시,화요일,인천광역시 연수구 송도동,경상사고,0,0,1,0,차대차 - 기타,안전운전불이행,건조,맑음,단일로 - 기타,승용,남,53세,상해없음,승용,여,37세,경상
2017121900100200,2017년 12월 19일 11시,화요일,인천광역시 남구 숭의동,사망사고,1,0,0,0,차대사람 - 횡단중,안전운전불이행,건조,맑음,단일로 - 기타,화물,남,68세,상해없음,보행자,여,86세,사망
2017121900100201,2017년 12월 19일 11시,화요일,인천광역시 남구 주안동,경상사고,0,0,1,0,차대차 - 추돌,안전운전불이행,건조,맑음,단일로 - 기타,특수,남,31세,상해없음,승용,여,25세,경상
2017121900100228,2017년 12월 19일 12시,화요일,인천광역시 서구 경서동,중상사고,0,4,3,0,차대차 - 측면충돌,신호위반,건조,맑음,교차로 - 교차로안,승합,남,31세,상해없음,화물,남,24세,중상
2017121900100253,2017년 12월 19일 13시,화요일,인천광역시 계양구 효성동,중상사고,0,1,0,0,차대사람 - 차도통행중,안전운전불이행,건조,맑음,단일로 - 기타,승용,남,59세,상해없음,보행자,여,75세,중상
2017121900100406,2017년 12월 19일 17시,화요일,인천광역시 계양구 작전동,경상사고,0,0,1,0,차대사람 - 기타,안전운전불이행,건조,맑음,단일로 - 기타,승합,남,56세,기타불명,보행자,여,59세,경상
2017121900100407,2017년 12월 19일 17시,화요일,인천광역시 부평구 일신동,경상사고,0,0,2,0,차대차 - 추돌,안전거리미확보,건조,맑음,단일로 - 교량,승용,남,25세,상해없음,승용,여,52세,경상
2017121900100408,2017년 12월 19일 17시,화요일,인천광역시 중구 운북동,경상사고,0,0,1,0,차대차 - 측면충돌,차로위반,건조,맑음,단일로 - 기타,화물,남,32세,상해없음,승용,남,32세,경상
2017121900100449,2017년 12월 19일 18시,화요일,인천광역시 동구 송현동,중상사고,0,1,0,0,차대사람 - 차도통행중,안전운전불이행,건조,맑음,단일로 - 기타,승용,여,39세,상해없음,보행자,여,70세,중상
2017121900100450,2017년 12월 19일 18시,화요일,인천광역시 서구 가좌동,경상사고,0,0,2,0,차대차 - 측면충돌,신호위반,서리/결빙,맑음,교차로 - 교차로부근,승용,여,34세,기타불명,승용,남,27세,경상
2017121900100451,2017년 12월 19일 18시,화요일,인천광역시 계양구 작전동,경상사고,0,0,1,0,차대차 - 측면충돌,안전운전불이행,건조,맑음,교차로 - 교차로안,화물,남,33세,상해없음,승용,남,32세,경상
2017121900100452,2017년 12월 19일 18시,화요일,인천광역시 연수구 동춘동,중상사고,0,1,0,0,차대차 - 측면충돌,신호위반,건조,맑음,교차로 - 교차로부근,승용,남,65세,상해없음,승용,남,40세,중상
2017121900100491,2017년 12월 19일 19시,화요일,인천광역시 부평구 부평동,경상사고,0,0,3,0,차대차 - 추돌,안전운전불이행,건조,맑음,단일로 - 기타,승용,여,38세,상해없음,승용,여,46세,경상
2017121900100492,2017년 12월 19일 19시,화요일,인천광역시 서구 원창동,경상사고,0,0,1,0,차대사람 - 차도통행중,안전운전불이행,적설,눈,단일로 - 기타,이륜,남,29세,상해없음,보행자,여,88세,경상
2017121900100493,2017년 12월 19일 19시,화요일,인천광역시 연수구 선학동,중상사고,0,1,0,0,차대차 - 기타,안전운전불이행,건조,맑음,교차로 - 교차로안,승용,여,35세,기타불명,이륜,남,35세,중상
2017121900100576,2017년 12월 19일 22시,화요일,인천광역시 서구 가좌동,경상사고,0,0,1,0,차대차 - 측면충돌,안전운전불이행,건조,맑음,단일로 - 기타,승용,남,65세,상해없음,승용,남,38세,경상